2025-05-31 16:39:26,740 [Worker-6: Loading available Gradle versions] INFO  o.e.b.c.i.u.g.PublishedGradleVersions - Gradle version information cache is not available. Remote download required.
2025-05-31 16:40:13,437 [Worker-8: Loading available Gradle versions] INFO  o.e.b.c.i.u.g.PublishedGradleVersions - Gradle version information cache is up-to-date. Trying to read.
2025-05-31 16:40:33,599 [Worker-7: Update Maven projects configuration] INFO  o.e.m.c.i.p.ProjectConfigurationManager - Update started
2025-05-31 16:40:40,773 [Worker-7: Update Maven projects configuration] INFO  o.e.m.c.i.l.LifecycleMappingFactory - Using org.eclipse.m2e.jdt.JarLifecycleMapping lifecycle mapping for MavenProject: com.cca.marketplace:marketplace:0.0.1-SNAPSHOT @ D:\Pranav All study Material\marktetplace\marketplace\pom.xml.
2025-05-31 16:40:46,555 [Worker-12: Building] INFO  o.a.m.s.f.DefaultMavenResourcesFiltering - Copying 1 resource from src\main\resources to target\classes
2025-05-31 16:40:46,574 [Worker-12: Building] INFO  o.a.m.s.f.DefaultMavenResourcesFiltering - Copying 0 resource from src\main\resources to target\classes
2025-05-31 16:40:46,580 [Worker-12: Building] INFO  o.a.m.s.f.DefaultMavenResourcesFiltering - skip non existing resourceDirectory D:\Pranav All study Material\marktetplace\marketplace\src\test\resources
2025-05-31 16:40:47,107 [Worker-0: Download sources and javadoc] INFO  o.e.m.c.i.e.AbstractTransferListenerAdapter - Downloading https://repo.maven.apache.org/maven2/org/springframework/boot/spring-boot-test/3.4.6/spring-boot-test-3.4.6-javadoc.jar
2025-05-31 16:40:47,149 [Worker-7: Update Maven projects configuration] INFO  o.e.m.j.i.AbstractJavaProjectConfigurator - Adding source folder /marketplace/src/main/java
2025-05-31 16:40:47,155 [Worker-7: Update Maven projects configuration] INFO  o.e.m.j.i.AbstractJavaProjectConfigurator - Adding resource folder /marketplace/src/main/resources
2025-05-31 16:40:47,172 [Worker-7: Update Maven projects configuration] INFO  o.e.m.j.i.AbstractJavaProjectConfigurator - Adding resource folder /marketplace/src/main/resources
2025-05-31 16:40:47,190 [Worker-7: Update Maven projects configuration] INFO  o.e.m.j.i.AbstractJavaProjectConfigurator - Adding source folder /marketplace/src/test/java
2025-05-31 16:40:47,192 [Worker-7: Update Maven projects configuration] INFO  o.e.m.j.i.AbstractJavaProjectConfigurator - Adding resource folder /marketplace/src/test/resources
2025-05-31 16:40:48,753 [Worker-0: Download sources and javadoc] INFO  o.e.m.c.i.e.AbstractTransferListenerAdapter - Downloaded https://repo.maven.apache.org/maven2/org/springframework/boot/spring-boot-test/3.4.6/spring-boot-test-3.4.6-javadoc.jar
2025-05-31 16:40:48,766 [Worker-0: Download sources and javadoc] INFO  o.e.m.j.internal.DownloadSourcesJob - Downloaded javadoc for org.springframework.boot:spring-boot-test:3.4.6
2025-05-31 16:40:54,211 [Worker-7: Update Maven projects configuration] INFO  o.e.m.c.i.p.ProjectConfigurationManager - Update completed for 1 poms: local refresh takes 0.00 sec, refresh facades takes 12.00 sec, update config takes 8.00 sec 
2025-05-31 16:40:54,382 [Worker-5: Building] INFO  o.a.m.s.f.DefaultMavenResourcesFiltering - Copying 1 resource from src\main\resources to target\classes
2025-05-31 16:40:54,386 [Worker-5: Building] INFO  o.a.m.s.f.DefaultMavenResourcesFiltering - Copying 0 resource from src\main\resources to target\classes
2025-05-31 16:40:54,392 [Worker-5: Building] INFO  o.a.m.s.f.DefaultMavenResourcesFiltering - skip non existing resourceDirectory D:\Pranav All study Material\marktetplace\marketplace\src\test\resources
2025-05-31 16:57:00,096 [Worker-35: Building] INFO  o.a.m.s.f.DefaultMavenResourcesFiltering - Copying 1 resource from src\main\resources to target\classes
2025-05-31 16:57:00,123 [Worker-35: Building] INFO  o.a.m.s.f.DefaultMavenResourcesFiltering - Copying 0 resource from src\main\resources to target\classes
2025-05-31 16:57:00,134 [Worker-35: Building] INFO  o.a.m.s.f.DefaultMavenResourcesFiltering - skip non existing resourceDirectory D:\Pranav All study Material\marktetplace\marketplace\src\test\resources
2025-05-31 16:57:23,247 [Worker-34: Building] INFO  o.a.m.s.f.DefaultMavenResourcesFiltering - Copying 1 resource from src\main\resources to target\classes
2025-05-31 16:57:23,255 [Worker-34: Building] INFO  o.a.m.s.f.DefaultMavenResourcesFiltering - Copying 0 resource from src\main\resources to target\classes
2025-05-31 16:57:23,264 [Worker-34: Building] INFO  o.a.m.s.f.DefaultMavenResourcesFiltering - skip non existing resourceDirectory D:\Pranav All study Material\marktetplace\marketplace\src\test\resources
2025-05-31 16:58:05,786 [Worker-36: Building] INFO  o.a.m.s.f.DefaultMavenResourcesFiltering - Copying 1 resource from src\main\resources to target\classes
2025-05-31 16:58:05,795 [Worker-36: Building] INFO  o.a.m.s.f.DefaultMavenResourcesFiltering - Copying 0 resource from src\main\resources to target\classes
2025-05-31 16:58:05,802 [Worker-36: Building] INFO  o.a.m.s.f.DefaultMavenResourcesFiltering - skip non existing resourceDirectory D:\Pranav All study Material\marktetplace\marketplace\src\test\resources
2025-05-31 16:58:59,946 [Worker-36: Building] INFO  o.a.m.s.f.DefaultMavenResourcesFiltering - Copying 1 resource from src\main\resources to target\classes
2025-05-31 16:58:59,980 [Worker-36: Building] INFO  o.a.m.s.f.DefaultMavenResourcesFiltering - Copying 0 resource from src\main\resources to target\classes
2025-05-31 16:58:59,996 [Worker-36: Building] INFO  o.a.m.s.f.DefaultMavenResourcesFiltering - skip non existing resourceDirectory D:\Pranav All study Material\marktetplace\marketplace\src\test\resources
2025-05-31 16:59:20,288 [Worker-35: Building] INFO  o.a.m.s.f.DefaultMavenResourcesFiltering - Copying 1 resource from src\main\resources to target\classes
2025-05-31 16:59:20,296 [Worker-35: Building] INFO  o.a.m.s.f.DefaultMavenResourcesFiltering - Copying 0 resource from src\main\resources to target\classes
2025-05-31 16:59:20,303 [Worker-35: Building] INFO  o.a.m.s.f.DefaultMavenResourcesFiltering - skip non existing resourceDirectory D:\Pranav All study Material\marktetplace\marketplace\src\test\resources
2025-05-31 17:24:39,273 [Worker-39: Building] INFO  o.a.m.s.f.DefaultMavenResourcesFiltering - Copying 1 resource from src\main\resources to target\classes
2025-05-31 17:24:39,363 [Worker-39: Building] INFO  o.a.m.s.f.DefaultMavenResourcesFiltering - Copying 0 resource from src\main\resources to target\classes
2025-05-31 17:24:39,368 [Worker-39: Building] INFO  o.a.m.s.f.DefaultMavenResourcesFiltering - skip non existing resourceDirectory D:\Pranav All study Material\marktetplace\marketplace\src\test\resources
2025-05-31 17:24:51,361 [Worker-36: Building] INFO  o.a.m.s.f.DefaultMavenResourcesFiltering - Copying 1 resource from src\main\resources to target\classes
2025-05-31 17:24:51,368 [Worker-36: Building] INFO  o.a.m.s.f.DefaultMavenResourcesFiltering - Copying 0 resource from src\main\resources to target\classes
2025-05-31 17:24:51,375 [Worker-36: Building] INFO  o.a.m.s.f.DefaultMavenResourcesFiltering - skip non existing resourceDirectory D:\Pranav All study Material\marktetplace\marketplace\src\test\resources
2025-05-31 17:27:35,545 [Worker-39: Building] INFO  o.e.m.c.i.l.LifecycleMappingFactory - Using org.eclipse.m2e.jdt.JarLifecycleMapping lifecycle mapping for MavenProject: com.cca.marketplace:marketplace:0.0.1-SNAPSHOT @ D:\Pranav All study Material\marktetplace\marketplace\pom.xml.
2025-05-31 17:27:36,037 [Worker-39: Building] INFO  o.e.m.c.i.e.AbstractTransferListenerAdapter - Downloading https://repo.maven.apache.org/maven2/org/springframework/boot/spring-boot-starter-data-jpa/3.4.6/spring-boot-starter-data-jpa-3.4.6.pom
2025-05-31 17:27:36,078 [Worker-39: Building] INFO  o.e.m.c.i.e.AbstractTransferListenerAdapter - Downloaded https://repo.maven.apache.org/maven2/org/springframework/boot/spring-boot-starter-data-jpa/3.4.6/spring-boot-starter-data-jpa-3.4.6.pom
2025-05-31 17:27:36,126 [Worker-39: Building] INFO  o.e.m.c.i.e.AbstractTransferListenerAdapter - Downloading https://repo.maven.apache.org/maven2/org/springframework/boot/spring-boot-starter-jdbc/3.4.6/spring-boot-starter-jdbc-3.4.6.pom
2025-05-31 17:27:36,155 [Worker-39: Building] INFO  o.e.m.c.i.e.AbstractTransferListenerAdapter - Downloaded https://repo.maven.apache.org/maven2/org/springframework/boot/spring-boot-starter-jdbc/3.4.6/spring-boot-starter-jdbc-3.4.6.pom
2025-05-31 17:27:36,222 [Worker-39: Building] INFO  o.e.m.c.i.e.AbstractTransferListenerAdapter - Downloading https://repo.maven.apache.org/maven2/org/springframework/spring-jdbc/6.2.7/spring-jdbc-6.2.7.pom
2025-05-31 17:27:36,250 [Worker-39: Building] INFO  o.e.m.c.i.e.AbstractTransferListenerAdapter - Downloaded https://repo.maven.apache.org/maven2/org/springframework/spring-jdbc/6.2.7/spring-jdbc-6.2.7.pom
2025-05-31 17:27:36,308 [Worker-39: Building] INFO  o.e.m.c.i.e.AbstractTransferListenerAdapter - Downloading https://repo.maven.apache.org/maven2/org/springframework/spring-tx/6.2.7/spring-tx-6.2.7.pom
2025-05-31 17:27:36,344 [Worker-39: Building] INFO  o.e.m.c.i.e.AbstractTransferListenerAdapter - Downloaded https://repo.maven.apache.org/maven2/org/springframework/spring-tx/6.2.7/spring-tx-6.2.7.pom
2025-05-31 17:27:36,399 [Worker-39: Building] INFO  o.e.m.c.i.e.AbstractTransferListenerAdapter - Downloading https://repo.maven.apache.org/maven2/org/hibernate/orm/hibernate-core/6.6.15.Final/hibernate-core-6.6.15.Final.pom
2025-05-31 17:27:36,435 [Worker-39: Building] INFO  o.e.m.c.i.e.AbstractTransferListenerAdapter - Downloaded https://repo.maven.apache.org/maven2/org/hibernate/orm/hibernate-core/6.6.15.Final/hibernate-core-6.6.15.Final.pom
2025-05-31 17:27:36,918 [Worker-39: Building] INFO  o.e.m.c.i.e.AbstractTransferListenerAdapter - Downloading https://repo.maven.apache.org/maven2/org/springframework/data/spring-data-jpa/3.4.6/spring-data-jpa-3.4.6.pom
2025-05-31 17:27:36,961 [Worker-39: Building] INFO  o.e.m.c.i.e.AbstractTransferListenerAdapter - Downloaded https://repo.maven.apache.org/maven2/org/springframework/data/spring-data-jpa/3.4.6/spring-data-jpa-3.4.6.pom
2025-05-31 17:27:37,028 [Worker-39: Building] INFO  o.e.m.c.i.e.AbstractTransferListenerAdapter - Downloading https://repo.maven.apache.org/maven2/org/springframework/data/spring-data-jpa-parent/3.4.6/spring-data-jpa-parent-3.4.6.pom
2025-05-31 17:27:37,061 [Worker-39: Building] INFO  o.e.m.c.i.e.AbstractTransferListenerAdapter - Downloaded https://repo.maven.apache.org/maven2/org/springframework/data/spring-data-jpa-parent/3.4.6/spring-data-jpa-parent-3.4.6.pom
2025-05-31 17:27:37,117 [Worker-39: Building] INFO  o.e.m.c.i.e.AbstractTransferListenerAdapter - Downloading https://repo.maven.apache.org/maven2/org/springframework/data/build/spring-data-parent/3.4.6/spring-data-parent-3.4.6.pom
2025-05-31 17:27:37,279 [Worker-39: Building] INFO  o.e.m.c.i.e.AbstractTransferListenerAdapter - Downloaded https://repo.maven.apache.org/maven2/org/springframework/data/build/spring-data-parent/3.4.6/spring-data-parent-3.4.6.pom
2025-05-31 17:27:37,339 [Worker-39: Building] INFO  o.e.m.c.i.e.AbstractTransferListenerAdapter - Downloading https://repo.maven.apache.org/maven2/org/springframework/data/build/spring-data-build/3.4.6/spring-data-build-3.4.6.pom
2025-05-31 17:27:37,376 [Worker-39: Building] INFO  o.e.m.c.i.e.AbstractTransferListenerAdapter - Downloaded https://repo.maven.apache.org/maven2/org/springframework/data/build/spring-data-build/3.4.6/spring-data-build-3.4.6.pom
2025-05-31 17:27:37,449 [Worker-39: Building] INFO  o.e.m.c.i.e.AbstractTransferListenerAdapter - Downloading https://repo.maven.apache.org/maven2/org/springframework/data/spring-data-commons/3.4.6/spring-data-commons-3.4.6.pom
2025-05-31 17:27:37,478 [Worker-39: Building] INFO  o.e.m.c.i.e.AbstractTransferListenerAdapter - Downloaded https://repo.maven.apache.org/maven2/org/springframework/data/spring-data-commons/3.4.6/spring-data-commons-3.4.6.pom
2025-05-31 17:27:37,537 [Worker-39: Building] INFO  o.e.m.c.i.e.AbstractTransferListenerAdapter - Downloading https://repo.maven.apache.org/maven2/org/springframework/spring-orm/6.2.7/spring-orm-6.2.7.pom
2025-05-31 17:27:37,574 [Worker-39: Building] INFO  o.e.m.c.i.e.AbstractTransferListenerAdapter - Downloaded https://repo.maven.apache.org/maven2/org/springframework/spring-orm/6.2.7/spring-orm-6.2.7.pom
2025-05-31 17:27:37,631 [Worker-39: Building] INFO  o.e.m.c.i.e.AbstractTransferListenerAdapter - Downloading https://repo.maven.apache.org/maven2/org/springframework/spring-aspects/6.2.7/spring-aspects-6.2.7.pom
2025-05-31 17:27:37,661 [Worker-39: Building] INFO  o.e.m.c.i.e.AbstractTransferListenerAdapter - Downloaded https://repo.maven.apache.org/maven2/org/springframework/spring-aspects/6.2.7/spring-aspects-6.2.7.pom
2025-05-31 17:27:37,836 [Worker-39: Building] INFO  o.e.m.c.i.e.AbstractTransferListenerAdapter - Downloading https://repo.maven.apache.org/maven2/org/springframework/boot/spring-boot-starter-data-jpa/3.4.6/spring-boot-starter-data-jpa-3.4.6.jar
2025-05-31 17:27:38,162 [Worker-39: Building] INFO  o.e.m.c.i.e.AbstractTransferListenerAdapter - Downloaded https://repo.maven.apache.org/maven2/org/springframework/boot/spring-boot-starter-data-jpa/3.4.6/spring-boot-starter-data-jpa-3.4.6.jar
2025-05-31 17:27:38,215 [BasicRepositoryConnector-repo.maven.apache.org-0-0] INFO  o.e.m.c.i.e.AbstractTransferListenerAdapter - Downloading https://repo.maven.apache.org/maven2/org/springframework/boot/spring-boot-starter-jdbc/3.4.6/spring-boot-starter-jdbc-3.4.6.jar
2025-05-31 17:27:38,267 [BasicRepositoryConnector-repo.maven.apache.org-0-0] INFO  o.e.m.c.i.e.AbstractTransferListenerAdapter - Downloaded https://repo.maven.apache.org/maven2/org/springframework/boot/spring-boot-starter-jdbc/3.4.6/spring-boot-starter-jdbc-3.4.6.jar
2025-05-31 17:27:38,283 [BasicRepositoryConnector-repo.maven.apache.org-0-1] INFO  o.e.m.c.i.e.AbstractTransferListenerAdapter - Downloading https://repo.maven.apache.org/maven2/org/springframework/spring-jdbc/6.2.7/spring-jdbc-6.2.7.jar
2025-05-31 17:27:38,299 [BasicRepositoryConnector-repo.maven.apache.org-0-4] INFO  o.e.m.c.i.e.AbstractTransferListenerAdapter - Downloading https://repo.maven.apache.org/maven2/org/springframework/data/spring-data-commons/3.4.6/spring-data-commons-3.4.6.jar
2025-05-31 17:27:38,299 [BasicRepositoryConnector-repo.maven.apache.org-0-3] INFO  o.e.m.c.i.e.AbstractTransferListenerAdapter - Downloading https://repo.maven.apache.org/maven2/org/springframework/data/spring-data-jpa/3.4.6/spring-data-jpa-3.4.6.jar
2025-05-31 17:27:38,304 [BasicRepositoryConnector-repo.maven.apache.org-0-2] INFO  o.e.m.c.i.e.AbstractTransferListenerAdapter - Downloading https://repo.maven.apache.org/maven2/org/hibernate/orm/hibernate-core/6.6.15.Final/hibernate-core-6.6.15.Final.jar
2025-05-31 17:27:38,311 [BasicRepositoryConnector-repo.maven.apache.org-0-0] INFO  o.e.m.c.i.e.AbstractTransferListenerAdapter - Downloading https://repo.maven.apache.org/maven2/org/springframework/spring-orm/6.2.7/spring-orm-6.2.7.jar
2025-05-31 17:27:39,447 [BasicRepositoryConnector-repo.maven.apache.org-0-1] INFO  o.e.m.c.i.e.AbstractTransferListenerAdapter - Downloaded https://repo.maven.apache.org/maven2/org/springframework/spring-jdbc/6.2.7/spring-jdbc-6.2.7.jar
2025-05-31 17:27:39,489 [BasicRepositoryConnector-repo.maven.apache.org-0-1] INFO  o.e.m.c.i.e.AbstractTransferListenerAdapter - Downloading https://repo.maven.apache.org/maven2/org/springframework/spring-tx/6.2.7/spring-tx-6.2.7.jar
2025-05-31 17:27:39,664 [BasicRepositoryConnector-repo.maven.apache.org-0-0] INFO  o.e.m.c.i.e.AbstractTransferListenerAdapter - Downloaded https://repo.maven.apache.org/maven2/org/springframework/spring-orm/6.2.7/spring-orm-6.2.7.jar
2025-05-31 17:27:39,707 [BasicRepositoryConnector-repo.maven.apache.org-0-0] INFO  o.e.m.c.i.e.AbstractTransferListenerAdapter - Downloading https://repo.maven.apache.org/maven2/org/springframework/spring-aspects/6.2.7/spring-aspects-6.2.7.jar
2025-05-31 17:27:40,747 [BasicRepositoryConnector-repo.maven.apache.org-0-0] INFO  o.e.m.c.i.e.AbstractTransferListenerAdapter - Downloaded https://repo.maven.apache.org/maven2/org/springframework/spring-aspects/6.2.7/spring-aspects-6.2.7.jar
2025-05-31 17:27:42,237 [BasicRepositoryConnector-repo.maven.apache.org-0-1] INFO  o.e.m.c.i.e.AbstractTransferListenerAdapter - Downloaded https://repo.maven.apache.org/maven2/org/springframework/spring-tx/6.2.7/spring-tx-6.2.7.jar
2025-05-31 17:27:43,543 [BasicRepositoryConnector-repo.maven.apache.org-0-4] INFO  o.e.m.c.i.e.AbstractTransferListenerAdapter - Downloaded https://repo.maven.apache.org/maven2/org/springframework/data/spring-data-commons/3.4.6/spring-data-commons-3.4.6.jar
2025-05-31 17:27:43,853 [BasicRepositoryConnector-repo.maven.apache.org-0-3] INFO  o.e.m.c.i.e.AbstractTransferListenerAdapter - Downloaded https://repo.maven.apache.org/maven2/org/springframework/data/spring-data-jpa/3.4.6/spring-data-jpa-3.4.6.jar
2025-05-31 17:27:49,145 [BasicRepositoryConnector-repo.maven.apache.org-0-2] INFO  o.e.m.c.i.e.AbstractTransferListenerAdapter - Downloaded https://repo.maven.apache.org/maven2/org/hibernate/orm/hibernate-core/6.6.15.Final/hibernate-core-6.6.15.Final.jar
2025-05-31 17:27:50,844 [Worker-39: Building] INFO  o.a.m.s.f.DefaultMavenResourcesFiltering - Copying 0 resource from src\main\resources to target\classes
2025-05-31 17:27:50,845 [Worker-39: Building] INFO  o.a.m.s.f.DefaultMavenResourcesFiltering - Copying 0 resource from src\main\resources to target\classes
2025-05-31 17:27:50,852 [Worker-39: Building] INFO  o.a.m.s.f.DefaultMavenResourcesFiltering - skip non existing resourceDirectory D:\Pranav All study Material\marktetplace\marketplace\src\test\resources
2025-05-31 17:27:51,456 [Worker-43: Download sources and javadoc] INFO  o.e.m.c.i.e.AbstractTransferListenerAdapter - Downloading https://repo.maven.apache.org/maven2/org/springframework/boot/spring-boot-starter-data-jpa/3.4.6/spring-boot-starter-data-jpa-3.4.6-sources.jar
2025-05-31 17:27:51,529 [Worker-43: Download sources and javadoc] INFO  o.e.m.c.i.e.AbstractTransferListenerAdapter - Downloaded https://repo.maven.apache.org/maven2/org/springframework/boot/spring-boot-starter-data-jpa/3.4.6/spring-boot-starter-data-jpa-3.4.6-sources.jar
2025-05-31 17:27:51,539 [Worker-43: Download sources and javadoc] INFO  o.e.m.j.internal.DownloadSourcesJob - Downloaded sources for org.springframework.boot:spring-boot-starter-data-jpa:3.4.6
2025-05-31 17:27:51,679 [Worker-43: Download sources and javadoc] INFO  o.e.m.c.i.e.AbstractTransferListenerAdapter - Downloading https://repo.maven.apache.org/maven2/org/springframework/boot/spring-boot-starter-jdbc/3.4.6/spring-boot-starter-jdbc-3.4.6-sources.jar
2025-05-31 17:27:51,745 [Worker-43: Download sources and javadoc] INFO  o.e.m.c.i.e.AbstractTransferListenerAdapter - Downloaded https://repo.maven.apache.org/maven2/org/springframework/boot/spring-boot-starter-jdbc/3.4.6/spring-boot-starter-jdbc-3.4.6-sources.jar
2025-05-31 17:27:51,753 [Worker-43: Download sources and javadoc] INFO  o.e.m.j.internal.DownloadSourcesJob - Downloaded sources for org.springframework.boot:spring-boot-starter-jdbc:3.4.6
2025-05-31 17:27:51,908 [Worker-43: Download sources and javadoc] INFO  o.e.m.c.i.e.AbstractTransferListenerAdapter - Downloading https://repo.maven.apache.org/maven2/org/springframework/spring-jdbc/6.2.7/spring-jdbc-6.2.7-sources.jar
2025-05-31 17:27:52,063 [Worker-37: Building] INFO  o.a.m.s.f.DefaultMavenResourcesFiltering - Copying 1 resource from src\main\resources to target\classes
2025-05-31 17:27:52,084 [Worker-37: Building] INFO  o.a.m.s.f.DefaultMavenResourcesFiltering - Copying 0 resource from src\main\resources to target\classes
2025-05-31 17:27:52,090 [Worker-37: Building] INFO  o.a.m.s.f.DefaultMavenResourcesFiltering - skip non existing resourceDirectory D:\Pranav All study Material\marktetplace\marketplace\src\test\resources
2025-05-31 17:27:52,444 [Worker-43: Download sources and javadoc] INFO  o.e.m.c.i.e.AbstractTransferListenerAdapter - Downloaded https://repo.maven.apache.org/maven2/org/springframework/spring-jdbc/6.2.7/spring-jdbc-6.2.7-sources.jar
2025-05-31 17:27:52,452 [Worker-43: Download sources and javadoc] INFO  o.e.m.j.internal.DownloadSourcesJob - Downloaded sources for org.springframework:spring-jdbc:6.2.7
2025-05-31 17:27:52,614 [Worker-43: Download sources and javadoc] INFO  o.e.m.c.i.e.AbstractTransferListenerAdapter - Downloading https://repo.maven.apache.org/maven2/org/hibernate/orm/hibernate-core/6.6.15.Final/hibernate-core-6.6.15.Final-sources.jar
2025-05-31 17:27:53,747 [Worker-43: Download sources and javadoc] INFO  o.e.m.c.i.e.AbstractTransferListenerAdapter - Downloaded https://repo.maven.apache.org/maven2/org/hibernate/orm/hibernate-core/6.6.15.Final/hibernate-core-6.6.15.Final-sources.jar
2025-05-31 17:27:53,757 [Worker-43: Download sources and javadoc] INFO  o.e.m.j.internal.DownloadSourcesJob - Downloaded sources for org.hibernate.orm:hibernate-core:6.6.15.Final
2025-05-31 17:27:53,895 [Worker-43: Download sources and javadoc] INFO  o.e.m.c.i.e.AbstractTransferListenerAdapter - Downloading https://repo.maven.apache.org/maven2/org/springframework/data/spring-data-jpa/3.4.6/spring-data-jpa-3.4.6-sources.jar
2025-05-31 17:27:54,173 [Worker-43: Download sources and javadoc] INFO  o.e.m.c.i.e.AbstractTransferListenerAdapter - Downloaded https://repo.maven.apache.org/maven2/org/springframework/data/spring-data-jpa/3.4.6/spring-data-jpa-3.4.6-sources.jar
2025-05-31 17:27:54,180 [Worker-43: Download sources and javadoc] INFO  o.e.m.j.internal.DownloadSourcesJob - Downloaded sources for org.springframework.data:spring-data-jpa:3.4.6
2025-05-31 17:27:54,319 [Worker-43: Download sources and javadoc] INFO  o.e.m.c.i.e.AbstractTransferListenerAdapter - Downloading https://repo.maven.apache.org/maven2/org/springframework/data/spring-data-commons/3.4.6/spring-data-commons-3.4.6-sources.jar
2025-05-31 17:27:54,556 [Worker-43: Download sources and javadoc] INFO  o.e.m.c.i.e.AbstractTransferListenerAdapter - Downloaded https://repo.maven.apache.org/maven2/org/springframework/data/spring-data-commons/3.4.6/spring-data-commons-3.4.6-sources.jar
2025-05-31 17:27:54,562 [Worker-43: Download sources and javadoc] INFO  o.e.m.j.internal.DownloadSourcesJob - Downloaded sources for org.springframework.data:spring-data-commons:3.4.6
2025-05-31 17:27:54,671 [Worker-43: Download sources and javadoc] INFO  o.e.m.c.i.e.AbstractTransferListenerAdapter - Downloading https://repo.maven.apache.org/maven2/org/springframework/spring-orm/6.2.7/spring-orm-6.2.7-sources.jar
2025-05-31 17:27:54,886 [Worker-43: Download sources and javadoc] INFO  o.e.m.c.i.e.AbstractTransferListenerAdapter - Downloaded https://repo.maven.apache.org/maven2/org/springframework/spring-orm/6.2.7/spring-orm-6.2.7-sources.jar
2025-05-31 17:27:54,893 [Worker-43: Download sources and javadoc] INFO  o.e.m.j.internal.DownloadSourcesJob - Downloaded sources for org.springframework:spring-orm:6.2.7
2025-05-31 17:27:55,008 [Worker-43: Download sources and javadoc] INFO  o.e.m.c.i.e.AbstractTransferListenerAdapter - Downloading https://repo.maven.apache.org/maven2/org/springframework/spring-tx/6.2.7/spring-tx-6.2.7-sources.jar
2025-05-31 17:27:55,347 [Worker-43: Download sources and javadoc] INFO  o.e.m.c.i.e.AbstractTransferListenerAdapter - Downloaded https://repo.maven.apache.org/maven2/org/springframework/spring-tx/6.2.7/spring-tx-6.2.7-sources.jar
2025-05-31 17:27:55,354 [Worker-43: Download sources and javadoc] INFO  o.e.m.j.internal.DownloadSourcesJob - Downloaded sources for org.springframework:spring-tx:6.2.7
2025-05-31 17:27:55,493 [Worker-43: Download sources and javadoc] INFO  o.e.m.c.i.e.AbstractTransferListenerAdapter - Downloading https://repo.maven.apache.org/maven2/org/springframework/spring-aspects/6.2.7/spring-aspects-6.2.7-sources.jar
2025-05-31 17:27:55,939 [Worker-43: Download sources and javadoc] INFO  o.e.m.c.i.e.AbstractTransferListenerAdapter - Downloaded https://repo.maven.apache.org/maven2/org/springframework/spring-aspects/6.2.7/spring-aspects-6.2.7-sources.jar
2025-05-31 17:27:55,946 [Worker-43: Download sources and javadoc] INFO  o.e.m.j.internal.DownloadSourcesJob - Downloaded sources for org.springframework:spring-aspects:6.2.7
2025-05-31 17:28:19,555 [Worker-39: Updating Maven Project] INFO  o.e.m.c.i.p.ProjectConfigurationManager - Update started
2025-05-31 17:28:20,002 [Worker-39: Updating Maven Project] INFO  o.e.m.c.i.l.LifecycleMappingFactory - Using org.eclipse.m2e.jdt.JarLifecycleMapping lifecycle mapping for MavenProject: com.cca.marketplace:marketplace:0.0.1-SNAPSHOT @ D:\Pranav All study Material\marktetplace\marketplace\pom.xml.
2025-05-31 17:28:20,590 [Worker-39: Updating Maven Project] INFO  o.e.m.j.i.AbstractJavaProjectConfigurator - Adding source folder /marketplace/src/main/java
2025-05-31 17:28:20,591 [Worker-39: Updating Maven Project] INFO  o.e.m.j.i.AbstractJavaProjectConfigurator - Adding resource folder /marketplace/src/main/resources
2025-05-31 17:28:20,591 [Worker-39: Updating Maven Project] INFO  o.e.m.j.i.AbstractJavaProjectConfigurator - Adding resource folder /marketplace/src/main/resources
2025-05-31 17:28:20,592 [Worker-39: Updating Maven Project] INFO  o.e.m.j.i.AbstractJavaProjectConfigurator - Adding source folder /marketplace/src/test/java
2025-05-31 17:28:20,592 [Worker-39: Updating Maven Project] INFO  o.e.m.j.i.AbstractJavaProjectConfigurator - Adding resource folder /marketplace/src/test/resources
2025-05-31 17:28:20,812 [Worker-39: Updating Maven Project] INFO  o.e.m.c.i.p.ProjectConfigurationManager - Update completed for 1 poms: local refresh takes 0.00 sec, refresh facades takes 0.00 sec, update config takes 0.00 sec 
2025-05-31 17:28:21,098 [Worker-37: Building] INFO  o.a.m.s.f.DefaultMavenResourcesFiltering - Copying 1 resource from src\main\resources to target\classes
2025-05-31 17:28:21,108 [Worker-37: Building] INFO  o.a.m.s.f.DefaultMavenResourcesFiltering - Copying 0 resource from src\main\resources to target\classes
2025-05-31 17:28:21,112 [Worker-37: Building] INFO  o.a.m.s.f.DefaultMavenResourcesFiltering - skip non existing resourceDirectory D:\Pranav All study Material\marktetplace\marketplace\src\test\resources
2025-05-31 17:28:50,701 [Worker-39: Building] INFO  o.a.m.s.f.DefaultMavenResourcesFiltering - Copying 1 resource from src\main\resources to target\classes
2025-05-31 17:28:50,709 [Worker-39: Building] INFO  o.a.m.s.f.DefaultMavenResourcesFiltering - Copying 0 resource from src\main\resources to target\classes
2025-05-31 17:28:50,711 [Worker-39: Building] INFO  o.a.m.s.f.DefaultMavenResourcesFiltering - skip non existing resourceDirectory D:\Pranav All study Material\marktetplace\marketplace\src\test\resources
2025-05-31 17:47:26,043 [Worker-51: Building] INFO  o.a.m.s.f.DefaultMavenResourcesFiltering - Copying 1 resource from src\main\resources to target\classes
2025-05-31 17:47:26,116 [Worker-51: Building] INFO  o.a.m.s.f.DefaultMavenResourcesFiltering - Copying 0 resource from src\main\resources to target\classes
2025-05-31 17:47:26,118 [Worker-51: Building] INFO  o.a.m.s.f.DefaultMavenResourcesFiltering - skip non existing resourceDirectory D:\Pranav All study Material\marktetplace\marketplace\src\test\resources
2025-05-31 17:50:13,459 [Worker-51: Building] INFO  o.a.m.s.f.DefaultMavenResourcesFiltering - Copying 1 resource from src\main\resources to target\classes
2025-05-31 17:50:13,503 [Worker-51: Building] INFO  o.a.m.s.f.DefaultMavenResourcesFiltering - Copying 0 resource from src\main\resources to target\classes
2025-05-31 17:50:13,506 [Worker-51: Building] INFO  o.a.m.s.f.DefaultMavenResourcesFiltering - skip non existing resourceDirectory D:\Pranav All study Material\marktetplace\marketplace\src\test\resources
2025-05-31 17:52:19,591 [Worker-57: Building] INFO  o.a.m.s.f.DefaultMavenResourcesFiltering - Copying 1 resource from src\main\resources to target\classes
2025-05-31 17:52:19,604 [Worker-57: Building] INFO  o.a.m.s.f.DefaultMavenResourcesFiltering - Copying 0 resource from src\main\resources to target\classes
2025-05-31 17:52:19,607 [Worker-57: Building] INFO  o.a.m.s.f.DefaultMavenResourcesFiltering - skip non existing resourceDirectory D:\Pranav All study Material\marktetplace\marketplace\src\test\resources
2025-05-31 18:06:27,478 [Worker-62: Building] INFO  o.a.m.s.f.DefaultMavenResourcesFiltering - Copying 1 resource from src\main\resources to target\classes
2025-05-31 18:06:27,512 [Worker-62: Building] INFO  o.a.m.s.f.DefaultMavenResourcesFiltering - Copying 0 resource from src\main\resources to target\classes
2025-05-31 18:06:27,514 [Worker-62: Building] INFO  o.a.m.s.f.DefaultMavenResourcesFiltering - skip non existing resourceDirectory D:\Pranav All study Material\marktetplace\marketplace\src\test\resources
2025-05-31 18:09:18,615 [Worker-63: Building] INFO  o.a.m.s.f.DefaultMavenResourcesFiltering - Copying 1 resource from src\main\resources to target\classes
2025-05-31 18:09:18,650 [Worker-63: Building] INFO  o.a.m.s.f.DefaultMavenResourcesFiltering - Copying 0 resource from src\main\resources to target\classes
2025-05-31 18:09:18,653 [Worker-63: Building] INFO  o.a.m.s.f.DefaultMavenResourcesFiltering - skip non existing resourceDirectory D:\Pranav All study Material\marktetplace\marketplace\src\test\resources
2025-05-31 18:42:50,650 [Worker-75: Building] INFO  o.a.m.s.f.DefaultMavenResourcesFiltering - Copying 1 resource from src\main\resources to target\classes
2025-05-31 18:42:50,696 [Worker-75: Building] INFO  o.a.m.s.f.DefaultMavenResourcesFiltering - Copying 0 resource from src\main\resources to target\classes
2025-05-31 18:42:50,701 [Worker-75: Building] INFO  o.a.m.s.f.DefaultMavenResourcesFiltering - skip non existing resourceDirectory D:\Pranav All study Material\marktetplace\marketplace\src\test\resources
2025-05-31 18:43:29,808 [Worker-75: Building] INFO  o.a.m.s.f.DefaultMavenResourcesFiltering - Copying 1 resource from src\main\resources to target\classes
2025-05-31 18:43:29,816 [Worker-75: Building] INFO  o.a.m.s.f.DefaultMavenResourcesFiltering - Copying 0 resource from src\main\resources to target\classes
2025-05-31 18:43:29,821 [Worker-75: Building] INFO  o.a.m.s.f.DefaultMavenResourcesFiltering - skip non existing resourceDirectory D:\Pranav All study Material\marktetplace\marketplace\src\test\resources
2025-05-31 18:45:07,090 [Worker-70: Building] INFO  o.a.m.s.f.DefaultMavenResourcesFiltering - Copying 1 resource from src\main\resources to target\classes
2025-05-31 18:45:07,159 [Worker-70: Building] INFO  o.a.m.s.f.DefaultMavenResourcesFiltering - Copying 0 resource from src\main\resources to target\classes
2025-05-31 18:45:07,162 [Worker-70: Building] INFO  o.a.m.s.f.DefaultMavenResourcesFiltering - skip non existing resourceDirectory D:\Pranav All study Material\marktetplace\marketplace\src\test\resources
2025-05-31 18:47:06,017 [Worker-75: Building] INFO  o.a.m.s.f.DefaultMavenResourcesFiltering - Copying 1 resource from src\main\resources to target\classes
2025-05-31 18:47:06,030 [Worker-75: Building] INFO  o.a.m.s.f.DefaultMavenResourcesFiltering - Copying 0 resource from src\main\resources to target\classes
2025-05-31 18:47:06,035 [Worker-75: Building] INFO  o.a.m.s.f.DefaultMavenResourcesFiltering - skip non existing resourceDirectory D:\Pranav All study Material\marktetplace\marketplace\src\test\resources
2025-05-31 18:47:11,437 [Worker-73: Building] INFO  o.a.m.s.f.DefaultMavenResourcesFiltering - Copying 1 resource from src\main\resources to target\classes
2025-05-31 18:47:11,447 [Worker-73: Building] INFO  o.a.m.s.f.DefaultMavenResourcesFiltering - Copying 0 resource from src\main\resources to target\classes
2025-05-31 18:47:11,453 [Worker-73: Building] INFO  o.a.m.s.f.DefaultMavenResourcesFiltering - skip non existing resourceDirectory D:\Pranav All study Material\marktetplace\marketplace\src\test\resources
2025-05-31 18:47:51,896 [Worker-73: Building] INFO  o.a.m.s.f.DefaultMavenResourcesFiltering - Copying 1 resource from src\main\resources to target\classes
2025-05-31 18:47:51,906 [Worker-73: Building] INFO  o.a.m.s.f.DefaultMavenResourcesFiltering - Copying 0 resource from src\main\resources to target\classes
2025-05-31 18:47:51,908 [Worker-73: Building] INFO  o.a.m.s.f.DefaultMavenResourcesFiltering - skip non existing resourceDirectory D:\Pranav All study Material\marktetplace\marketplace\src\test\resources
2025-05-31 18:48:18,129 [Worker-76: Building] INFO  o.a.m.s.f.DefaultMavenResourcesFiltering - Copying 1 resource from src\main\resources to target\classes
2025-05-31 18:48:18,154 [Worker-76: Building] INFO  o.a.m.s.f.DefaultMavenResourcesFiltering - Copying 0 resource from src\main\resources to target\classes
2025-05-31 18:48:18,157 [Worker-76: Building] INFO  o.a.m.s.f.DefaultMavenResourcesFiltering - skip non existing resourceDirectory D:\Pranav All study Material\marktetplace\marketplace\src\test\resources
2025-05-31 18:48:23,354 [Worker-70: Building] INFO  o.a.m.s.f.DefaultMavenResourcesFiltering - Copying 1 resource from src\main\resources to target\classes
2025-05-31 18:48:23,384 [Worker-70: Building] INFO  o.a.m.s.f.DefaultMavenResourcesFiltering - Copying 0 resource from src\main\resources to target\classes
2025-05-31 18:48:23,387 [Worker-70: Building] INFO  o.a.m.s.f.DefaultMavenResourcesFiltering - skip non existing resourceDirectory D:\Pranav All study Material\marktetplace\marketplace\src\test\resources
2025-05-31 18:49:16,518 [Worker-69: Building] INFO  o.a.m.s.f.DefaultMavenResourcesFiltering - Copying 1 resource from src\main\resources to target\classes
2025-05-31 18:49:16,527 [Worker-69: Building] INFO  o.a.m.s.f.DefaultMavenResourcesFiltering - Copying 0 resource from src\main\resources to target\classes
2025-05-31 18:49:16,531 [Worker-69: Building] INFO  o.a.m.s.f.DefaultMavenResourcesFiltering - skip non existing resourceDirectory D:\Pranav All study Material\marktetplace\marketplace\src\test\resources
2025-05-31 18:50:41,542 [Worker-2: Loading available Gradle versions] INFO  o.e.b.c.i.u.g.PublishedGradleVersions - Gradle version information cache is up-to-date. Trying to read.
2025-05-31 21:34:13,987 [Worker-4: Loading available Gradle versions] INFO  o.e.b.c.i.u.g.PublishedGradleVersions - Gradle version information cache is up-to-date. Trying to read.
2025-05-31 21:42:35,701 [Worker-4: Building] INFO  o.a.m.s.f.DefaultMavenResourcesFiltering - Copying 1 resource from src\main\resources to target\classes
2025-05-31 21:42:35,875 [Worker-4: Building] INFO  o.a.m.s.f.DefaultMavenResourcesFiltering - Copying 0 resource from src\main\resources to target\classes
2025-05-31 21:42:35,896 [Worker-4: Building] INFO  o.a.m.s.f.DefaultMavenResourcesFiltering - skip non existing resourceDirectory D:\Pranav All study Material\marktetplace\marketplace\src\test\resources
2025-05-31 21:45:14,429 [Worker-8: Building] INFO  o.e.m.c.i.l.LifecycleMappingFactory - Using org.eclipse.m2e.jdt.JarLifecycleMapping lifecycle mapping for MavenProject: com.cca.marketplace:marketplace:0.0.1-SNAPSHOT @ D:\Pranav All study Material\marktetplace\marketplace\pom.xml.
2025-05-31 21:45:16,984 [Worker-8: Building] INFO  o.a.m.s.f.DefaultMavenResourcesFiltering - Copying 0 resource from src\main\resources to target\classes
2025-05-31 21:45:16,986 [Worker-8: Building] INFO  o.a.m.s.f.DefaultMavenResourcesFiltering - Copying 0 resource from src\main\resources to target\classes
2025-05-31 21:45:16,995 [Worker-8: Building] INFO  o.a.m.s.f.DefaultMavenResourcesFiltering - skip non existing resourceDirectory D:\Pranav All study Material\marktetplace\marketplace\src\test\resources
2025-05-31 21:45:18,793 [Worker-31: Building] INFO  o.a.m.s.f.DefaultMavenResourcesFiltering - Copying 1 resource from src\main\resources to target\classes
2025-05-31 21:45:18,816 [Worker-31: Building] INFO  o.a.m.s.f.DefaultMavenResourcesFiltering - Copying 0 resource from src\main\resources to target\classes
2025-05-31 21:45:18,821 [Worker-31: Building] INFO  o.a.m.s.f.DefaultMavenResourcesFiltering - skip non existing resourceDirectory D:\Pranav All study Material\marktetplace\marketplace\src\test\resources
2025-05-31 21:48:05,097 [Worker-32: Updating Maven Project] INFO  o.e.m.c.i.p.ProjectConfigurationManager - Update started
2025-05-31 21:48:05,699 [Worker-32: Updating Maven Project] INFO  o.e.m.c.i.l.LifecycleMappingFactory - Using org.eclipse.m2e.jdt.JarLifecycleMapping lifecycle mapping for MavenProject: com.cca.marketplace:marketplace:0.0.1-SNAPSHOT @ D:\Pranav All study Material\marktetplace\marketplace\pom.xml.
2025-05-31 21:48:06,694 [Worker-32: Updating Maven Project] INFO  o.e.m.j.i.AbstractJavaProjectConfigurator - Adding source folder /marketplace/src/main/java
2025-05-31 21:48:06,696 [Worker-32: Updating Maven Project] INFO  o.e.m.j.i.AbstractJavaProjectConfigurator - Adding resource folder /marketplace/src/main/resources
2025-05-31 21:48:06,697 [Worker-32: Updating Maven Project] INFO  o.e.m.j.i.AbstractJavaProjectConfigurator - Adding resource folder /marketplace/src/main/resources
2025-05-31 21:48:06,699 [Worker-32: Updating Maven Project] INFO  o.e.m.j.i.AbstractJavaProjectConfigurator - Adding source folder /marketplace/src/test/java
2025-05-31 21:48:06,700 [Worker-32: Updating Maven Project] INFO  o.e.m.j.i.AbstractJavaProjectConfigurator - Adding resource folder /marketplace/src/test/resources
2025-05-31 21:48:07,033 [Worker-32: Updating Maven Project] INFO  o.e.m.c.i.p.ProjectConfigurationManager - Update completed for 1 poms: local refresh takes 0.00 sec, refresh facades takes 1.00 sec, update config takes 0.00 sec 
2025-05-31 21:48:07,452 [Worker-36: Building] INFO  o.a.m.s.f.DefaultMavenResourcesFiltering - Copying 1 resource from src\main\resources to target\classes
2025-05-31 21:48:07,472 [Worker-36: Building] INFO  o.a.m.s.f.DefaultMavenResourcesFiltering - Copying 0 resource from src\main\resources to target\classes
2025-05-31 21:48:07,477 [Worker-36: Building] INFO  o.a.m.s.f.DefaultMavenResourcesFiltering - skip non existing resourceDirectory D:\Pranav All study Material\marktetplace\marketplace\src\test\resources
2025-06-01 19:56:48,931 [Worker-0: Loading available Gradle versions] INFO  o.e.b.c.i.u.g.PublishedGradleVersions - Gradle version information cache is out-of-date. Trying to update.
2025-06-01 20:03:57,658 [Worker-24: Building] INFO  o.a.m.s.f.DefaultMavenResourcesFiltering - Copying 1 resource from src\main\resources to target\classes
2025-06-01 20:03:57,761 [Worker-24: Building] INFO  o.a.m.s.f.DefaultMavenResourcesFiltering - Copying 1 resource from src\main\resources to target\classes
2025-06-01 20:03:57,780 [Worker-24: Building] INFO  o.a.m.s.f.DefaultMavenResourcesFiltering - skip non existing resourceDirectory D:\Pranav All study Material\marktetplace\marketplace\src\test\resources
2025-06-01 20:04:31,099 [Worker-34: Building] INFO  o.a.m.s.f.DefaultMavenResourcesFiltering - Copying 0 resource from src\main\resources to target\classes
2025-06-01 20:04:31,101 [Worker-34: Building] INFO  o.a.m.s.f.DefaultMavenResourcesFiltering - Copying 1 resource from src\main\resources to target\classes
2025-06-01 20:04:31,110 [Worker-34: Building] INFO  o.a.m.s.f.DefaultMavenResourcesFiltering - skip non existing resourceDirectory D:\Pranav All study Material\marktetplace\marketplace\src\test\resources
2025-06-01 21:31:34,857 [Worker-44: Building] INFO  o.a.m.s.f.DefaultMavenResourcesFiltering - Copying 1 resource from src\main\resources to target\classes
2025-06-01 21:31:35,051 [Worker-44: Building] INFO  o.a.m.s.f.DefaultMavenResourcesFiltering - Copying 0 resource from src\main\resources to target\classes
2025-06-01 21:31:35,071 [Worker-44: Building] INFO  o.a.m.s.f.DefaultMavenResourcesFiltering - skip non existing resourceDirectory D:\Pranav All study Material\marktetplace\marketplace\src\test\resources
2025-06-01 21:33:26,516 [Worker-45: Building] INFO  o.a.m.s.f.DefaultMavenResourcesFiltering - Copying 0 resource from src\main\resources to target\classes
2025-06-01 21:33:26,518 [Worker-45: Building] INFO  o.a.m.s.f.DefaultMavenResourcesFiltering - Copying 1 resource from src\main\resources to target\classes
2025-06-01 21:33:26,532 [Worker-45: Building] INFO  o.a.m.s.f.DefaultMavenResourcesFiltering - skip non existing resourceDirectory D:\Pranav All study Material\marktetplace\marketplace\src\test\resources
2025-06-02 10:00:54,587 [Worker-5: Loading available Gradle versions] INFO  o.e.b.c.i.u.g.PublishedGradleVersions - Gradle version information cache is up-to-date. Trying to read.
2025-06-12 15:33:07,482 [Worker-2: Loading available Gradle versions] INFO  o.e.b.c.i.u.g.PublishedGradleVersions - Gradle version information cache is out-of-date. Trying to update.
2025-06-12 15:35:48,620 [Worker-16: Building] INFO  o.a.m.s.f.DefaultMavenResourcesFiltering - Copying 1 resource from src\main\resources to target\classes
2025-06-12 15:35:48,798 [Worker-16: Building] INFO  o.a.m.s.f.DefaultMavenResourcesFiltering - Copying 1 resource from src\main\resources to target\classes
2025-06-12 15:35:48,831 [Worker-16: Building] INFO  o.a.m.s.f.DefaultMavenResourcesFiltering - skip non existing resourceDirectory D:\Pranav All study Material\marktetplace\marketplace\src\test\resources
2025-06-12 21:16:06,525 [Worker-6: Loading available Gradle versions] INFO  o.e.b.c.i.u.g.PublishedGradleVersions - Gradle version information cache is up-to-date. Trying to read.
2025-06-13 21:08:20,037 [Worker-3: Loading available Gradle versions] INFO  o.e.b.c.i.u.g.PublishedGradleVersions - Gradle version information cache is out-of-date. Trying to update.
2025-06-14 09:15:09,075 [Worker-1: Loading available Gradle versions] INFO  o.e.b.c.i.u.g.PublishedGradleVersions - Gradle version information cache is up-to-date. Trying to read.
2025-06-14 10:14:37,091 [Worker-34: Launching MarketplaceApplication] INFO  o.a.m.s.f.DefaultMavenResourcesFiltering - Copying 1 resource from src\main\resources to target\classes
2025-06-14 10:14:37,139 [Worker-34: Launching MarketplaceApplication] INFO  o.a.m.s.f.DefaultMavenResourcesFiltering - Copying 1 resource from src\main\resources to target\classes
2025-06-14 10:14:37,156 [Worker-34: Launching MarketplaceApplication] INFO  o.a.m.s.f.DefaultMavenResourcesFiltering - skip non existing resourceDirectory D:\Pranav All study Material\marktetplace\marketplace\src\test\resources
2025-06-15 14:07:35,410 [Worker-6: Loading available Gradle versions] INFO  o.e.b.c.i.u.g.PublishedGradleVersions - Gradle version information cache is out-of-date. Trying to update.
2025-06-15 14:09:40,722 [Worker-9: Building] INFO  o.a.m.s.f.DefaultMavenResourcesFiltering - Copying 1 resource from src\main\resources to target\classes
2025-06-15 14:09:40,778 [Worker-9: Building] INFO  o.a.m.s.f.DefaultMavenResourcesFiltering - Copying 1 resource from src\main\resources to target\classes
2025-06-15 14:09:40,792 [Worker-9: Building] INFO  o.a.m.s.f.DefaultMavenResourcesFiltering - skip non existing resourceDirectory D:\Pranav All study Material\marktetplace\marketplace\src\test\resources
2025-06-15 14:09:50,974 [Worker-27: Building] INFO  o.a.m.s.f.DefaultMavenResourcesFiltering - Copying 1 resource from src\main\resources to target\classes
2025-06-15 14:09:50,983 [Worker-27: Building] INFO  o.a.m.s.f.DefaultMavenResourcesFiltering - Copying 1 resource from src\main\resources to target\classes
2025-06-15 14:09:50,990 [Worker-27: Building] INFO  o.a.m.s.f.DefaultMavenResourcesFiltering - skip non existing resourceDirectory D:\Pranav All study Material\marktetplace\marketplace\src\test\resources
2025-06-15 14:10:32,917 [Worker-24: Building] INFO  o.a.m.s.f.DefaultMavenResourcesFiltering - Copying 1 resource from src\main\resources to target\classes
2025-06-15 14:10:32,924 [Worker-24: Building] INFO  o.a.m.s.f.DefaultMavenResourcesFiltering - Copying 1 resource from src\main\resources to target\classes
2025-06-15 14:10:32,928 [Worker-24: Building] INFO  o.a.m.s.f.DefaultMavenResourcesFiltering - skip non existing resourceDirectory D:\Pranav All study Material\marktetplace\marketplace\src\test\resources
2025-06-15 14:10:40,189 [Worker-0: Building] INFO  o.a.m.s.f.DefaultMavenResourcesFiltering - Copying 1 resource from src\main\resources to target\classes
2025-06-15 14:10:40,196 [Worker-0: Building] INFO  o.a.m.s.f.DefaultMavenResourcesFiltering - Copying 1 resource from src\main\resources to target\classes
2025-06-15 14:10:40,202 [Worker-0: Building] INFO  o.a.m.s.f.DefaultMavenResourcesFiltering - skip non existing resourceDirectory D:\Pranav All study Material\marktetplace\marketplace\src\test\resources
2025-06-15 14:11:09,414 [Worker-9: Building] INFO  o.a.m.s.f.DefaultMavenResourcesFiltering - Copying 1 resource from src\main\resources to target\classes
2025-06-15 14:11:09,425 [Worker-9: Building] INFO  o.a.m.s.f.DefaultMavenResourcesFiltering - Copying 1 resource from src\main\resources to target\classes
2025-06-15 14:11:09,433 [Worker-9: Building] INFO  o.a.m.s.f.DefaultMavenResourcesFiltering - skip non existing resourceDirectory D:\Pranav All study Material\marktetplace\marketplace\src\test\resources
2025-06-15 14:11:24,101 [Worker-14: Building] INFO  o.a.m.s.f.DefaultMavenResourcesFiltering - Copying 1 resource from src\main\resources to target\classes
2025-06-15 14:11:24,112 [Worker-14: Building] INFO  o.a.m.s.f.DefaultMavenResourcesFiltering - Copying 1 resource from src\main\resources to target\classes
2025-06-15 14:11:24,118 [Worker-14: Building] INFO  o.a.m.s.f.DefaultMavenResourcesFiltering - skip non existing resourceDirectory D:\Pranav All study Material\marktetplace\marketplace\src\test\resources
2025-06-15 14:16:47,150 [Worker-23: Building] INFO  o.a.m.s.f.DefaultMavenResourcesFiltering - Copying 1 resource from src\main\resources to target\classes
2025-06-15 14:16:47,172 [Worker-23: Building] INFO  o.a.m.s.f.DefaultMavenResourcesFiltering - Copying 1 resource from src\main\resources to target\classes
2025-06-15 14:16:47,177 [Worker-23: Building] INFO  o.a.m.s.f.DefaultMavenResourcesFiltering - skip non existing resourceDirectory D:\Pranav All study Material\marktetplace\marketplace\src\test\resources
2025-06-15 14:19:17,079 [Worker-15: Building] INFO  o.a.m.s.f.DefaultMavenResourcesFiltering - Copying 1 resource from src\main\resources to target\classes
2025-06-15 14:19:17,099 [Worker-15: Building] INFO  o.a.m.s.f.DefaultMavenResourcesFiltering - Copying 1 resource from src\main\resources to target\classes
2025-06-15 14:19:17,103 [Worker-15: Building] INFO  o.a.m.s.f.DefaultMavenResourcesFiltering - skip non existing resourceDirectory D:\Pranav All study Material\marktetplace\marketplace\src\test\resources
2025-06-15 14:21:22,257 [Worker-0: Building] INFO  o.a.m.s.f.DefaultMavenResourcesFiltering - Copying 1 resource from src\main\resources to target\classes
2025-06-15 14:21:22,268 [Worker-0: Building] INFO  o.a.m.s.f.DefaultMavenResourcesFiltering - Copying 1 resource from src\main\resources to target\classes
2025-06-15 14:21:22,274 [Worker-0: Building] INFO  o.a.m.s.f.DefaultMavenResourcesFiltering - skip non existing resourceDirectory D:\Pranav All study Material\marktetplace\marketplace\src\test\resources
2025-06-15 14:27:04,409 [Worker-0: Building] INFO  o.a.m.s.f.DefaultMavenResourcesFiltering - Copying 0 resource from src\main\resources to target\classes
2025-06-15 14:27:04,418 [Worker-0: Building] INFO  o.a.m.s.f.DefaultMavenResourcesFiltering - Copying 1 resource from src\main\resources to target\classes
2025-06-15 14:27:04,430 [Worker-0: Building] INFO  o.a.m.s.f.DefaultMavenResourcesFiltering - skip non existing resourceDirectory D:\Pranav All study Material\marktetplace\marketplace\src\test\resources
2025-06-15 14:27:10,698 [Worker-34: Building] INFO  o.a.m.s.f.DefaultMavenResourcesFiltering - Copying 0 resource from src\main\resources to target\classes
2025-06-15 14:27:10,699 [Worker-34: Building] INFO  o.a.m.s.f.DefaultMavenResourcesFiltering - Copying 1 resource from src\main\resources to target\classes
2025-06-15 14:27:10,709 [Worker-34: Building] INFO  o.a.m.s.f.DefaultMavenResourcesFiltering - skip non existing resourceDirectory D:\Pranav All study Material\marktetplace\marketplace\src\test\resources
2025-06-15 14:27:30,102 [Worker-33: Building] INFO  o.a.m.s.f.DefaultMavenResourcesFiltering - Copying 0 resource from src\main\resources to target\classes
2025-06-15 14:27:30,103 [Worker-33: Building] INFO  o.a.m.s.f.DefaultMavenResourcesFiltering - Copying 1 resource from src\main\resources to target\classes
2025-06-15 14:27:30,110 [Worker-33: Building] INFO  o.a.m.s.f.DefaultMavenResourcesFiltering - skip non existing resourceDirectory D:\Pranav All study Material\marktetplace\marketplace\src\test\resources
2025-06-15 14:27:50,924 [Worker-10: Launching MarketplaceApplication] INFO  o.a.m.s.f.DefaultMavenResourcesFiltering - Copying 1 resource from src\main\resources to target\classes
2025-06-15 14:27:50,933 [Worker-10: Launching MarketplaceApplication] INFO  o.a.m.s.f.DefaultMavenResourcesFiltering - Copying 3 resources from src\main\resources to target\classes
2025-06-15 14:27:50,938 [Worker-10: Launching MarketplaceApplication] INFO  o.a.m.s.f.DefaultMavenResourcesFiltering - skip non existing resourceDirectory D:\Pranav All study Material\marktetplace\marketplace\src\test\resources
2025-06-15 14:28:54,471 [Worker-10: Building] INFO  o.a.m.s.f.DefaultMavenResourcesFiltering - Copying 1 resource from src\main\resources to target\classes
2025-06-15 14:28:54,480 [Worker-10: Building] INFO  o.a.m.s.f.DefaultMavenResourcesFiltering - Copying 3 resources from src\main\resources to target\classes
2025-06-15 14:28:54,487 [Worker-10: Building] INFO  o.a.m.s.f.DefaultMavenResourcesFiltering - skip non existing resourceDirectory D:\Pranav All study Material\marktetplace\marketplace\src\test\resources
2025-06-15 14:45:31,911 [Worker-10: Building] INFO  o.a.m.s.f.DefaultMavenResourcesFiltering - Copying 0 resource from src\main\resources to target\classes
2025-06-15 14:45:31,920 [Worker-10: Building] INFO  o.a.m.s.f.DefaultMavenResourcesFiltering - Copying 1 resource from src\main\resources to target\classes
2025-06-15 14:45:31,930 [Worker-10: Building] INFO  o.a.m.s.f.DefaultMavenResourcesFiltering - skip non existing resourceDirectory D:\Pranav All study Material\marktetplace\marketplace\src\test\resources
2025-06-15 14:49:46,550 [Worker-38: Building] INFO  o.a.m.s.f.DefaultMavenResourcesFiltering - Copying 0 resource from src\main\resources to target\classes
2025-06-15 14:49:46,555 [Worker-38: Building] INFO  o.a.m.s.f.DefaultMavenResourcesFiltering - Copying 1 resource from src\main\resources to target\classes
2025-06-15 14:49:46,564 [Worker-38: Building] INFO  o.a.m.s.f.DefaultMavenResourcesFiltering - skip non existing resourceDirectory D:\Pranav All study Material\marktetplace\marketplace\src\test\resources
2025-06-15 14:54:18,215 [Worker-36: Building] INFO  o.a.m.s.f.DefaultMavenResourcesFiltering - Copying 0 resource from src\main\resources to target\classes
2025-06-15 14:54:18,219 [Worker-36: Building] INFO  o.a.m.s.f.DefaultMavenResourcesFiltering - Copying 1 resource from src\main\resources to target\classes
2025-06-15 14:54:18,228 [Worker-36: Building] INFO  o.a.m.s.f.DefaultMavenResourcesFiltering - skip non existing resourceDirectory D:\Pranav All study Material\marktetplace\marketplace\src\test\resources
2025-06-15 14:54:46,520 [Worker-33: Building] INFO  o.a.m.s.f.DefaultMavenResourcesFiltering - Copying 0 resource from src\main\resources to target\classes
2025-06-15 14:54:46,522 [Worker-33: Building] INFO  o.a.m.s.f.DefaultMavenResourcesFiltering - Copying 1 resource from src\main\resources to target\classes
2025-06-15 14:54:46,534 [Worker-33: Building] INFO  o.a.m.s.f.DefaultMavenResourcesFiltering - skip non existing resourceDirectory D:\Pranav All study Material\marktetplace\marketplace\src\test\resources
2025-06-15 14:55:07,883 [Worker-36: Building] INFO  o.a.m.s.f.DefaultMavenResourcesFiltering - Copying 0 resource from src\main\resources to target\classes
2025-06-15 14:55:07,885 [Worker-36: Building] INFO  o.a.m.s.f.DefaultMavenResourcesFiltering - Copying 1 resource from src\main\resources to target\classes
2025-06-15 14:55:07,893 [Worker-36: Building] INFO  o.a.m.s.f.DefaultMavenResourcesFiltering - skip non existing resourceDirectory D:\Pranav All study Material\marktetplace\marketplace\src\test\resources
2025-06-15 15:17:16,097 [Worker-46: Building] INFO  o.a.m.s.f.DefaultMavenResourcesFiltering - Copying 0 resource from src\main\resources to target\classes
2025-06-15 15:17:16,103 [Worker-46: Building] INFO  o.a.m.s.f.DefaultMavenResourcesFiltering - Copying 1 resource from src\main\resources to target\classes
2025-06-15 15:17:16,110 [Worker-46: Building] INFO  o.a.m.s.f.DefaultMavenResourcesFiltering - skip non existing resourceDirectory D:\Pranav All study Material\marktetplace\marketplace\src\test\resources
2025-06-15 15:26:04,878 [Worker-43: Launching MarketplaceApplication] INFO  o.a.m.s.f.DefaultMavenResourcesFiltering - Copying 0 resource from src\main\resources to target\classes
2025-06-15 15:26:04,880 [Worker-43: Launching MarketplaceApplication] INFO  o.a.m.s.f.DefaultMavenResourcesFiltering - Copying 1 resource from src\main\resources to target\classes
2025-06-15 15:26:04,887 [Worker-43: Launching MarketplaceApplication] INFO  o.a.m.s.f.DefaultMavenResourcesFiltering - skip non existing resourceDirectory D:\Pranav All study Material\marktetplace\marketplace\src\test\resources
2025-06-15 15:34:28,557 [Worker-56: Building] INFO  o.a.m.s.f.DefaultMavenResourcesFiltering - Copying 0 resource from src\main\resources to target\classes
2025-06-15 15:34:28,560 [Worker-56: Building] INFO  o.a.m.s.f.DefaultMavenResourcesFiltering - Copying 1 resource from src\main\resources to target\classes
2025-06-15 15:34:28,569 [Worker-56: Building] INFO  o.a.m.s.f.DefaultMavenResourcesFiltering - skip non existing resourceDirectory D:\Pranav All study Material\marktetplace\marketplace\src\test\resources
2025-06-15 15:37:57,453 [Worker-43: Building] INFO  o.a.m.s.f.DefaultMavenResourcesFiltering - Copying 0 resource from src\main\resources to target\classes
2025-06-15 15:37:57,454 [Worker-43: Building] INFO  o.a.m.s.f.DefaultMavenResourcesFiltering - Copying 1 resource from src\main\resources to target\classes
2025-06-15 15:37:57,461 [Worker-43: Building] INFO  o.a.m.s.f.DefaultMavenResourcesFiltering - skip non existing resourceDirectory D:\Pranav All study Material\marktetplace\marketplace\src\test\resources
2025-06-15 15:38:14,943 [Worker-43: Launching MarketplaceApplication] INFO  o.a.m.s.f.DefaultMavenResourcesFiltering - Copying 1 resource from src\main\resources to target\classes
2025-06-15 15:38:14,970 [Worker-43: Launching MarketplaceApplication] INFO  o.a.m.s.f.DefaultMavenResourcesFiltering - Copying 3 resources from src\main\resources to target\classes
2025-06-15 15:38:14,978 [Worker-43: Launching MarketplaceApplication] INFO  o.a.m.s.f.DefaultMavenResourcesFiltering - skip non existing resourceDirectory D:\Pranav All study Material\marktetplace\marketplace\src\test\resources
2025-06-15 15:40:01,138 [Worker-58: Building] INFO  o.a.m.s.f.DefaultMavenResourcesFiltering - Copying 0 resource from src\main\resources to target\classes
2025-06-15 15:40:01,141 [Worker-58: Building] INFO  o.a.m.s.f.DefaultMavenResourcesFiltering - Copying 1 resource from src\main\resources to target\classes
2025-06-15 15:40:01,151 [Worker-58: Building] INFO  o.a.m.s.f.DefaultMavenResourcesFiltering - skip non existing resourceDirectory D:\Pranav All study Material\marktetplace\marketplace\src\test\resources
2025-06-15 15:55:27,807 [Worker-64: Building] INFO  o.a.m.s.f.DefaultMavenResourcesFiltering - Copying 0 resource from src\main\resources to target\classes
2025-06-15 15:55:27,811 [Worker-64: Building] INFO  o.a.m.s.f.DefaultMavenResourcesFiltering - Copying 1 resource from src\main\resources to target\classes
2025-06-15 15:55:27,820 [Worker-64: Building] INFO  o.a.m.s.f.DefaultMavenResourcesFiltering - skip non existing resourceDirectory D:\Pranav All study Material\marktetplace\marketplace\src\test\resources
2025-06-15 20:06:31,714 [Worker-0: Loading available Gradle versions] INFO  o.e.b.c.i.u.g.PublishedGradleVersions - Gradle version information cache is up-to-date. Trying to read.
2025-06-15 20:12:53,090 [Worker-32: Building] INFO  o.a.m.s.f.DefaultMavenResourcesFiltering - Copying 1 resource from src\main\resources to target\classes
2025-06-15 20:12:53,142 [Worker-32: Building] INFO  o.a.m.s.f.DefaultMavenResourcesFiltering - Copying 3 resources from src\main\resources to target\classes
2025-06-15 20:12:53,153 [Worker-32: Building] INFO  o.a.m.s.f.DefaultMavenResourcesFiltering - skip non existing resourceDirectory D:\Pranav All study Material\marktetplace\marketplace\src\test\resources
2025-06-15 20:13:07,354 [Worker-0: Building] INFO  o.a.m.s.f.DefaultMavenResourcesFiltering - Copying 1 resource from src\main\resources to target\classes
2025-06-15 20:13:07,377 [Worker-0: Building] INFO  o.a.m.s.f.DefaultMavenResourcesFiltering - Copying 3 resources from src\main\resources to target\classes
2025-06-15 20:13:07,385 [Worker-0: Building] INFO  o.a.m.s.f.DefaultMavenResourcesFiltering - skip non existing resourceDirectory D:\Pranav All study Material\marktetplace\marketplace\src\test\resources
2025-06-15 20:13:31,097 [Worker-32: Building] INFO  o.a.m.s.f.DefaultMavenResourcesFiltering - Copying 1 resource from src\main\resources to target\classes
2025-06-15 20:13:31,113 [Worker-32: Building] INFO  o.a.m.s.f.DefaultMavenResourcesFiltering - Copying 3 resources from src\main\resources to target\classes
2025-06-15 20:13:31,121 [Worker-32: Building] INFO  o.a.m.s.f.DefaultMavenResourcesFiltering - skip non existing resourceDirectory D:\Pranav All study Material\marktetplace\marketplace\src\test\resources
2025-06-15 20:14:03,441 [Worker-32: Building] INFO  o.a.m.s.f.DefaultMavenResourcesFiltering - Copying 1 resource from src\main\resources to target\classes
2025-06-15 20:14:03,483 [Worker-32: Building] INFO  o.a.m.s.f.DefaultMavenResourcesFiltering - Copying 3 resources from src\main\resources to target\classes
2025-06-15 20:14:03,506 [Worker-32: Building] INFO  o.a.m.s.f.DefaultMavenResourcesFiltering - skip non existing resourceDirectory D:\Pranav All study Material\marktetplace\marketplace\src\test\resources
2025-06-15 20:18:20,761 [Worker-0: Launching MarketplaceApplication] INFO  o.a.m.s.f.DefaultMavenResourcesFiltering - Copying 1 resource from src\main\resources to target\classes
2025-06-15 20:18:20,809 [Worker-0: Launching MarketplaceApplication] INFO  o.a.m.s.f.DefaultMavenResourcesFiltering - Copying 3 resources from src\main\resources to target\classes
2025-06-15 20:18:20,816 [Worker-0: Launching MarketplaceApplication] INFO  o.a.m.s.f.DefaultMavenResourcesFiltering - skip non existing resourceDirectory D:\Pranav All study Material\marktetplace\marketplace\src\test\resources
2025-06-15 20:28:53,097 [Worker-3: Building] INFO  o.a.m.s.f.DefaultMavenResourcesFiltering - Copying 0 resource from src\main\resources to target\classes
2025-06-15 20:28:53,105 [Worker-3: Building] INFO  o.a.m.s.f.DefaultMavenResourcesFiltering - Copying 1 resource from src\main\resources to target\classes
2025-06-15 20:28:53,116 [Worker-3: Building] INFO  o.a.m.s.f.DefaultMavenResourcesFiltering - skip non existing resourceDirectory D:\Pranav All study Material\marktetplace\marketplace\src\test\resources
2025-06-15 20:29:10,720 [Worker-0: Building] INFO  o.a.m.s.f.DefaultMavenResourcesFiltering - Copying 0 resource from src\main\resources to target\classes
2025-06-15 20:29:10,722 [Worker-0: Building] INFO  o.a.m.s.f.DefaultMavenResourcesFiltering - Copying 1 resource from src\main\resources to target\classes
2025-06-15 20:29:10,730 [Worker-0: Building] INFO  o.a.m.s.f.DefaultMavenResourcesFiltering - skip non existing resourceDirectory D:\Pranav All study Material\marktetplace\marketplace\src\test\resources
2025-06-15 20:30:36,630 [Worker-42: Building] INFO  o.a.m.s.f.DefaultMavenResourcesFiltering - Copying 0 resource from src\main\resources to target\classes
2025-06-15 20:30:36,632 [Worker-42: Building] INFO  o.a.m.s.f.DefaultMavenResourcesFiltering - Copying 1 resource from src\main\resources to target\classes
2025-06-15 20:30:36,638 [Worker-42: Building] INFO  o.a.m.s.f.DefaultMavenResourcesFiltering - skip non existing resourceDirectory D:\Pranav All study Material\marktetplace\marketplace\src\test\resources
2025-06-15 20:33:35,599 [Worker-44: Building] INFO  o.a.m.s.f.DefaultMavenResourcesFiltering - Copying 0 resource from src\main\resources to target\classes
2025-06-15 20:33:35,601 [Worker-44: Building] INFO  o.a.m.s.f.DefaultMavenResourcesFiltering - Copying 1 resource from src\main\resources to target\classes
2025-06-15 20:33:35,613 [Worker-44: Building] INFO  o.a.m.s.f.DefaultMavenResourcesFiltering - skip non existing resourceDirectory D:\Pranav All study Material\marktetplace\marketplace\src\test\resources
2025-06-15 20:34:08,726 [Worker-44: Building] INFO  o.a.m.s.f.DefaultMavenResourcesFiltering - Copying 0 resource from src\main\resources to target\classes
2025-06-15 20:34:08,729 [Worker-44: Building] INFO  o.a.m.s.f.DefaultMavenResourcesFiltering - Copying 1 resource from src\main\resources to target\classes
2025-06-15 20:34:08,740 [Worker-44: Building] INFO  o.a.m.s.f.DefaultMavenResourcesFiltering - skip non existing resourceDirectory D:\Pranav All study Material\marktetplace\marketplace\src\test\resources
2025-06-15 20:34:27,886 [Worker-44: Launching MarketplaceApplication] INFO  o.a.m.s.f.DefaultMavenResourcesFiltering - Copying 1 resource from src\main\resources to target\classes
2025-06-15 20:34:27,930 [Worker-44: Launching MarketplaceApplication] INFO  o.a.m.s.f.DefaultMavenResourcesFiltering - Copying 5 resources from src\main\resources to target\classes
2025-06-15 20:34:27,939 [Worker-44: Launching MarketplaceApplication] INFO  o.a.m.s.f.DefaultMavenResourcesFiltering - skip non existing resourceDirectory D:\Pranav All study Material\marktetplace\marketplace\src\test\resources
2025-06-15 20:37:41,479 [Worker-47: Building] INFO  o.a.m.s.f.DefaultMavenResourcesFiltering - Copying 0 resource from src\main\resources to target\classes
2025-06-15 20:37:41,480 [Worker-47: Building] INFO  o.a.m.s.f.DefaultMavenResourcesFiltering - Copying 1 resource from src\main\resources to target\classes
2025-06-15 20:37:41,487 [Worker-47: Building] INFO  o.a.m.s.f.DefaultMavenResourcesFiltering - skip non existing resourceDirectory D:\Pranav All study Material\marktetplace\marketplace\src\test\resources
2025-06-15 20:43:59,229 [Worker-47: Building] INFO  o.a.m.s.f.DefaultMavenResourcesFiltering - Copying 0 resource from src\main\resources to target\classes
2025-06-15 20:43:59,231 [Worker-47: Building] INFO  o.a.m.s.f.DefaultMavenResourcesFiltering - Copying 1 resource from src\main\resources to target\classes
2025-06-15 20:43:59,243 [Worker-47: Building] INFO  o.a.m.s.f.DefaultMavenResourcesFiltering - skip non existing resourceDirectory D:\Pranav All study Material\marktetplace\marketplace\src\test\resources
2025-06-15 21:11:10,501 [Worker-56: Building] INFO  o.a.m.s.f.DefaultMavenResourcesFiltering - Copying 1 resource from src\main\resources to target\classes
2025-06-15 21:11:10,846 [Worker-56: Building] INFO  o.a.m.s.f.DefaultMavenResourcesFiltering - Copying 5 resources from src\main\resources to target\classes
2025-06-15 21:11:10,865 [Worker-56: Building] INFO  o.a.m.s.f.DefaultMavenResourcesFiltering - skip non existing resourceDirectory D:\Pranav All study Material\marktetplace\marketplace\src\test\resources
2025-06-15 21:11:14,894 [Worker-51: Building] INFO  o.a.m.s.f.DefaultMavenResourcesFiltering - Copying 1 resource from src\main\resources to target\classes
2025-06-15 21:11:14,932 [Worker-51: Building] INFO  o.a.m.s.f.DefaultMavenResourcesFiltering - Copying 5 resources from src\main\resources to target\classes
2025-06-15 21:11:14,936 [Worker-51: Building] INFO  o.a.m.s.f.DefaultMavenResourcesFiltering - skip non existing resourceDirectory D:\Pranav All study Material\marktetplace\marketplace\src\test\resources
2025-06-15 21:11:31,577 [Worker-51: Launching MarketplaceApplication] INFO  o.a.m.s.f.DefaultMavenResourcesFiltering - Copying 1 resource from src\main\resources to target\classes
2025-06-15 21:11:31,586 [Worker-51: Launching MarketplaceApplication] INFO  o.a.m.s.f.DefaultMavenResourcesFiltering - Copying 5 resources from src\main\resources to target\classes
2025-06-15 21:11:31,593 [Worker-51: Launching MarketplaceApplication] INFO  o.a.m.s.f.DefaultMavenResourcesFiltering - skip non existing resourceDirectory D:\Pranav All study Material\marktetplace\marketplace\src\test\resources
2025-06-15 21:15:12,629 [Worker-56: Building] INFO  o.a.m.s.f.DefaultMavenResourcesFiltering - Copying 0 resource from src\main\resources to target\classes
2025-06-15 21:15:12,630 [Worker-56: Building] INFO  o.a.m.s.f.DefaultMavenResourcesFiltering - Copying 1 resource from src\main\resources to target\classes
2025-06-15 21:15:12,638 [Worker-56: Building] INFO  o.a.m.s.f.DefaultMavenResourcesFiltering - skip non existing resourceDirectory D:\Pranav All study Material\marktetplace\marketplace\src\test\resources
2025-06-15 21:17:33,653 [Worker-59: Building] INFO  o.a.m.s.f.DefaultMavenResourcesFiltering - Copying 1 resource from src\main\resources to target\classes
2025-06-15 21:17:33,665 [Worker-59: Building] INFO  o.a.m.s.f.DefaultMavenResourcesFiltering - Copying 5 resources from src\main\resources to target\classes
2025-06-15 21:17:33,670 [Worker-59: Building] INFO  o.a.m.s.f.DefaultMavenResourcesFiltering - skip non existing resourceDirectory D:\Pranav All study Material\marktetplace\marketplace\src\test\resources
2025-06-15 21:18:01,808 [Worker-56: Building] INFO  o.a.m.s.f.DefaultMavenResourcesFiltering - Copying 0 resource from src\main\resources to target\classes
2025-06-15 21:18:01,809 [Worker-56: Building] INFO  o.a.m.s.f.DefaultMavenResourcesFiltering - Copying 1 resource from src\main\resources to target\classes
2025-06-15 21:18:01,816 [Worker-56: Building] INFO  o.a.m.s.f.DefaultMavenResourcesFiltering - skip non existing resourceDirectory D:\Pranav All study Material\marktetplace\marketplace\src\test\resources
2025-06-15 21:18:14,185 [Worker-56: Launching MarketplaceApplication] INFO  o.a.m.s.f.DefaultMavenResourcesFiltering - Copying 0 resource from src\main\resources to target\classes
2025-06-15 21:18:14,186 [Worker-56: Launching MarketplaceApplication] INFO  o.a.m.s.f.DefaultMavenResourcesFiltering - Copying 1 resource from src\main\resources to target\classes
2025-06-15 21:18:14,194 [Worker-56: Launching MarketplaceApplication] INFO  o.a.m.s.f.DefaultMavenResourcesFiltering - skip non existing resourceDirectory D:\Pranav All study Material\marktetplace\marketplace\src\test\resources
2025-06-15 21:20:44,217 [Worker-56: Building] INFO  o.a.m.s.f.DefaultMavenResourcesFiltering - Copying 0 resource from src\main\resources to target\classes
2025-06-15 21:20:44,218 [Worker-56: Building] INFO  o.a.m.s.f.DefaultMavenResourcesFiltering - Copying 1 resource from src\main\resources to target\classes
2025-06-15 21:20:44,228 [Worker-56: Building] INFO  o.a.m.s.f.DefaultMavenResourcesFiltering - skip non existing resourceDirectory D:\Pranav All study Material\marktetplace\marketplace\src\test\resources
2025-06-15 21:24:44,460 [Worker-56: Building] INFO  o.a.m.s.f.DefaultMavenResourcesFiltering - Copying 1 resource from src\main\resources to target\classes
2025-06-15 21:24:44,553 [Worker-56: Building] INFO  o.a.m.s.f.DefaultMavenResourcesFiltering - Copying 5 resources from src\main\resources to target\classes
2025-06-15 21:24:44,560 [Worker-56: Building] INFO  o.a.m.s.f.DefaultMavenResourcesFiltering - skip non existing resourceDirectory D:\Pranav All study Material\marktetplace\marketplace\src\test\resources
2025-06-15 21:26:58,756 [Worker-62: Building] INFO  o.a.m.s.f.DefaultMavenResourcesFiltering - Copying 1 resource from src\main\resources to target\classes
2025-06-15 21:26:58,766 [Worker-62: Building] INFO  o.a.m.s.f.DefaultMavenResourcesFiltering - Copying 5 resources from src\main\resources to target\classes
2025-06-15 21:26:58,770 [Worker-62: Building] INFO  o.a.m.s.f.DefaultMavenResourcesFiltering - skip non existing resourceDirectory D:\Pranav All study Material\marktetplace\marketplace\src\test\resources
2025-06-15 21:28:47,286 [Worker-63: Building] INFO  o.a.m.s.f.DefaultMavenResourcesFiltering - Copying 1 resource from src\main\resources to target\classes
2025-06-15 21:28:47,294 [Worker-63: Building] INFO  o.a.m.s.f.DefaultMavenResourcesFiltering - Copying 5 resources from src\main\resources to target\classes
2025-06-15 21:28:47,298 [Worker-63: Building] INFO  o.a.m.s.f.DefaultMavenResourcesFiltering - skip non existing resourceDirectory D:\Pranav All study Material\marktetplace\marketplace\src\test\resources
2025-06-15 21:29:50,932 [Worker-64: Building] INFO  o.a.m.s.f.DefaultMavenResourcesFiltering - Copying 1 resource from src\main\resources to target\classes
2025-06-15 21:29:50,941 [Worker-64: Building] INFO  o.a.m.s.f.DefaultMavenResourcesFiltering - Copying 5 resources from src\main\resources to target\classes
2025-06-15 21:29:50,945 [Worker-64: Building] INFO  o.a.m.s.f.DefaultMavenResourcesFiltering - skip non existing resourceDirectory D:\Pranav All study Material\marktetplace\marketplace\src\test\resources
2025-06-15 21:30:47,721 [Worker-64: Building] INFO  o.a.m.s.f.DefaultMavenResourcesFiltering - Copying 1 resource from src\main\resources to target\classes
2025-06-15 21:30:47,729 [Worker-64: Building] INFO  o.a.m.s.f.DefaultMavenResourcesFiltering - Copying 5 resources from src\main\resources to target\classes
2025-06-15 21:30:47,734 [Worker-64: Building] INFO  o.a.m.s.f.DefaultMavenResourcesFiltering - skip non existing resourceDirectory D:\Pranav All study Material\marktetplace\marketplace\src\test\resources
2025-06-15 21:32:50,419 [Worker-63: Building] INFO  o.a.m.s.f.DefaultMavenResourcesFiltering - Copying 0 resource from src\main\resources to target\classes
2025-06-15 21:32:50,420 [Worker-63: Building] INFO  o.a.m.s.f.DefaultMavenResourcesFiltering - Copying 1 resource from src\main\resources to target\classes
2025-06-15 21:32:50,429 [Worker-63: Building] INFO  o.a.m.s.f.DefaultMavenResourcesFiltering - skip non existing resourceDirectory D:\Pranav All study Material\marktetplace\marketplace\src\test\resources
2025-06-15 21:54:30,122 [Worker-70: Building] INFO  o.a.m.s.f.DefaultMavenResourcesFiltering - Copying 1 resource from src\main\resources to target\classes
2025-06-15 21:54:30,167 [Worker-70: Building] INFO  o.a.m.s.f.DefaultMavenResourcesFiltering - Copying 5 resources from src\main\resources to target\classes
2025-06-15 21:54:30,171 [Worker-70: Building] INFO  o.a.m.s.f.DefaultMavenResourcesFiltering - skip non existing resourceDirectory D:\Pranav All study Material\marktetplace\marketplace\src\test\resources
2025-06-15 21:54:53,250 [Worker-69: Building] INFO  o.a.m.s.f.DefaultMavenResourcesFiltering - Copying 1 resource from src\main\resources to target\classes
2025-06-15 21:54:53,295 [Worker-69: Building] INFO  o.a.m.s.f.DefaultMavenResourcesFiltering - Copying 5 resources from src\main\resources to target\classes
2025-06-15 21:54:53,302 [Worker-69: Building] INFO  o.a.m.s.f.DefaultMavenResourcesFiltering - skip non existing resourceDirectory D:\Pranav All study Material\marktetplace\marketplace\src\test\resources
2025-06-15 21:55:17,159 [Worker-70: Building] INFO  o.a.m.s.f.DefaultMavenResourcesFiltering - Copying 1 resource from src\main\resources to target\classes
2025-06-15 21:55:17,180 [Worker-70: Building] INFO  o.a.m.s.f.DefaultMavenResourcesFiltering - Copying 5 resources from src\main\resources to target\classes
2025-06-15 21:55:17,186 [Worker-70: Building] INFO  o.a.m.s.f.DefaultMavenResourcesFiltering - skip non existing resourceDirectory D:\Pranav All study Material\marktetplace\marketplace\src\test\resources
2025-06-15 21:55:34,599 [Worker-70: Building] INFO  o.a.m.s.f.DefaultMavenResourcesFiltering - Copying 1 resource from src\main\resources to target\classes
2025-06-15 21:55:34,606 [Worker-70: Building] INFO  o.a.m.s.f.DefaultMavenResourcesFiltering - Copying 5 resources from src\main\resources to target\classes
2025-06-15 21:55:34,611 [Worker-70: Building] INFO  o.a.m.s.f.DefaultMavenResourcesFiltering - skip non existing resourceDirectory D:\Pranav All study Material\marktetplace\marketplace\src\test\resources
2025-06-15 21:58:01,308 [Worker-72: Building] INFO  o.a.m.s.f.DefaultMavenResourcesFiltering - Copying 1 resource from src\main\resources to target\classes
2025-06-15 21:58:01,353 [Worker-72: Building] INFO  o.a.m.s.f.DefaultMavenResourcesFiltering - Copying 5 resources from src\main\resources to target\classes
2025-06-15 21:58:01,358 [Worker-72: Building] INFO  o.a.m.s.f.DefaultMavenResourcesFiltering - skip non existing resourceDirectory D:\Pranav All study Material\marktetplace\marketplace\src\test\resources
2025-06-15 22:01:34,475 [Worker-72: Building] INFO  o.a.m.s.f.DefaultMavenResourcesFiltering - Copying 1 resource from src\main\resources to target\classes
2025-06-15 22:01:34,485 [Worker-72: Building] INFO  o.a.m.s.f.DefaultMavenResourcesFiltering - Copying 5 resources from src\main\resources to target\classes
2025-06-15 22:01:34,489 [Worker-72: Building] INFO  o.a.m.s.f.DefaultMavenResourcesFiltering - skip non existing resourceDirectory D:\Pranav All study Material\marktetplace\marketplace\src\test\resources
2025-06-15 22:02:54,117 [Worker-71: Building] INFO  o.a.m.s.f.DefaultMavenResourcesFiltering - Copying 1 resource from src\main\resources to target\classes
2025-06-15 22:02:54,165 [Worker-71: Building] INFO  o.a.m.s.f.DefaultMavenResourcesFiltering - Copying 5 resources from src\main\resources to target\classes
2025-06-15 22:02:54,170 [Worker-71: Building] INFO  o.a.m.s.f.DefaultMavenResourcesFiltering - skip non existing resourceDirectory D:\Pranav All study Material\marktetplace\marketplace\src\test\resources
2025-06-15 22:04:43,253 [Worker-73: Building] INFO  o.a.m.s.f.DefaultMavenResourcesFiltering - Copying 1 resource from src\main\resources to target\classes
2025-06-15 22:04:43,294 [Worker-73: Building] INFO  o.a.m.s.f.DefaultMavenResourcesFiltering - Copying 5 resources from src\main\resources to target\classes
2025-06-15 22:04:43,298 [Worker-73: Building] INFO  o.a.m.s.f.DefaultMavenResourcesFiltering - skip non existing resourceDirectory D:\Pranav All study Material\marktetplace\marketplace\src\test\resources
2025-06-15 22:04:47,878 [Worker-73: Building] INFO  o.a.m.s.f.DefaultMavenResourcesFiltering - Copying 1 resource from src\main\resources to target\classes
2025-06-15 22:04:47,900 [Worker-73: Building] INFO  o.a.m.s.f.DefaultMavenResourcesFiltering - Copying 5 resources from src\main\resources to target\classes
2025-06-15 22:04:47,904 [Worker-73: Building] INFO  o.a.m.s.f.DefaultMavenResourcesFiltering - skip non existing resourceDirectory D:\Pranav All study Material\marktetplace\marketplace\src\test\resources
2025-06-15 22:05:17,029 [Worker-70: Building] INFO  o.a.m.s.f.DefaultMavenResourcesFiltering - Copying 1 resource from src\main\resources to target\classes
2025-06-15 22:05:17,037 [Worker-70: Building] INFO  o.a.m.s.f.DefaultMavenResourcesFiltering - Copying 5 resources from src\main\resources to target\classes
2025-06-15 22:05:17,041 [Worker-70: Building] INFO  o.a.m.s.f.DefaultMavenResourcesFiltering - skip non existing resourceDirectory D:\Pranav All study Material\marktetplace\marketplace\src\test\resources
2025-06-15 22:06:58,327 [Worker-75: Building] INFO  o.a.m.s.f.DefaultMavenResourcesFiltering - Copying 1 resource from src\main\resources to target\classes
2025-06-15 22:06:58,334 [Worker-75: Building] INFO  o.a.m.s.f.DefaultMavenResourcesFiltering - Copying 5 resources from src\main\resources to target\classes
2025-06-15 22:06:58,338 [Worker-75: Building] INFO  o.a.m.s.f.DefaultMavenResourcesFiltering - skip non existing resourceDirectory D:\Pranav All study Material\marktetplace\marketplace\src\test\resources
2025-06-15 22:08:18,393 [Worker-69: Building] INFO  o.a.m.s.f.DefaultMavenResourcesFiltering - Copying 1 resource from src\main\resources to target\classes
2025-06-15 22:08:18,434 [Worker-69: Building] INFO  o.a.m.s.f.DefaultMavenResourcesFiltering - Copying 5 resources from src\main\resources to target\classes
2025-06-15 22:08:18,438 [Worker-69: Building] INFO  o.a.m.s.f.DefaultMavenResourcesFiltering - skip non existing resourceDirectory D:\Pranav All study Material\marktetplace\marketplace\src\test\resources
2025-06-15 22:08:34,828 [Worker-75: Building] INFO  o.a.m.s.f.DefaultMavenResourcesFiltering - Copying 1 resource from src\main\resources to target\classes
2025-06-15 22:08:34,865 [Worker-75: Building] INFO  o.a.m.s.f.DefaultMavenResourcesFiltering - Copying 5 resources from src\main\resources to target\classes
2025-06-15 22:08:34,870 [Worker-75: Building] INFO  o.a.m.s.f.DefaultMavenResourcesFiltering - skip non existing resourceDirectory D:\Pranav All study Material\marktetplace\marketplace\src\test\resources
2025-06-15 22:10:37,036 [Worker-71: Building] INFO  o.a.m.s.f.DefaultMavenResourcesFiltering - Copying 0 resource from src\main\resources to target\classes
2025-06-15 22:10:37,037 [Worker-71: Building] INFO  o.a.m.s.f.DefaultMavenResourcesFiltering - Copying 1 resource from src\main\resources to target\classes
2025-06-15 22:10:37,044 [Worker-71: Building] INFO  o.a.m.s.f.DefaultMavenResourcesFiltering - skip non existing resourceDirectory D:\Pranav All study Material\marktetplace\marketplace\src\test\resources
2025-06-15 22:10:40,271 [Worker-77: Building] INFO  o.a.m.s.f.DefaultMavenResourcesFiltering - Copying 0 resource from src\main\resources to target\classes
2025-06-15 22:10:40,275 [Worker-77: Building] INFO  o.a.m.s.f.DefaultMavenResourcesFiltering - Copying 1 resource from src\main\resources to target\classes
2025-06-15 22:10:40,289 [Worker-77: Building] INFO  o.a.m.s.f.DefaultMavenResourcesFiltering - skip non existing resourceDirectory D:\Pranav All study Material\marktetplace\marketplace\src\test\resources
2025-06-15 22:11:45,775 [Worker-80: Building] INFO  o.a.m.s.f.DefaultMavenResourcesFiltering - Copying 0 resource from src\main\resources to target\classes
2025-06-15 22:11:45,776 [Worker-80: Building] INFO  o.a.m.s.f.DefaultMavenResourcesFiltering - Copying 1 resource from src\main\resources to target\classes
2025-06-15 22:11:45,784 [Worker-80: Building] INFO  o.a.m.s.f.DefaultMavenResourcesFiltering - skip non existing resourceDirectory D:\Pranav All study Material\marktetplace\marketplace\src\test\resources
2025-06-15 22:17:11,582 [Worker-81: Building] INFO  o.a.m.s.f.DefaultMavenResourcesFiltering - Copying 1 resource from src\main\resources to target\classes
2025-06-15 22:17:11,626 [Worker-81: Building] INFO  o.a.m.s.f.DefaultMavenResourcesFiltering - Copying 0 resource from src\main\resources to target\classes
2025-06-15 22:17:11,633 [Worker-81: Building] INFO  o.a.m.s.f.DefaultMavenResourcesFiltering - skip non existing resourceDirectory D:\Pranav All study Material\marktetplace\marketplace\src\test\resources
2025-06-15 22:21:00,791 [Worker-82: Building] INFO  o.a.m.s.f.DefaultMavenResourcesFiltering - Copying 1 resource from src\main\resources to target\classes
2025-06-15 22:21:00,808 [Worker-82: Building] INFO  o.a.m.s.f.DefaultMavenResourcesFiltering - Copying 6 resources from src\main\resources to target\classes
2025-06-15 22:21:00,824 [Worker-82: Building] INFO  o.a.m.s.f.DefaultMavenResourcesFiltering - skip non existing resourceDirectory D:\Pranav All study Material\marktetplace\marketplace\src\test\resources
2025-06-15 22:25:34,633 [Worker-86: Building] INFO  o.a.m.s.f.DefaultMavenResourcesFiltering - Copying 1 resource from src\main\resources to target\classes
2025-06-15 22:25:34,746 [Worker-86: Building] INFO  o.a.m.s.f.DefaultMavenResourcesFiltering - Copying 6 resources from src\main\resources to target\classes
2025-06-15 22:25:34,755 [Worker-86: Building] INFO  o.a.m.s.f.DefaultMavenResourcesFiltering - skip non existing resourceDirectory D:\Pranav All study Material\marktetplace\marketplace\src\test\resources
2025-06-15 22:25:38,939 [Worker-84: Building] INFO  o.a.m.s.f.DefaultMavenResourcesFiltering - Copying 1 resource from src\main\resources to target\classes
2025-06-15 22:25:38,960 [Worker-84: Building] INFO  o.a.m.s.f.DefaultMavenResourcesFiltering - Copying 6 resources from src\main\resources to target\classes
2025-06-15 22:25:38,968 [Worker-84: Building] INFO  o.a.m.s.f.DefaultMavenResourcesFiltering - skip non existing resourceDirectory D:\Pranav All study Material\marktetplace\marketplace\src\test\resources
2025-06-15 22:29:12,085 [Worker-84: Building] INFO  o.a.m.s.f.DefaultMavenResourcesFiltering - Copying 1 resource from src\main\resources to target\classes
2025-06-15 22:29:12,183 [Worker-84: Building] INFO  o.a.m.s.f.DefaultMavenResourcesFiltering - Copying 6 resources from src\main\resources to target\classes
2025-06-15 22:29:12,194 [Worker-84: Building] INFO  o.a.m.s.f.DefaultMavenResourcesFiltering - skip non existing resourceDirectory D:\Pranav All study Material\marktetplace\marketplace\src\test\resources
2025-06-15 22:34:10,854 [Worker-88: Building] INFO  o.a.m.s.f.DefaultMavenResourcesFiltering - Copying 1 resource from src\main\resources to target\classes
2025-06-15 22:34:10,904 [Worker-88: Building] INFO  o.a.m.s.f.DefaultMavenResourcesFiltering - Copying 6 resources from src\main\resources to target\classes
2025-06-15 22:34:10,911 [Worker-88: Building] INFO  o.a.m.s.f.DefaultMavenResourcesFiltering - skip non existing resourceDirectory D:\Pranav All study Material\marktetplace\marketplace\src\test\resources
2025-06-15 22:37:44,615 [Worker-86: Building] INFO  o.a.m.s.f.DefaultMavenResourcesFiltering - Copying 1 resource from src\main\resources to target\classes
2025-06-15 22:37:44,644 [Worker-86: Building] INFO  o.a.m.s.f.DefaultMavenResourcesFiltering - Copying 6 resources from src\main\resources to target\classes
2025-06-15 22:37:44,650 [Worker-86: Building] INFO  o.a.m.s.f.DefaultMavenResourcesFiltering - skip non existing resourceDirectory D:\Pranav All study Material\marktetplace\marketplace\src\test\resources
2025-06-15 22:41:19,132 [Worker-86: Building] INFO  o.a.m.s.f.DefaultMavenResourcesFiltering - Copying 1 resource from src\main\resources to target\classes
2025-06-15 22:41:19,156 [Worker-86: Building] INFO  o.a.m.s.f.DefaultMavenResourcesFiltering - Copying 6 resources from src\main\resources to target\classes
2025-06-15 22:41:19,161 [Worker-86: Building] INFO  o.a.m.s.f.DefaultMavenResourcesFiltering - skip non existing resourceDirectory D:\Pranav All study Material\marktetplace\marketplace\src\test\resources
2025-06-15 22:52:00,608 [Worker-92: Building] INFO  o.a.m.s.f.DefaultMavenResourcesFiltering - Copying 0 resource from src\main\resources to target\classes
2025-06-15 22:52:00,612 [Worker-92: Building] INFO  o.a.m.s.f.DefaultMavenResourcesFiltering - Copying 1 resource from src\main\resources to target\classes
2025-06-15 22:52:00,620 [Worker-92: Building] INFO  o.a.m.s.f.DefaultMavenResourcesFiltering - skip non existing resourceDirectory D:\Pranav All study Material\marktetplace\marketplace\src\test\resources
2025-06-15 22:52:07,349 [Worker-89: Building] INFO  o.a.m.s.f.DefaultMavenResourcesFiltering - Copying 0 resource from src\main\resources to target\classes
2025-06-15 22:52:07,352 [Worker-89: Building] INFO  o.a.m.s.f.DefaultMavenResourcesFiltering - Copying 1 resource from src\main\resources to target\classes
2025-06-15 22:52:07,364 [Worker-89: Building] INFO  o.a.m.s.f.DefaultMavenResourcesFiltering - skip non existing resourceDirectory D:\Pranav All study Material\marktetplace\marketplace\src\test\resources
2025-06-15 22:56:18,149 [Worker-93: Building] INFO  o.a.m.s.f.DefaultMavenResourcesFiltering - Copying 0 resource from src\main\resources to target\classes
2025-06-15 22:56:18,151 [Worker-93: Building] INFO  o.a.m.s.f.DefaultMavenResourcesFiltering - Copying 1 resource from src\main\resources to target\classes
2025-06-15 22:56:18,157 [Worker-93: Building] INFO  o.a.m.s.f.DefaultMavenResourcesFiltering - skip non existing resourceDirectory D:\Pranav All study Material\marktetplace\marketplace\src\test\resources
2025-06-15 22:56:31,510 [Worker-97: Launching MarketplaceApplication] INFO  o.a.m.s.f.DefaultMavenResourcesFiltering - Copying 0 resource from src\main\resources to target\classes
2025-06-15 22:56:31,511 [Worker-97: Launching MarketplaceApplication] INFO  o.a.m.s.f.DefaultMavenResourcesFiltering - Copying 1 resource from src\main\resources to target\classes
2025-06-15 22:56:31,517 [Worker-97: Launching MarketplaceApplication] INFO  o.a.m.s.f.DefaultMavenResourcesFiltering - skip non existing resourceDirectory D:\Pranav All study Material\marktetplace\marketplace\src\test\resources
2025-06-15 22:58:27,875 [Worker-86: Building] INFO  o.a.m.s.f.DefaultMavenResourcesFiltering - Copying 0 resource from src\main\resources to target\classes
2025-06-15 22:58:27,877 [Worker-86: Building] INFO  o.a.m.s.f.DefaultMavenResourcesFiltering - Copying 1 resource from src\main\resources to target\classes
2025-06-15 22:58:27,884 [Worker-86: Building] INFO  o.a.m.s.f.DefaultMavenResourcesFiltering - skip non existing resourceDirectory D:\Pranav All study Material\marktetplace\marketplace\src\test\resources
2025-06-15 23:27:37,273 [Worker-104: Building] INFO  o.a.m.s.f.DefaultMavenResourcesFiltering - Copying 1 resource from src\main\resources to target\classes
2025-06-15 23:27:37,332 [Worker-104: Building] INFO  o.a.m.s.f.DefaultMavenResourcesFiltering - Copying 7 resources from src\main\resources to target\classes
2025-06-15 23:27:37,335 [Worker-104: Building] INFO  o.a.m.s.f.DefaultMavenResourcesFiltering - skip non existing resourceDirectory D:\Pranav All study Material\marktetplace\marketplace\src\test\resources
2025-06-15 23:27:46,694 [Worker-108: Building] INFO  o.a.m.s.f.DefaultMavenResourcesFiltering - Copying 1 resource from src\main\resources to target\classes
2025-06-15 23:27:46,783 [Worker-108: Building] INFO  o.a.m.s.f.DefaultMavenResourcesFiltering - Copying 7 resources from src\main\resources to target\classes
2025-06-15 23:27:46,790 [Worker-108: Building] INFO  o.a.m.s.f.DefaultMavenResourcesFiltering - skip non existing resourceDirectory D:\Pranav All study Material\marktetplace\marketplace\src\test\resources
2025-06-15 23:28:18,393 [Worker-109: Building] INFO  o.a.m.s.f.DefaultMavenResourcesFiltering - Copying 0 resource from src\main\resources to target\classes
2025-06-15 23:28:18,394 [Worker-109: Building] INFO  o.a.m.s.f.DefaultMavenResourcesFiltering - Copying 1 resource from src\main\resources to target\classes
2025-06-15 23:28:18,400 [Worker-109: Building] INFO  o.a.m.s.f.DefaultMavenResourcesFiltering - skip non existing resourceDirectory D:\Pranav All study Material\marktetplace\marketplace\src\test\resources
2025-06-15 23:28:21,829 [Worker-109: Building] INFO  o.a.m.s.f.DefaultMavenResourcesFiltering - Copying 0 resource from src\main\resources to target\classes
2025-06-15 23:28:21,830 [Worker-109: Building] INFO  o.a.m.s.f.DefaultMavenResourcesFiltering - Copying 1 resource from src\main\resources to target\classes
2025-06-15 23:28:21,836 [Worker-109: Building] INFO  o.a.m.s.f.DefaultMavenResourcesFiltering - skip non existing resourceDirectory D:\Pranav All study Material\marktetplace\marketplace\src\test\resources
2025-06-15 23:29:01,922 [Worker-107: Building] INFO  o.a.m.s.f.DefaultMavenResourcesFiltering - Copying 0 resource from src\main\resources to target\classes
2025-06-15 23:29:01,923 [Worker-107: Building] INFO  o.a.m.s.f.DefaultMavenResourcesFiltering - Copying 1 resource from src\main\resources to target\classes
2025-06-15 23:29:01,927 [Worker-107: Building] INFO  o.a.m.s.f.DefaultMavenResourcesFiltering - skip non existing resourceDirectory D:\Pranav All study Material\marktetplace\marketplace\src\test\resources
2025-06-15 23:33:44,037 [Worker-109: Building] INFO  o.a.m.s.f.DefaultMavenResourcesFiltering - Copying 0 resource from src\main\resources to target\classes
2025-06-15 23:33:44,039 [Worker-109: Building] INFO  o.a.m.s.f.DefaultMavenResourcesFiltering - Copying 1 resource from src\main\resources to target\classes
2025-06-15 23:33:44,045 [Worker-109: Building] INFO  o.a.m.s.f.DefaultMavenResourcesFiltering - skip non existing resourceDirectory D:\Pranav All study Material\marktetplace\marketplace\src\test\resources
2025-06-15 23:34:33,229 [Worker-107: Building] INFO  o.a.m.s.f.DefaultMavenResourcesFiltering - Copying 0 resource from src\main\resources to target\classes
2025-06-15 23:34:33,230 [Worker-107: Building] INFO  o.a.m.s.f.DefaultMavenResourcesFiltering - Copying 1 resource from src\main\resources to target\classes
2025-06-15 23:34:33,235 [Worker-107: Building] INFO  o.a.m.s.f.DefaultMavenResourcesFiltering - skip non existing resourceDirectory D:\Pranav All study Material\marktetplace\marketplace\src\test\resources
2025-06-16 09:19:42,471 [Worker-4: Loading available Gradle versions] INFO  o.e.b.c.i.u.g.PublishedGradleVersions - Gradle version information cache is up-to-date. Trying to read.
2025-06-16 09:33:12,834 [Worker-0: Loading available Gradle versions] INFO  o.e.b.c.i.u.g.PublishedGradleVersions - Gradle version information cache is up-to-date. Trying to read.
2025-06-16 10:56:00,842 [Worker-34: Building] INFO  o.a.m.s.f.DefaultMavenResourcesFiltering - Copying 1 resource from src\main\resources to target\classes
2025-06-16 10:56:00,885 [Worker-34: Building] INFO  o.a.m.s.f.DefaultMavenResourcesFiltering - Copying 8 resources from src\main\resources to target\classes
2025-06-16 10:56:00,895 [Worker-34: Building] INFO  o.a.m.s.f.DefaultMavenResourcesFiltering - skip non existing resourceDirectory D:\Pranav All study Material\marktetplace\marketplace\src\test\resources
2025-06-17 12:15:08,930 [Worker-2: Loading available Gradle versions] INFO  o.e.b.c.i.u.g.PublishedGradleVersions - Gradle version information cache is out-of-date. Trying to update.
2025-06-17 12:49:34,675 [Worker-6: Loading available Gradle versions] INFO  o.e.b.c.i.u.g.PublishedGradleVersions - Gradle version information cache is up-to-date. Trying to read.
2025-06-17 12:50:56,965 [Worker-28: Building] INFO  o.a.m.s.f.DefaultMavenResourcesFiltering - Copying 1 resource from src\main\resources to target\classes
2025-06-17 12:50:57,015 [Worker-28: Building] INFO  o.a.m.s.f.DefaultMavenResourcesFiltering - Copying 8 resources from src\main\resources to target\classes
2025-06-17 12:50:57,069 [Worker-28: Building] INFO  o.a.m.s.f.DefaultMavenResourcesFiltering - skip non existing resourceDirectory D:\Pranav All study Material\marktetplace\marketplace\src\test\resources
2025-06-17 12:51:11,280 [Worker-17: Building] INFO  o.a.m.s.f.DefaultMavenResourcesFiltering - Copying 1 resource from src\main\resources to target\classes
2025-06-17 12:51:11,289 [Worker-17: Building] INFO  o.a.m.s.f.DefaultMavenResourcesFiltering - Copying 8 resources from src\main\resources to target\classes
2025-06-17 12:51:11,298 [Worker-17: Building] INFO  o.a.m.s.f.DefaultMavenResourcesFiltering - skip non existing resourceDirectory D:\Pranav All study Material\marktetplace\marketplace\src\test\resources
2025-06-17 12:51:21,627 [Worker-28: Building] INFO  o.a.m.s.f.DefaultMavenResourcesFiltering - Copying 1 resource from src\main\resources to target\classes
2025-06-17 12:51:21,632 [Worker-28: Building] INFO  o.a.m.s.f.DefaultMavenResourcesFiltering - Copying 8 resources from src\main\resources to target\classes
2025-06-17 12:51:21,637 [Worker-28: Building] INFO  o.a.m.s.f.DefaultMavenResourcesFiltering - skip non existing resourceDirectory D:\Pranav All study Material\marktetplace\marketplace\src\test\resources
2025-06-17 12:51:30,726 [Worker-26: Building] INFO  o.a.m.s.f.DefaultMavenResourcesFiltering - Copying 1 resource from src\main\resources to target\classes
2025-06-17 12:51:30,730 [Worker-26: Building] INFO  o.a.m.s.f.DefaultMavenResourcesFiltering - Copying 8 resources from src\main\resources to target\classes
2025-06-17 12:51:30,761 [Worker-26: Building] INFO  o.a.m.s.f.DefaultMavenResourcesFiltering - skip non existing resourceDirectory D:\Pranav All study Material\marktetplace\marketplace\src\test\resources
2025-06-17 12:53:03,192 [Worker-4: Building] INFO  o.a.m.s.f.DefaultMavenResourcesFiltering - Copying 1 resource from src\main\resources to target\classes
2025-06-17 12:53:03,212 [Worker-4: Building] INFO  o.a.m.s.f.DefaultMavenResourcesFiltering - Copying 8 resources from src\main\resources to target\classes
2025-06-17 12:53:03,223 [Worker-4: Building] INFO  o.a.m.s.f.DefaultMavenResourcesFiltering - skip non existing resourceDirectory D:\Pranav All study Material\marktetplace\marketplace\src\test\resources
2025-06-17 12:53:31,488 [Worker-5: Building] INFO  o.a.m.s.f.DefaultMavenResourcesFiltering - Copying 1 resource from src\main\resources to target\classes
2025-06-17 12:53:31,496 [Worker-5: Building] INFO  o.a.m.s.f.DefaultMavenResourcesFiltering - Copying 8 resources from src\main\resources to target\classes
2025-06-17 12:53:31,501 [Worker-5: Building] INFO  o.a.m.s.f.DefaultMavenResourcesFiltering - skip non existing resourceDirectory D:\Pranav All study Material\marktetplace\marketplace\src\test\resources
2025-06-17 12:53:46,153 [Worker-5: Building] INFO  o.a.m.s.f.DefaultMavenResourcesFiltering - Copying 1 resource from src\main\resources to target\classes
2025-06-17 12:53:46,160 [Worker-5: Building] INFO  o.a.m.s.f.DefaultMavenResourcesFiltering - Copying 8 resources from src\main\resources to target\classes
2025-06-17 12:53:46,167 [Worker-5: Building] INFO  o.a.m.s.f.DefaultMavenResourcesFiltering - skip non existing resourceDirectory D:\Pranav All study Material\marktetplace\marketplace\src\test\resources
2025-06-17 12:54:00,488 [Worker-28: Building] INFO  o.a.m.s.f.DefaultMavenResourcesFiltering - Copying 1 resource from src\main\resources to target\classes
2025-06-17 12:54:00,496 [Worker-28: Building] INFO  o.a.m.s.f.DefaultMavenResourcesFiltering - Copying 8 resources from src\main\resources to target\classes
2025-06-17 12:54:00,504 [Worker-28: Building] INFO  o.a.m.s.f.DefaultMavenResourcesFiltering - skip non existing resourceDirectory D:\Pranav All study Material\marktetplace\marketplace\src\test\resources
2025-06-17 13:12:19,922 [Worker-24: Building] INFO  o.a.m.s.f.DefaultMavenResourcesFiltering - Copying 0 resource from src\main\resources to target\classes
2025-06-17 13:12:19,937 [Worker-24: Building] INFO  o.a.m.s.f.DefaultMavenResourcesFiltering - Copying 1 resource from src\main\resources to target\classes
2025-06-17 13:12:19,953 [Worker-24: Building] INFO  o.a.m.s.f.DefaultMavenResourcesFiltering - skip non existing resourceDirectory D:\Pranav All study Material\marktetplace\marketplace\src\test\resources
2025-06-17 13:15:16,698 [Worker-33: Building] INFO  o.a.m.s.f.DefaultMavenResourcesFiltering - Copying 0 resource from src\main\resources to target\classes
2025-06-17 13:15:16,701 [Worker-33: Building] INFO  o.a.m.s.f.DefaultMavenResourcesFiltering - Copying 1 resource from src\main\resources to target\classes
2025-06-17 13:15:16,711 [Worker-33: Building] INFO  o.a.m.s.f.DefaultMavenResourcesFiltering - skip non existing resourceDirectory D:\Pranav All study Material\marktetplace\marketplace\src\test\resources
2025-06-17 13:19:31,233 [Worker-36: Building] INFO  o.a.m.s.f.DefaultMavenResourcesFiltering - Copying 0 resource from src\main\resources to target\classes
2025-06-17 13:19:31,238 [Worker-36: Building] INFO  o.a.m.s.f.DefaultMavenResourcesFiltering - Copying 0 resource from src\main\resources to target\classes
2025-06-17 13:19:31,244 [Worker-36: Building] INFO  o.a.m.s.f.DefaultMavenResourcesFiltering - skip non existing resourceDirectory D:\Pranav All study Material\marktetplace\marketplace\src\test\resources
2025-06-17 13:19:34,914 [Worker-36: Building] INFO  o.a.m.s.f.DefaultMavenResourcesFiltering - Copying 0 resource from src\main\resources to target\classes
2025-06-17 13:19:34,916 [Worker-36: Building] INFO  o.a.m.s.f.DefaultMavenResourcesFiltering - Copying 0 resource from src\main\resources to target\classes
2025-06-17 13:19:34,924 [Worker-36: Building] INFO  o.a.m.s.f.DefaultMavenResourcesFiltering - skip non existing resourceDirectory D:\Pranav All study Material\marktetplace\marketplace\src\test\resources
2025-06-17 13:23:55,575 [Worker-36: Building] INFO  o.a.m.s.f.DefaultMavenResourcesFiltering - Copying 0 resource from src\main\resources to target\classes
2025-06-17 13:23:55,581 [Worker-36: Building] INFO  o.a.m.s.f.DefaultMavenResourcesFiltering - Copying 1 resource from src\main\resources to target\classes
2025-06-17 13:23:55,684 [Worker-36: Building] INFO  o.a.m.s.f.DefaultMavenResourcesFiltering - skip non existing resourceDirectory D:\Pranav All study Material\marktetplace\marketplace\src\test\resources
2025-06-17 13:34:07,763 [Worker-34: Building] INFO  o.a.m.s.f.DefaultMavenResourcesFiltering - Copying 0 resource from src\main\resources to target\classes
2025-06-17 13:34:07,766 [Worker-34: Building] INFO  o.a.m.s.f.DefaultMavenResourcesFiltering - Copying 1 resource from src\main\resources to target\classes
2025-06-17 13:34:07,775 [Worker-34: Building] INFO  o.a.m.s.f.DefaultMavenResourcesFiltering - skip non existing resourceDirectory D:\Pranav All study Material\marktetplace\marketplace\src\test\resources
2025-06-17 13:34:26,975 [Worker-41: Building] INFO  o.a.m.s.f.DefaultMavenResourcesFiltering - Copying 0 resource from src\main\resources to target\classes
2025-06-17 13:34:26,977 [Worker-41: Building] INFO  o.a.m.s.f.DefaultMavenResourcesFiltering - Copying 1 resource from src\main\resources to target\classes
2025-06-17 13:34:26,988 [Worker-41: Building] INFO  o.a.m.s.f.DefaultMavenResourcesFiltering - skip non existing resourceDirectory D:\Pranav All study Material\marktetplace\marketplace\src\test\resources
2025-06-17 13:37:40,489 [Worker-43: Building] INFO  o.a.m.s.f.DefaultMavenResourcesFiltering - Copying 0 resource from src\main\resources to target\classes
2025-06-17 13:37:40,496 [Worker-43: Building] INFO  o.a.m.s.f.DefaultMavenResourcesFiltering - Copying 1 resource from src\main\resources to target\classes
2025-06-17 13:37:40,503 [Worker-43: Building] INFO  o.a.m.s.f.DefaultMavenResourcesFiltering - skip non existing resourceDirectory D:\Pranav All study Material\marktetplace\marketplace\src\test\resources
2025-06-17 15:07:13,860 [Worker-4: Loading available Gradle versions] INFO  o.e.b.c.i.u.g.PublishedGradleVersions - Gradle version information cache is up-to-date. Trying to read.
2025-06-17 15:08:16,242 [Worker-14: Building] INFO  o.a.m.s.f.DefaultMavenResourcesFiltering - Copying 1 resource from src\main\resources to target\classes
2025-06-17 15:08:16,276 [Worker-14: Building] INFO  o.a.m.s.f.DefaultMavenResourcesFiltering - Copying 6 resources from src\main\resources to target\classes
2025-06-17 15:08:16,288 [Worker-14: Building] INFO  o.a.m.s.f.DefaultMavenResourcesFiltering - skip non existing resourceDirectory D:\Pranav All study Material\marktetplace\marketplace\src\test\resources
2025-06-17 15:08:27,600 [Worker-28: Building] INFO  o.a.m.s.f.DefaultMavenResourcesFiltering - Copying 0 resource from src\main\resources to target\classes
2025-06-17 15:08:27,601 [Worker-28: Building] INFO  o.a.m.s.f.DefaultMavenResourcesFiltering - Copying 0 resource from src\main\resources to target\classes
2025-06-17 15:08:27,607 [Worker-28: Building] INFO  o.a.m.s.f.DefaultMavenResourcesFiltering - skip non existing resourceDirectory D:\Pranav All study Material\marktetplace\marketplace\src\test\resources
2025-06-17 15:08:32,920 [Worker-10: Building] INFO  o.a.m.s.f.DefaultMavenResourcesFiltering - Copying 0 resource from src\main\resources to target\classes
2025-06-17 15:08:32,923 [Worker-10: Building] INFO  o.a.m.s.f.DefaultMavenResourcesFiltering - Copying 0 resource from src\main\resources to target\classes
2025-06-17 15:08:32,930 [Worker-10: Building] INFO  o.a.m.s.f.DefaultMavenResourcesFiltering - skip non existing resourceDirectory D:\Pranav All study Material\marktetplace\marketplace\src\test\resources
2025-06-17 15:08:38,666 [Worker-10: Building] INFO  o.a.m.s.f.DefaultMavenResourcesFiltering - Copying 0 resource from src\main\resources to target\classes
2025-06-17 15:08:38,668 [Worker-10: Building] INFO  o.a.m.s.f.DefaultMavenResourcesFiltering - Copying 0 resource from src\main\resources to target\classes
2025-06-17 15:08:38,674 [Worker-10: Building] INFO  o.a.m.s.f.DefaultMavenResourcesFiltering - skip non existing resourceDirectory D:\Pranav All study Material\marktetplace\marketplace\src\test\resources
2025-06-17 15:08:43,266 [Worker-9: Building] INFO  o.a.m.s.f.DefaultMavenResourcesFiltering - Copying 1 resource from src\main\resources to target\classes
2025-06-17 15:08:43,274 [Worker-9: Building] INFO  o.a.m.s.f.DefaultMavenResourcesFiltering - Copying 6 resources from src\main\resources to target\classes
2025-06-17 15:08:43,281 [Worker-9: Building] INFO  o.a.m.s.f.DefaultMavenResourcesFiltering - skip non existing resourceDirectory D:\Pranav All study Material\marktetplace\marketplace\src\test\resources
2025-06-17 15:08:49,931 [Worker-23: Building] INFO  o.a.m.s.f.DefaultMavenResourcesFiltering - Copying 1 resource from src\main\resources to target\classes
2025-06-17 15:08:49,938 [Worker-23: Building] INFO  o.a.m.s.f.DefaultMavenResourcesFiltering - Copying 6 resources from src\main\resources to target\classes
2025-06-17 15:08:49,946 [Worker-23: Building] INFO  o.a.m.s.f.DefaultMavenResourcesFiltering - skip non existing resourceDirectory D:\Pranav All study Material\marktetplace\marketplace\src\test\resources
2025-06-17 15:08:54,045 [Worker-22: Building] INFO  o.a.m.s.f.DefaultMavenResourcesFiltering - Copying 1 resource from src\main\resources to target\classes
2025-06-17 15:08:54,053 [Worker-22: Building] INFO  o.a.m.s.f.DefaultMavenResourcesFiltering - Copying 6 resources from src\main\resources to target\classes
2025-06-17 15:08:54,059 [Worker-22: Building] INFO  o.a.m.s.f.DefaultMavenResourcesFiltering - skip non existing resourceDirectory D:\Pranav All study Material\marktetplace\marketplace\src\test\resources
2025-06-17 15:08:58,584 [Worker-15: Building] INFO  o.a.m.s.f.DefaultMavenResourcesFiltering - Copying 1 resource from src\main\resources to target\classes
2025-06-17 15:08:58,592 [Worker-15: Building] INFO  o.a.m.s.f.DefaultMavenResourcesFiltering - Copying 6 resources from src\main\resources to target\classes
2025-06-17 15:08:58,601 [Worker-15: Building] INFO  o.a.m.s.f.DefaultMavenResourcesFiltering - skip non existing resourceDirectory D:\Pranav All study Material\marktetplace\marketplace\src\test\resources
2025-06-17 15:15:07,229 [Worker-32: Building] INFO  o.a.m.s.f.DefaultMavenResourcesFiltering - Copying 1 resource from src\main\resources to target\classes
2025-06-17 15:15:07,268 [Worker-32: Building] INFO  o.a.m.s.f.DefaultMavenResourcesFiltering - Copying 6 resources from src\main\resources to target\classes
2025-06-17 15:15:07,272 [Worker-32: Building] INFO  o.a.m.s.f.DefaultMavenResourcesFiltering - skip non existing resourceDirectory D:\Pranav All study Material\marktetplace\marketplace\src\test\resources
2025-06-17 15:15:18,036 [Worker-31: Building] INFO  o.a.m.s.f.DefaultMavenResourcesFiltering - Copying 1 resource from src\main\resources to target\classes
2025-06-17 15:15:18,074 [Worker-31: Building] INFO  o.a.m.s.f.DefaultMavenResourcesFiltering - Copying 6 resources from src\main\resources to target\classes
2025-06-17 15:15:18,080 [Worker-31: Building] INFO  o.a.m.s.f.DefaultMavenResourcesFiltering - skip non existing resourceDirectory D:\Pranav All study Material\marktetplace\marketplace\src\test\resources
2025-06-17 15:15:56,840 [Worker-32: Building] INFO  o.a.m.s.f.DefaultMavenResourcesFiltering - Copying 1 resource from src\main\resources to target\classes
2025-06-17 15:15:56,848 [Worker-32: Building] INFO  o.a.m.s.f.DefaultMavenResourcesFiltering - Copying 6 resources from src\main\resources to target\classes
2025-06-17 15:15:56,854 [Worker-32: Building] INFO  o.a.m.s.f.DefaultMavenResourcesFiltering - skip non existing resourceDirectory D:\Pranav All study Material\marktetplace\marketplace\src\test\resources
2025-06-17 15:36:27,409 [Worker-32: Building] INFO  o.a.m.s.f.DefaultMavenResourcesFiltering - Copying 1 resource from src\main\resources to target\classes
2025-06-17 15:36:27,551 [Worker-32: Building] INFO  o.a.m.s.f.DefaultMavenResourcesFiltering - Copying 6 resources from src\main\resources to target\classes
2025-06-17 15:36:27,560 [Worker-32: Building] INFO  o.a.m.s.f.DefaultMavenResourcesFiltering - skip non existing resourceDirectory D:\Pranav All study Material\marktetplace\marketplace\src\test\resources
2025-06-17 15:36:39,479 [Worker-40: Building] INFO  o.a.m.s.f.DefaultMavenResourcesFiltering - Copying 1 resource from src\main\resources to target\classes
2025-06-17 15:36:39,594 [Worker-40: Building] INFO  o.a.m.s.f.DefaultMavenResourcesFiltering - Copying 6 resources from src\main\resources to target\classes
2025-06-17 15:36:39,604 [Worker-40: Building] INFO  o.a.m.s.f.DefaultMavenResourcesFiltering - skip non existing resourceDirectory D:\Pranav All study Material\marktetplace\marketplace\src\test\resources
2025-06-17 15:36:58,205 [Worker-40: Building] INFO  o.a.m.s.f.DefaultMavenResourcesFiltering - Copying 1 resource from src\main\resources to target\classes
2025-06-17 15:36:58,213 [Worker-40: Building] INFO  o.a.m.s.f.DefaultMavenResourcesFiltering - Copying 6 resources from src\main\resources to target\classes
2025-06-17 15:36:58,220 [Worker-40: Building] INFO  o.a.m.s.f.DefaultMavenResourcesFiltering - skip non existing resourceDirectory D:\Pranav All study Material\marktetplace\marketplace\src\test\resources
2025-06-17 15:37:35,698 [Worker-39: Building] INFO  o.a.m.s.f.DefaultMavenResourcesFiltering - Copying 1 resource from src\main\resources to target\classes
2025-06-17 15:37:35,708 [Worker-39: Building] INFO  o.a.m.s.f.DefaultMavenResourcesFiltering - Copying 6 resources from src\main\resources to target\classes
2025-06-17 15:37:35,713 [Worker-39: Building] INFO  o.a.m.s.f.DefaultMavenResourcesFiltering - skip non existing resourceDirectory D:\Pranav All study Material\marktetplace\marketplace\src\test\resources
2025-06-17 15:38:22,477 [Worker-36: Building] INFO  o.a.m.s.f.DefaultMavenResourcesFiltering - Copying 1 resource from src\main\resources to target\classes
2025-06-17 15:38:22,484 [Worker-36: Building] INFO  o.a.m.s.f.DefaultMavenResourcesFiltering - Copying 6 resources from src\main\resources to target\classes
2025-06-17 15:38:22,488 [Worker-36: Building] INFO  o.a.m.s.f.DefaultMavenResourcesFiltering - skip non existing resourceDirectory D:\Pranav All study Material\marktetplace\marketplace\src\test\resources
2025-06-17 15:38:40,648 [Worker-38: Building] INFO  o.a.m.s.f.DefaultMavenResourcesFiltering - Copying 1 resource from src\main\resources to target\classes
2025-06-17 15:38:40,655 [Worker-38: Building] INFO  o.a.m.s.f.DefaultMavenResourcesFiltering - Copying 6 resources from src\main\resources to target\classes
2025-06-17 15:38:40,660 [Worker-38: Building] INFO  o.a.m.s.f.DefaultMavenResourcesFiltering - skip non existing resourceDirectory D:\Pranav All study Material\marktetplace\marketplace\src\test\resources
2025-06-17 15:38:48,263 [Worker-38: Building] INFO  o.a.m.s.f.DefaultMavenResourcesFiltering - Copying 1 resource from src\main\resources to target\classes
2025-06-17 15:38:48,275 [Worker-38: Building] INFO  o.a.m.s.f.DefaultMavenResourcesFiltering - Copying 6 resources from src\main\resources to target\classes
2025-06-17 15:38:48,281 [Worker-38: Building] INFO  o.a.m.s.f.DefaultMavenResourcesFiltering - skip non existing resourceDirectory D:\Pranav All study Material\marktetplace\marketplace\src\test\resources
2025-06-17 15:39:14,998 [Worker-38: Building] INFO  o.a.m.s.f.DefaultMavenResourcesFiltering - Copying 1 resource from src\main\resources to target\classes
2025-06-17 15:39:15,006 [Worker-38: Building] INFO  o.a.m.s.f.DefaultMavenResourcesFiltering - Copying 6 resources from src\main\resources to target\classes
2025-06-17 15:39:15,013 [Worker-38: Building] INFO  o.a.m.s.f.DefaultMavenResourcesFiltering - skip non existing resourceDirectory D:\Pranav All study Material\marktetplace\marketplace\src\test\resources
2025-06-17 15:39:20,980 [Worker-32: Building] INFO  o.a.m.s.f.DefaultMavenResourcesFiltering - Copying 1 resource from src\main\resources to target\classes
2025-06-17 15:39:20,989 [Worker-32: Building] INFO  o.a.m.s.f.DefaultMavenResourcesFiltering - Copying 6 resources from src\main\resources to target\classes
2025-06-17 15:39:20,998 [Worker-32: Building] INFO  o.a.m.s.f.DefaultMavenResourcesFiltering - skip non existing resourceDirectory D:\Pranav All study Material\marktetplace\marketplace\src\test\resources
2025-06-17 15:39:50,678 [Worker-38: Building] INFO  o.a.m.s.f.DefaultMavenResourcesFiltering - Copying 1 resource from src\main\resources to target\classes
2025-06-17 15:39:50,684 [Worker-38: Building] INFO  o.a.m.s.f.DefaultMavenResourcesFiltering - Copying 6 resources from src\main\resources to target\classes
2025-06-17 15:39:50,690 [Worker-38: Building] INFO  o.a.m.s.f.DefaultMavenResourcesFiltering - skip non existing resourceDirectory D:\Pranav All study Material\marktetplace\marketplace\src\test\resources
2025-06-17 15:42:43,684 [Worker-41: Building] INFO  o.a.m.s.f.DefaultMavenResourcesFiltering - Copying 1 resource from src\main\resources to target\classes
2025-06-17 15:42:43,694 [Worker-41: Building] INFO  o.a.m.s.f.DefaultMavenResourcesFiltering - Copying 6 resources from src\main\resources to target\classes
2025-06-17 15:42:43,701 [Worker-41: Building] INFO  o.a.m.s.f.DefaultMavenResourcesFiltering - skip non existing resourceDirectory D:\Pranav All study Material\marktetplace\marketplace\src\test\resources
2025-06-17 15:42:47,921 [Worker-32: Building] INFO  o.a.m.s.f.DefaultMavenResourcesFiltering - Copying 1 resource from src\main\resources to target\classes
2025-06-17 15:42:47,928 [Worker-32: Building] INFO  o.a.m.s.f.DefaultMavenResourcesFiltering - Copying 6 resources from src\main\resources to target\classes
2025-06-17 15:42:47,933 [Worker-32: Building] INFO  o.a.m.s.f.DefaultMavenResourcesFiltering - skip non existing resourceDirectory D:\Pranav All study Material\marktetplace\marketplace\src\test\resources
2025-06-17 15:43:00,993 [Worker-44: Launching MarketplaceApplication] INFO  o.a.m.s.f.DefaultMavenResourcesFiltering - Copying 1 resource from src\main\resources to target\classes
2025-06-17 15:43:01,011 [Worker-44: Launching MarketplaceApplication] INFO  o.a.m.s.f.DefaultMavenResourcesFiltering - Copying 6 resources from src\main\resources to target\classes
2025-06-17 15:43:01,021 [Worker-44: Launching MarketplaceApplication] INFO  o.a.m.s.f.DefaultMavenResourcesFiltering - skip non existing resourceDirectory D:\Pranav All study Material\marktetplace\marketplace\src\test\resources
2025-06-17 15:49:47,144 [Worker-49: Building] INFO  o.a.m.s.f.DefaultMavenResourcesFiltering - Copying 1 resource from src\main\resources to target\classes
2025-06-17 15:49:47,160 [Worker-49: Building] INFO  o.a.m.s.f.DefaultMavenResourcesFiltering - Copying 6 resources from src\main\resources to target\classes
2025-06-17 15:49:47,165 [Worker-49: Building] INFO  o.a.m.s.f.DefaultMavenResourcesFiltering - skip non existing resourceDirectory D:\Pranav All study Material\marktetplace\marketplace\src\test\resources
2025-06-17 15:51:07,875 [Worker-47: Building] INFO  o.a.m.s.f.DefaultMavenResourcesFiltering - Copying 1 resource from src\main\resources to target\classes
2025-06-17 15:51:07,909 [Worker-47: Building] INFO  o.a.m.s.f.DefaultMavenResourcesFiltering - Copying 6 resources from src\main\resources to target\classes
2025-06-17 15:51:07,914 [Worker-47: Building] INFO  o.a.m.s.f.DefaultMavenResourcesFiltering - skip non existing resourceDirectory D:\Pranav All study Material\marktetplace\marketplace\src\test\resources
2025-06-17 15:51:37,461 [Worker-47: Building] INFO  o.a.m.s.f.DefaultMavenResourcesFiltering - Copying 1 resource from src\main\resources to target\classes
2025-06-17 15:51:37,506 [Worker-47: Building] INFO  o.a.m.s.f.DefaultMavenResourcesFiltering - Copying 6 resources from src\main\resources to target\classes
2025-06-17 15:51:37,513 [Worker-47: Building] INFO  o.a.m.s.f.DefaultMavenResourcesFiltering - skip non existing resourceDirectory D:\Pranav All study Material\marktetplace\marketplace\src\test\resources
2025-06-17 15:52:00,749 [Worker-47: Building] INFO  o.a.m.s.f.DefaultMavenResourcesFiltering - Copying 1 resource from src\main\resources to target\classes
2025-06-17 15:52:00,783 [Worker-47: Building] INFO  o.a.m.s.f.DefaultMavenResourcesFiltering - Copying 6 resources from src\main\resources to target\classes
2025-06-17 15:52:00,788 [Worker-47: Building] INFO  o.a.m.s.f.DefaultMavenResourcesFiltering - skip non existing resourceDirectory D:\Pranav All study Material\marktetplace\marketplace\src\test\resources
2025-06-17 15:52:10,118 [Worker-50: Building] INFO  o.a.m.s.f.DefaultMavenResourcesFiltering - Copying 1 resource from src\main\resources to target\classes
2025-06-17 15:52:10,129 [Worker-50: Building] INFO  o.a.m.s.f.DefaultMavenResourcesFiltering - Copying 6 resources from src\main\resources to target\classes
2025-06-17 15:52:10,136 [Worker-50: Building] INFO  o.a.m.s.f.DefaultMavenResourcesFiltering - skip non existing resourceDirectory D:\Pranav All study Material\marktetplace\marketplace\src\test\resources
2025-06-17 15:54:07,212 [Worker-48: Building] INFO  o.a.m.s.f.DefaultMavenResourcesFiltering - Copying 1 resource from src\main\resources to target\classes
2025-06-17 15:54:07,223 [Worker-48: Building] INFO  o.a.m.s.f.DefaultMavenResourcesFiltering - Copying 6 resources from src\main\resources to target\classes
2025-06-17 15:54:07,228 [Worker-48: Building] INFO  o.a.m.s.f.DefaultMavenResourcesFiltering - skip non existing resourceDirectory D:\Pranav All study Material\marktetplace\marketplace\src\test\resources
2025-06-17 15:54:13,764 [Worker-53: Building] INFO  o.a.m.s.f.DefaultMavenResourcesFiltering - Copying 1 resource from src\main\resources to target\classes
2025-06-17 15:54:13,776 [Worker-53: Building] INFO  o.a.m.s.f.DefaultMavenResourcesFiltering - Copying 6 resources from src\main\resources to target\classes
2025-06-17 15:54:13,835 [Worker-53: Building] INFO  o.a.m.s.f.DefaultMavenResourcesFiltering - skip non existing resourceDirectory D:\Pranav All study Material\marktetplace\marketplace\src\test\resources
2025-06-17 15:54:25,377 [Worker-53: Building] INFO  o.a.m.s.f.DefaultMavenResourcesFiltering - Copying 1 resource from src\main\resources to target\classes
2025-06-17 15:54:25,387 [Worker-53: Building] INFO  o.a.m.s.f.DefaultMavenResourcesFiltering - Copying 6 resources from src\main\resources to target\classes
2025-06-17 15:54:25,395 [Worker-53: Building] INFO  o.a.m.s.f.DefaultMavenResourcesFiltering - skip non existing resourceDirectory D:\Pranav All study Material\marktetplace\marketplace\src\test\resources
2025-06-17 15:54:29,144 [Worker-48: Building] INFO  o.a.m.s.f.DefaultMavenResourcesFiltering - Copying 1 resource from src\main\resources to target\classes
2025-06-17 15:54:29,152 [Worker-48: Building] INFO  o.a.m.s.f.DefaultMavenResourcesFiltering - Copying 6 resources from src\main\resources to target\classes
2025-06-17 15:54:29,157 [Worker-48: Building] INFO  o.a.m.s.f.DefaultMavenResourcesFiltering - skip non existing resourceDirectory D:\Pranav All study Material\marktetplace\marketplace\src\test\resources
2025-06-17 15:54:42,009 [Worker-52: Building] INFO  o.a.m.s.f.DefaultMavenResourcesFiltering - Copying 1 resource from src\main\resources to target\classes
2025-06-17 15:54:42,022 [Worker-52: Building] INFO  o.a.m.s.f.DefaultMavenResourcesFiltering - Copying 6 resources from src\main\resources to target\classes
2025-06-17 15:54:42,027 [Worker-52: Building] INFO  o.a.m.s.f.DefaultMavenResourcesFiltering - skip non existing resourceDirectory D:\Pranav All study Material\marktetplace\marketplace\src\test\resources
2025-06-17 15:54:55,716 [Worker-48: Building] INFO  o.a.m.s.f.DefaultMavenResourcesFiltering - Copying 1 resource from src\main\resources to target\classes
2025-06-17 15:54:55,724 [Worker-48: Building] INFO  o.a.m.s.f.DefaultMavenResourcesFiltering - Copying 6 resources from src\main\resources to target\classes
2025-06-17 15:54:55,729 [Worker-48: Building] INFO  o.a.m.s.f.DefaultMavenResourcesFiltering - skip non existing resourceDirectory D:\Pranav All study Material\marktetplace\marketplace\src\test\resources
2025-06-17 15:55:12,202 [Worker-50: Building] INFO  o.a.m.s.f.DefaultMavenResourcesFiltering - Copying 1 resource from src\main\resources to target\classes
2025-06-17 15:55:12,207 [Worker-50: Building] INFO  o.a.m.s.f.DefaultMavenResourcesFiltering - Copying 6 resources from src\main\resources to target\classes
2025-06-17 15:55:12,212 [Worker-50: Building] INFO  o.a.m.s.f.DefaultMavenResourcesFiltering - skip non existing resourceDirectory D:\Pranav All study Material\marktetplace\marketplace\src\test\resources
2025-06-17 15:55:21,518 [Worker-48: Launching MarketplaceApplication] INFO  o.a.m.s.f.DefaultMavenResourcesFiltering - Copying 1 resource from src\main\resources to target\classes
2025-06-17 15:55:21,526 [Worker-48: Launching MarketplaceApplication] INFO  o.a.m.s.f.DefaultMavenResourcesFiltering - Copying 6 resources from src\main\resources to target\classes
2025-06-17 15:55:21,532 [Worker-48: Launching MarketplaceApplication] INFO  o.a.m.s.f.DefaultMavenResourcesFiltering - skip non existing resourceDirectory D:\Pranav All study Material\marktetplace\marketplace\src\test\resources
2025-06-17 16:03:13,287 [Worker-55: Building] INFO  o.a.m.s.f.DefaultMavenResourcesFiltering - Copying 1 resource from src\main\resources to target\classes
2025-06-17 16:03:13,349 [Worker-55: Building] INFO  o.a.m.s.f.DefaultMavenResourcesFiltering - Copying 6 resources from src\main\resources to target\classes
2025-06-17 16:03:13,365 [Worker-55: Building] INFO  o.a.m.s.f.DefaultMavenResourcesFiltering - skip non existing resourceDirectory D:\Pranav All study Material\marktetplace\marketplace\src\test\resources
2025-06-17 16:03:34,291 [Worker-55: Building] INFO  o.a.m.s.f.DefaultMavenResourcesFiltering - Copying 1 resource from src\main\resources to target\classes
2025-06-17 16:03:34,355 [Worker-55: Building] INFO  o.a.m.s.f.DefaultMavenResourcesFiltering - Copying 6 resources from src\main\resources to target\classes
2025-06-17 16:03:34,365 [Worker-55: Building] INFO  o.a.m.s.f.DefaultMavenResourcesFiltering - skip non existing resourceDirectory D:\Pranav All study Material\marktetplace\marketplace\src\test\resources
2025-06-17 16:03:45,085 [Worker-53: Building] INFO  o.a.m.s.f.DefaultMavenResourcesFiltering - Copying 1 resource from src\main\resources to target\classes
2025-06-17 16:03:45,102 [Worker-53: Building] INFO  o.a.m.s.f.DefaultMavenResourcesFiltering - Copying 6 resources from src\main\resources to target\classes
2025-06-17 16:03:45,109 [Worker-53: Building] INFO  o.a.m.s.f.DefaultMavenResourcesFiltering - skip non existing resourceDirectory D:\Pranav All study Material\marktetplace\marketplace\src\test\resources
2025-06-17 16:04:08,025 [Worker-53: Building] INFO  o.a.m.s.f.DefaultMavenResourcesFiltering - Copying 1 resource from src\main\resources to target\classes
2025-06-17 16:04:08,046 [Worker-53: Building] INFO  o.a.m.s.f.DefaultMavenResourcesFiltering - Copying 6 resources from src\main\resources to target\classes
2025-06-17 16:04:08,050 [Worker-53: Building] INFO  o.a.m.s.f.DefaultMavenResourcesFiltering - skip non existing resourceDirectory D:\Pranav All study Material\marktetplace\marketplace\src\test\resources
2025-06-17 16:04:25,756 [Worker-53: Building] INFO  o.a.m.s.f.DefaultMavenResourcesFiltering - Copying 1 resource from src\main\resources to target\classes
2025-06-17 16:04:25,767 [Worker-53: Building] INFO  o.a.m.s.f.DefaultMavenResourcesFiltering - Copying 6 resources from src\main\resources to target\classes
2025-06-17 16:04:25,772 [Worker-53: Building] INFO  o.a.m.s.f.DefaultMavenResourcesFiltering - skip non existing resourceDirectory D:\Pranav All study Material\marktetplace\marketplace\src\test\resources
2025-06-17 16:04:33,944 [Worker-53: Building] INFO  o.a.m.s.f.DefaultMavenResourcesFiltering - Copying 1 resource from src\main\resources to target\classes
2025-06-17 16:04:33,968 [Worker-53: Building] INFO  o.a.m.s.f.DefaultMavenResourcesFiltering - Copying 6 resources from src\main\resources to target\classes
2025-06-17 16:04:33,973 [Worker-53: Building] INFO  o.a.m.s.f.DefaultMavenResourcesFiltering - skip non existing resourceDirectory D:\Pranav All study Material\marktetplace\marketplace\src\test\resources
2025-06-17 16:04:44,738 [Worker-55: Building] INFO  o.a.m.s.f.DefaultMavenResourcesFiltering - Copying 1 resource from src\main\resources to target\classes
2025-06-17 16:04:44,748 [Worker-55: Building] INFO  o.a.m.s.f.DefaultMavenResourcesFiltering - Copying 6 resources from src\main\resources to target\classes
2025-06-17 16:04:44,759 [Worker-55: Building] INFO  o.a.m.s.f.DefaultMavenResourcesFiltering - skip non existing resourceDirectory D:\Pranav All study Material\marktetplace\marketplace\src\test\resources
2025-06-17 16:04:54,334 [Worker-56: Building] INFO  o.a.m.s.f.DefaultMavenResourcesFiltering - Copying 1 resource from src\main\resources to target\classes
2025-06-17 16:04:54,350 [Worker-56: Building] INFO  o.a.m.s.f.DefaultMavenResourcesFiltering - Copying 6 resources from src\main\resources to target\classes
2025-06-17 16:04:54,360 [Worker-56: Building] INFO  o.a.m.s.f.DefaultMavenResourcesFiltering - skip non existing resourceDirectory D:\Pranav All study Material\marktetplace\marketplace\src\test\resources
2025-06-17 16:05:03,267 [Worker-54: Building] INFO  o.a.m.s.f.DefaultMavenResourcesFiltering - Copying 1 resource from src\main\resources to target\classes
2025-06-17 16:05:03,352 [Worker-54: Building] INFO  o.a.m.s.f.DefaultMavenResourcesFiltering - Copying 6 resources from src\main\resources to target\classes
2025-06-17 16:05:03,361 [Worker-54: Building] INFO  o.a.m.s.f.DefaultMavenResourcesFiltering - skip non existing resourceDirectory D:\Pranav All study Material\marktetplace\marketplace\src\test\resources
2025-06-17 16:05:22,776 [Worker-53: Building] INFO  o.a.m.s.f.DefaultMavenResourcesFiltering - Copying 1 resource from src\main\resources to target\classes
2025-06-17 16:05:22,928 [Worker-53: Building] INFO  o.a.m.s.f.DefaultMavenResourcesFiltering - Copying 6 resources from src\main\resources to target\classes
2025-06-17 16:05:22,934 [Worker-53: Building] INFO  o.a.m.s.f.DefaultMavenResourcesFiltering - skip non existing resourceDirectory D:\Pranav All study Material\marktetplace\marketplace\src\test\resources
2025-06-17 16:05:35,516 [Worker-56: Building] INFO  o.a.m.s.f.DefaultMavenResourcesFiltering - Copying 1 resource from src\main\resources to target\classes
2025-06-17 16:05:35,526 [Worker-56: Building] INFO  o.a.m.s.f.DefaultMavenResourcesFiltering - Copying 6 resources from src\main\resources to target\classes
2025-06-17 16:05:35,532 [Worker-56: Building] INFO  o.a.m.s.f.DefaultMavenResourcesFiltering - skip non existing resourceDirectory D:\Pranav All study Material\marktetplace\marketplace\src\test\resources
2025-06-17 16:33:56,561 [Worker-56: Building] INFO  o.a.m.s.f.DefaultMavenResourcesFiltering - Copying 1 resource from src\main\resources to target\classes
2025-06-17 16:33:56,702 [Worker-56: Building] INFO  o.a.m.s.f.DefaultMavenResourcesFiltering - Copying 6 resources from src\main\resources to target\classes
2025-06-17 16:33:56,713 [Worker-56: Building] INFO  o.a.m.s.f.DefaultMavenResourcesFiltering - skip non existing resourceDirectory D:\Pranav All study Material\marktetplace\marketplace\src\test\resources
2025-06-17 16:34:38,345 [Worker-58: Building] INFO  o.a.m.s.f.DefaultMavenResourcesFiltering - Copying 1 resource from src\main\resources to target\classes
2025-06-17 16:34:38,539 [Worker-58: Building] INFO  o.a.m.s.f.DefaultMavenResourcesFiltering - Copying 6 resources from src\main\resources to target\classes
2025-06-17 16:34:38,549 [Worker-58: Building] INFO  o.a.m.s.f.DefaultMavenResourcesFiltering - skip non existing resourceDirectory D:\Pranav All study Material\marktetplace\marketplace\src\test\resources
2025-06-17 16:34:56,822 [Worker-62: Building] INFO  o.a.m.s.f.DefaultMavenResourcesFiltering - Copying 1 resource from src\main\resources to target\classes
2025-06-17 16:34:56,919 [Worker-62: Building] INFO  o.a.m.s.f.DefaultMavenResourcesFiltering - Copying 6 resources from src\main\resources to target\classes
2025-06-17 16:34:56,927 [Worker-62: Building] INFO  o.a.m.s.f.DefaultMavenResourcesFiltering - skip non existing resourceDirectory D:\Pranav All study Material\marktetplace\marketplace\src\test\resources
2025-06-17 16:35:08,356 [Worker-61: Building] INFO  o.a.m.s.f.DefaultMavenResourcesFiltering - Copying 1 resource from src\main\resources to target\classes
2025-06-17 16:35:08,427 [Worker-61: Building] INFO  o.a.m.s.f.DefaultMavenResourcesFiltering - Copying 6 resources from src\main\resources to target\classes
2025-06-17 16:35:08,433 [Worker-61: Building] INFO  o.a.m.s.f.DefaultMavenResourcesFiltering - skip non existing resourceDirectory D:\Pranav All study Material\marktetplace\marketplace\src\test\resources
2025-06-17 16:35:36,898 [Worker-59: Building] INFO  o.a.m.s.f.DefaultMavenResourcesFiltering - Copying 1 resource from src\main\resources to target\classes
2025-06-17 16:35:36,914 [Worker-59: Building] INFO  o.a.m.s.f.DefaultMavenResourcesFiltering - Copying 6 resources from src\main\resources to target\classes
2025-06-17 16:35:36,920 [Worker-59: Building] INFO  o.a.m.s.f.DefaultMavenResourcesFiltering - skip non existing resourceDirectory D:\Pranav All study Material\marktetplace\marketplace\src\test\resources
2025-06-17 16:35:41,499 [Worker-62: Building] INFO  o.a.m.s.f.DefaultMavenResourcesFiltering - Copying 1 resource from src\main\resources to target\classes
2025-06-17 16:35:41,507 [Worker-62: Building] INFO  o.a.m.s.f.DefaultMavenResourcesFiltering - Copying 6 resources from src\main\resources to target\classes
2025-06-17 16:35:41,511 [Worker-62: Building] INFO  o.a.m.s.f.DefaultMavenResourcesFiltering - skip non existing resourceDirectory D:\Pranav All study Material\marktetplace\marketplace\src\test\resources
2025-06-17 16:35:50,108 [Worker-62: Building] INFO  o.a.m.s.f.DefaultMavenResourcesFiltering - Copying 1 resource from src\main\resources to target\classes
2025-06-17 16:35:50,123 [Worker-62: Building] INFO  o.a.m.s.f.DefaultMavenResourcesFiltering - Copying 6 resources from src\main\resources to target\classes
2025-06-17 16:35:50,127 [Worker-62: Building] INFO  o.a.m.s.f.DefaultMavenResourcesFiltering - skip non existing resourceDirectory D:\Pranav All study Material\marktetplace\marketplace\src\test\resources
2025-06-17 16:35:58,210 [Worker-56: Building] INFO  o.a.m.s.f.DefaultMavenResourcesFiltering - Copying 1 resource from src\main\resources to target\classes
2025-06-17 16:35:58,220 [Worker-56: Building] INFO  o.a.m.s.f.DefaultMavenResourcesFiltering - Copying 6 resources from src\main\resources to target\classes
2025-06-17 16:35:58,226 [Worker-56: Building] INFO  o.a.m.s.f.DefaultMavenResourcesFiltering - skip non existing resourceDirectory D:\Pranav All study Material\marktetplace\marketplace\src\test\resources
2025-06-17 16:36:08,667 [Worker-62: Building] INFO  o.a.m.s.f.DefaultMavenResourcesFiltering - Copying 1 resource from src\main\resources to target\classes
2025-06-17 16:36:08,677 [Worker-62: Building] INFO  o.a.m.s.f.DefaultMavenResourcesFiltering - Copying 6 resources from src\main\resources to target\classes
2025-06-17 16:36:08,683 [Worker-62: Building] INFO  o.a.m.s.f.DefaultMavenResourcesFiltering - skip non existing resourceDirectory D:\Pranav All study Material\marktetplace\marketplace\src\test\resources
2025-06-20 09:36:37,498 [Worker-1: Loading available Gradle versions] INFO  o.e.b.c.i.u.g.PublishedGradleVersions - Gradle version information cache is out-of-date. Trying to update.
2025-06-20 14:03:28,001 [Worker-3: Loading available Gradle versions] INFO  o.e.b.c.i.u.g.PublishedGradleVersions - Gradle version information cache is up-to-date. Trying to read.
2025-06-20 14:05:19,433 [Worker-9: Launching MarketplaceApplication] INFO  o.a.m.s.f.DefaultMavenResourcesFiltering - Copying 1 resource from src\main\resources to target\classes
2025-06-20 14:05:19,454 [Worker-9: Launching MarketplaceApplication] INFO  o.a.m.s.f.DefaultMavenResourcesFiltering - Copying 6 resources from src\main\resources to target\classes
2025-06-20 14:05:19,473 [Worker-9: Launching MarketplaceApplication] INFO  o.a.m.s.f.DefaultMavenResourcesFiltering - skip non existing resourceDirectory D:\Pranav All study Material\marktetplace\marketplace\src\test\resources
2025-06-20 14:40:53,596 [Worker-1: Loading available Gradle versions] INFO  o.e.b.c.i.u.g.PublishedGradleVersions - Gradle version information cache is up-to-date. Trying to read.
2025-06-20 15:07:53,213 [Worker-2: Loading available Gradle versions] INFO  o.e.b.c.i.u.g.PublishedGradleVersions - Gradle version information cache is up-to-date. Trying to read.
2025-06-20 15:15:28,262 [Worker-32: Building] INFO  o.a.m.s.f.DefaultMavenResourcesFiltering - Copying 1 resource from src\main\resources to target\classes
2025-06-20 15:15:28,295 [Worker-32: Building] INFO  o.a.m.s.f.DefaultMavenResourcesFiltering - Copying 6 resources from src\main\resources to target\classes
2025-06-20 15:15:28,308 [Worker-32: Building] INFO  o.a.m.s.f.DefaultMavenResourcesFiltering - skip non existing resourceDirectory D:\Pranav All study Material\marktetplace\marketplace\src\test\resources
2025-06-20 15:21:21,971 [Worker-31: Building] INFO  o.a.m.s.f.DefaultMavenResourcesFiltering - Copying 1 resource from src\main\resources to target\classes
2025-06-20 15:21:22,009 [Worker-31: Building] INFO  o.a.m.s.f.DefaultMavenResourcesFiltering - Copying 6 resources from src\main\resources to target\classes
2025-06-20 15:21:22,020 [Worker-31: Building] INFO  o.a.m.s.f.DefaultMavenResourcesFiltering - skip non existing resourceDirectory D:\Pranav All study Material\marktetplace\marketplace\src\test\resources
2025-06-20 15:21:27,020 [Worker-31: Building] INFO  o.a.m.s.f.DefaultMavenResourcesFiltering - Copying 1 resource from src\main\resources to target\classes
2025-06-20 15:21:27,034 [Worker-31: Building] INFO  o.a.m.s.f.DefaultMavenResourcesFiltering - Copying 6 resources from src\main\resources to target\classes
2025-06-20 15:21:27,039 [Worker-31: Building] INFO  o.a.m.s.f.DefaultMavenResourcesFiltering - skip non existing resourceDirectory D:\Pranav All study Material\marktetplace\marketplace\src\test\resources
2025-06-20 15:22:55,878 [Worker-31: Building] INFO  o.a.m.s.f.DefaultMavenResourcesFiltering - Copying 1 resource from src\main\resources to target\classes
2025-06-20 15:22:55,886 [Worker-31: Building] INFO  o.a.m.s.f.DefaultMavenResourcesFiltering - Copying 6 resources from src\main\resources to target\classes
2025-06-20 15:22:55,893 [Worker-31: Building] INFO  o.a.m.s.f.DefaultMavenResourcesFiltering - skip non existing resourceDirectory D:\Pranav All study Material\marktetplace\marketplace\src\test\resources
2025-06-20 15:22:58,608 [Worker-36: Building] INFO  o.a.m.s.f.DefaultMavenResourcesFiltering - Copying 1 resource from src\main\resources to target\classes
2025-06-20 15:22:58,614 [Worker-36: Building] INFO  o.a.m.s.f.DefaultMavenResourcesFiltering - Copying 6 resources from src\main\resources to target\classes
2025-06-20 15:22:58,620 [Worker-36: Building] INFO  o.a.m.s.f.DefaultMavenResourcesFiltering - skip non existing resourceDirectory D:\Pranav All study Material\marktetplace\marketplace\src\test\resources
2025-06-20 15:25:33,412 [Worker-36: Building] INFO  o.a.m.s.f.DefaultMavenResourcesFiltering - Copying 1 resource from src\main\resources to target\classes
2025-06-20 15:25:33,420 [Worker-36: Building] INFO  o.a.m.s.f.DefaultMavenResourcesFiltering - Copying 6 resources from src\main\resources to target\classes
2025-06-20 15:25:33,425 [Worker-36: Building] INFO  o.a.m.s.f.DefaultMavenResourcesFiltering - skip non existing resourceDirectory D:\Pranav All study Material\marktetplace\marketplace\src\test\resources
2025-06-20 15:25:36,403 [Worker-36: Building] INFO  o.a.m.s.f.DefaultMavenResourcesFiltering - Copying 1 resource from src\main\resources to target\classes
2025-06-20 15:25:36,419 [Worker-36: Building] INFO  o.a.m.s.f.DefaultMavenResourcesFiltering - Copying 6 resources from src\main\resources to target\classes
2025-06-20 15:25:36,426 [Worker-36: Building] INFO  o.a.m.s.f.DefaultMavenResourcesFiltering - skip non existing resourceDirectory D:\Pranav All study Material\marktetplace\marketplace\src\test\resources
2025-06-20 15:27:32,140 [Worker-36: Building] INFO  o.a.m.s.f.DefaultMavenResourcesFiltering - Copying 1 resource from src\main\resources to target\classes
2025-06-20 15:27:32,151 [Worker-36: Building] INFO  o.a.m.s.f.DefaultMavenResourcesFiltering - Copying 6 resources from src\main\resources to target\classes
2025-06-20 15:27:32,160 [Worker-36: Building] INFO  o.a.m.s.f.DefaultMavenResourcesFiltering - skip non existing resourceDirectory D:\Pranav All study Material\marktetplace\marketplace\src\test\resources
2025-06-20 15:27:35,353 [Worker-37: Building] INFO  o.a.m.s.f.DefaultMavenResourcesFiltering - Copying 1 resource from src\main\resources to target\classes
2025-06-20 15:27:35,360 [Worker-37: Building] INFO  o.a.m.s.f.DefaultMavenResourcesFiltering - Copying 6 resources from src\main\resources to target\classes
2025-06-20 15:27:35,367 [Worker-37: Building] INFO  o.a.m.s.f.DefaultMavenResourcesFiltering - skip non existing resourceDirectory D:\Pranav All study Material\marktetplace\marketplace\src\test\resources
2025-06-20 15:28:06,764 [Worker-36: Building] INFO  o.a.m.s.f.DefaultMavenResourcesFiltering - Copying 1 resource from src\main\resources to target\classes
2025-06-20 15:28:06,772 [Worker-36: Building] INFO  o.a.m.s.f.DefaultMavenResourcesFiltering - Copying 6 resources from src\main\resources to target\classes
2025-06-20 15:28:06,778 [Worker-36: Building] INFO  o.a.m.s.f.DefaultMavenResourcesFiltering - skip non existing resourceDirectory D:\Pranav All study Material\marktetplace\marketplace\src\test\resources
2025-06-20 15:29:08,460 [Worker-31: Building] INFO  o.a.m.s.f.DefaultMavenResourcesFiltering - Copying 1 resource from src\main\resources to target\classes
2025-06-20 15:29:08,510 [Worker-31: Building] INFO  o.a.m.s.f.DefaultMavenResourcesFiltering - Copying 6 resources from src\main\resources to target\classes
2025-06-20 15:29:08,525 [Worker-31: Building] INFO  o.a.m.s.f.DefaultMavenResourcesFiltering - skip non existing resourceDirectory D:\Pranav All study Material\marktetplace\marketplace\src\test\resources
2025-06-20 15:29:11,688 [Worker-31: Building] INFO  o.a.m.s.f.DefaultMavenResourcesFiltering - Copying 1 resource from src\main\resources to target\classes
2025-06-20 15:29:11,693 [Worker-31: Building] INFO  o.a.m.s.f.DefaultMavenResourcesFiltering - Copying 6 resources from src\main\resources to target\classes
2025-06-20 15:29:11,698 [Worker-31: Building] INFO  o.a.m.s.f.DefaultMavenResourcesFiltering - skip non existing resourceDirectory D:\Pranav All study Material\marktetplace\marketplace\src\test\resources
2025-06-20 15:30:02,267 [Worker-37: Building] INFO  o.a.m.s.f.DefaultMavenResourcesFiltering - Copying 1 resource from src\main\resources to target\classes
2025-06-20 15:30:02,275 [Worker-37: Building] INFO  o.a.m.s.f.DefaultMavenResourcesFiltering - Copying 6 resources from src\main\resources to target\classes
2025-06-20 15:30:02,281 [Worker-37: Building] INFO  o.a.m.s.f.DefaultMavenResourcesFiltering - skip non existing resourceDirectory D:\Pranav All study Material\marktetplace\marketplace\src\test\resources
2025-06-20 15:30:05,449 [Worker-37: Building] INFO  o.a.m.s.f.DefaultMavenResourcesFiltering - Copying 1 resource from src\main\resources to target\classes
2025-06-20 15:30:05,454 [Worker-37: Building] INFO  o.a.m.s.f.DefaultMavenResourcesFiltering - Copying 6 resources from src\main\resources to target\classes
2025-06-20 15:30:05,458 [Worker-37: Building] INFO  o.a.m.s.f.DefaultMavenResourcesFiltering - skip non existing resourceDirectory D:\Pranav All study Material\marktetplace\marketplace\src\test\resources
2025-06-20 15:30:13,773 [Worker-36: Building] INFO  o.a.m.s.f.DefaultMavenResourcesFiltering - Copying 1 resource from src\main\resources to target\classes
2025-06-20 15:30:13,780 [Worker-36: Building] INFO  o.a.m.s.f.DefaultMavenResourcesFiltering - Copying 6 resources from src\main\resources to target\classes
2025-06-20 15:30:13,785 [Worker-36: Building] INFO  o.a.m.s.f.DefaultMavenResourcesFiltering - skip non existing resourceDirectory D:\Pranav All study Material\marktetplace\marketplace\src\test\resources
2025-06-20 15:32:40,208 [Worker-38: Launching MarketplaceApplication] INFO  o.a.m.s.f.DefaultMavenResourcesFiltering - Copying 1 resource from src\main\resources to target\classes
2025-06-20 15:32:40,248 [Worker-38: Launching MarketplaceApplication] INFO  o.a.m.s.f.DefaultMavenResourcesFiltering - Copying 6 resources from src\main\resources to target\classes
2025-06-20 15:32:40,253 [Worker-38: Launching MarketplaceApplication] INFO  o.a.m.s.f.DefaultMavenResourcesFiltering - skip non existing resourceDirectory D:\Pranav All study Material\marktetplace\marketplace\src\test\resources
2025-06-20 18:25:28,857 [Worker-4: Loading available Gradle versions] INFO  o.e.b.c.i.u.g.PublishedGradleVersions - Gradle version information cache is up-to-date. Trying to read.
2025-06-22 13:31:54,671 [Worker-0: Loading available Gradle versions] INFO  o.e.b.c.i.u.g.PublishedGradleVersions - Gradle version information cache is out-of-date. Trying to update.
2025-06-22 14:12:44,659 [Worker-5: Loading available Gradle versions] INFO  o.e.b.c.i.u.g.PublishedGradleVersions - Gradle version information cache is up-to-date. Trying to read.
2025-06-22 15:01:32,832 [Worker-4: Loading available Gradle versions] INFO  o.e.b.c.i.u.g.PublishedGradleVersions - Gradle version information cache is up-to-date. Trying to read.
2025-06-22 16:26:07,908 [Worker-40: Building] INFO  o.a.m.s.f.DefaultMavenResourcesFiltering - Copying 1 resource from src\main\resources to target\classes
2025-06-22 16:26:08,012 [Worker-40: Building] INFO  o.a.m.s.f.DefaultMavenResourcesFiltering - Copying 6 resources from src\main\resources to target\classes
2025-06-22 16:26:08,030 [Worker-40: Building] INFO  o.a.m.s.f.DefaultMavenResourcesFiltering - skip non existing resourceDirectory D:\Pranav All study Material\marktetplace\marketplace\src\test\resources
2025-06-22 16:26:16,624 [Worker-40: Building] INFO  o.a.m.s.f.DefaultMavenResourcesFiltering - Copying 1 resource from src\main\resources to target\classes
2025-06-22 16:26:16,646 [Worker-40: Building] INFO  o.a.m.s.f.DefaultMavenResourcesFiltering - Copying 6 resources from src\main\resources to target\classes
2025-06-22 16:26:16,653 [Worker-40: Building] INFO  o.a.m.s.f.DefaultMavenResourcesFiltering - skip non existing resourceDirectory D:\Pranav All study Material\marktetplace\marketplace\src\test\resources
2025-06-22 21:17:31,144 [Worker-1: Loading available Gradle versions] INFO  o.e.b.c.i.u.g.PublishedGradleVersions - Gradle version information cache is up-to-date. Trying to read.
2025-06-22 21:54:04,129 [Worker-4: Building] INFO  o.a.m.s.f.DefaultMavenResourcesFiltering - Copying 1 resource from src\main\resources to target\classes
2025-06-22 21:54:04,195 [Worker-4: Building] INFO  o.a.m.s.f.DefaultMavenResourcesFiltering - Copying 6 resources from src\main\resources to target\classes
2025-06-22 21:54:04,208 [Worker-4: Building] INFO  o.a.m.s.f.DefaultMavenResourcesFiltering - skip non existing resourceDirectory D:\Pranav All study Material\marktetplace\marketplace\src\test\resources
2025-06-22 22:19:51,900 [Worker-36: Building] INFO  o.a.m.s.f.DefaultMavenResourcesFiltering - Copying 1 resource from src\main\resources to target\classes
2025-06-22 22:19:52,044 [Worker-36: Building] INFO  o.a.m.s.f.DefaultMavenResourcesFiltering - Copying 6 resources from src\main\resources to target\classes
2025-06-22 22:19:52,056 [Worker-36: Building] INFO  o.a.m.s.f.DefaultMavenResourcesFiltering - skip non existing resourceDirectory D:\Pranav All study Material\marktetplace\marketplace\src\test\resources
2025-06-22 22:24:37,014 [Worker-4: Building] INFO  o.a.m.s.f.DefaultMavenResourcesFiltering - Copying 1 resource from src\main\resources to target\classes
2025-06-22 22:24:37,025 [Worker-4: Building] INFO  o.a.m.s.f.DefaultMavenResourcesFiltering - Copying 6 resources from src\main\resources to target\classes
2025-06-22 22:24:37,034 [Worker-4: Building] INFO  o.a.m.s.f.DefaultMavenResourcesFiltering - skip non existing resourceDirectory D:\Pranav All study Material\marktetplace\marketplace\src\test\resources
2025-06-22 22:26:22,731 [Worker-4: Building] INFO  o.a.m.s.f.DefaultMavenResourcesFiltering - Copying 1 resource from src\main\resources to target\classes
2025-06-22 22:26:22,737 [Worker-4: Building] INFO  o.a.m.s.f.DefaultMavenResourcesFiltering - Copying 6 resources from src\main\resources to target\classes
2025-06-22 22:26:22,743 [Worker-4: Building] INFO  o.a.m.s.f.DefaultMavenResourcesFiltering - skip non existing resourceDirectory D:\Pranav All study Material\marktetplace\marketplace\src\test\resources
2025-06-22 22:29:06,875 [Worker-38: Building] INFO  o.a.m.s.f.DefaultMavenResourcesFiltering - Copying 1 resource from src\main\resources to target\classes
2025-06-22 22:29:06,888 [Worker-38: Building] INFO  o.a.m.s.f.DefaultMavenResourcesFiltering - Copying 6 resources from src\main\resources to target\classes
2025-06-22 22:29:06,895 [Worker-38: Building] INFO  o.a.m.s.f.DefaultMavenResourcesFiltering - skip non existing resourceDirectory D:\Pranav All study Material\marktetplace\marketplace\src\test\resources
2025-06-22 22:29:17,469 [Worker-34: Building] INFO  o.a.m.s.f.DefaultMavenResourcesFiltering - Copying 1 resource from src\main\resources to target\classes
2025-06-22 22:29:17,478 [Worker-34: Building] INFO  o.a.m.s.f.DefaultMavenResourcesFiltering - Copying 6 resources from src\main\resources to target\classes
2025-06-22 22:29:17,484 [Worker-34: Building] INFO  o.a.m.s.f.DefaultMavenResourcesFiltering - skip non existing resourceDirectory D:\Pranav All study Material\marktetplace\marketplace\src\test\resources
2025-06-22 22:29:35,306 [Worker-37: Building] INFO  o.a.m.s.f.DefaultMavenResourcesFiltering - Copying 1 resource from src\main\resources to target\classes
2025-06-22 22:29:35,314 [Worker-37: Building] INFO  o.a.m.s.f.DefaultMavenResourcesFiltering - Copying 6 resources from src\main\resources to target\classes
2025-06-22 22:29:35,320 [Worker-37: Building] INFO  o.a.m.s.f.DefaultMavenResourcesFiltering - skip non existing resourceDirectory D:\Pranav All study Material\marktetplace\marketplace\src\test\resources
2025-06-22 22:29:46,849 [Worker-34: Building] INFO  o.a.m.s.f.DefaultMavenResourcesFiltering - Copying 1 resource from src\main\resources to target\classes
2025-06-22 22:29:46,856 [Worker-34: Building] INFO  o.a.m.s.f.DefaultMavenResourcesFiltering - Copying 6 resources from src\main\resources to target\classes
2025-06-22 22:29:46,863 [Worker-34: Building] INFO  o.a.m.s.f.DefaultMavenResourcesFiltering - skip non existing resourceDirectory D:\Pranav All study Material\marktetplace\marketplace\src\test\resources
2025-06-22 22:31:07,175 [Worker-38: Building] INFO  o.a.m.s.f.DefaultMavenResourcesFiltering - Copying 1 resource from src\main\resources to target\classes
2025-06-22 22:31:07,194 [Worker-38: Building] INFO  o.a.m.s.f.DefaultMavenResourcesFiltering - Copying 6 resources from src\main\resources to target\classes
2025-06-22 22:31:07,201 [Worker-38: Building] INFO  o.a.m.s.f.DefaultMavenResourcesFiltering - skip non existing resourceDirectory D:\Pranav All study Material\marktetplace\marketplace\src\test\resources
2025-06-22 22:40:41,974 [Worker-4: Building] INFO  o.a.m.s.f.DefaultMavenResourcesFiltering - Copying 1 resource from src\main\resources to target\classes
2025-06-22 22:40:42,027 [Worker-4: Building] INFO  o.a.m.s.f.DefaultMavenResourcesFiltering - Copying 6 resources from src\main\resources to target\classes
2025-06-22 22:40:42,031 [Worker-4: Building] INFO  o.a.m.s.f.DefaultMavenResourcesFiltering - skip non existing resourceDirectory D:\Pranav All study Material\marktetplace\marketplace\src\test\resources
2025-06-22 22:46:04,487 [Worker-41: Building] INFO  o.a.m.s.f.DefaultMavenResourcesFiltering - Copying 1 resource from src\main\resources to target\classes
2025-06-22 22:46:04,584 [Worker-41: Building] INFO  o.a.m.s.f.DefaultMavenResourcesFiltering - Copying 0 resource from src\main\resources to target\classes
2025-06-22 22:46:04,592 [Worker-41: Building] INFO  o.a.m.s.f.DefaultMavenResourcesFiltering - skip non existing resourceDirectory D:\Pranav All study Material\marktetplace\marketplace\src\test\resources
2025-06-22 22:47:03,098 [Worker-4: Building] INFO  o.a.m.s.f.DefaultMavenResourcesFiltering - Copying 1 resource from src\main\resources to target\classes
2025-06-22 22:47:03,109 [Worker-4: Building] INFO  o.a.m.s.f.DefaultMavenResourcesFiltering - Copying 6 resources from src\main\resources to target\classes
2025-06-22 22:47:03,116 [Worker-4: Building] INFO  o.a.m.s.f.DefaultMavenResourcesFiltering - skip non existing resourceDirectory D:\Pranav All study Material\marktetplace\marketplace\src\test\resources
2025-06-22 22:47:12,714 [Worker-40: Building] INFO  o.a.m.s.f.DefaultMavenResourcesFiltering - Copying 1 resource from src\main\resources to target\classes
2025-06-22 22:47:12,790 [Worker-40: Building] INFO  o.a.m.s.f.DefaultMavenResourcesFiltering - Copying 6 resources from src\main\resources to target\classes
2025-06-22 22:47:12,796 [Worker-40: Building] INFO  o.a.m.s.f.DefaultMavenResourcesFiltering - skip non existing resourceDirectory D:\Pranav All study Material\marktetplace\marketplace\src\test\resources
2025-06-23 20:57:41,949 [Worker-6: Loading available Gradle versions] INFO  o.e.b.c.i.u.g.PublishedGradleVersions - Gradle version information cache is out-of-date. Trying to update.
2025-06-23 20:58:53,894 [Worker-3: Launching MarketplaceApplication] INFO  o.a.m.s.f.DefaultMavenResourcesFiltering - Copying 1 resource from src\main\resources to target\classes
2025-06-23 20:58:53,930 [Worker-3: Launching MarketplaceApplication] INFO  o.a.m.s.f.DefaultMavenResourcesFiltering - Copying 6 resources from src\main\resources to target\classes
2025-06-23 20:58:53,953 [Worker-3: Launching MarketplaceApplication] INFO  o.a.m.s.f.DefaultMavenResourcesFiltering - skip non existing resourceDirectory D:\Pranav All study Material\marktetplace\marketplace\src\test\resources
2025-06-24 14:35:47,106 [Worker-0: Loading available Gradle versions] INFO  o.e.b.c.i.u.g.PublishedGradleVersions - Gradle version information cache is up-to-date. Trying to read.
2025-06-24 14:39:52,078 [Worker-13: Building] INFO  o.a.m.s.f.DefaultMavenResourcesFiltering - Copying 1 resource from src\main\resources to target\classes
2025-06-24 14:39:52,134 [Worker-13: Building] INFO  o.a.m.s.f.DefaultMavenResourcesFiltering - Copying 6 resources from src\main\resources to target\classes
2025-06-24 14:39:52,151 [Worker-13: Building] INFO  o.a.m.s.f.DefaultMavenResourcesFiltering - skip non existing resourceDirectory D:\Pranav All study Material\marktetplace\marketplace\src\test\resources
2025-06-24 14:39:56,599 [Worker-15: Building] INFO  o.a.m.s.f.DefaultMavenResourcesFiltering - Copying 1 resource from src\main\resources to target\classes
2025-06-24 14:39:56,615 [Worker-15: Building] INFO  o.a.m.s.f.DefaultMavenResourcesFiltering - Copying 6 resources from src\main\resources to target\classes
2025-06-24 14:39:56,621 [Worker-15: Building] INFO  o.a.m.s.f.DefaultMavenResourcesFiltering - skip non existing resourceDirectory D:\Pranav All study Material\marktetplace\marketplace\src\test\resources
2025-06-24 14:41:23,980 [Worker-10: Building] INFO  o.a.m.s.f.DefaultMavenResourcesFiltering - Copying 1 resource from src\main\resources to target\classes
2025-06-24 14:41:23,993 [Worker-10: Building] INFO  o.a.m.s.f.DefaultMavenResourcesFiltering - Copying 6 resources from src\main\resources to target\classes
2025-06-24 14:41:24,000 [Worker-10: Building] INFO  o.a.m.s.f.DefaultMavenResourcesFiltering - skip non existing resourceDirectory D:\Pranav All study Material\marktetplace\marketplace\src\test\resources
2025-06-24 14:48:54,811 [Worker-5: Building] INFO  o.a.m.s.f.DefaultMavenResourcesFiltering - Copying 1 resource from src\main\resources to target\classes
2025-06-24 14:48:54,855 [Worker-5: Building] INFO  o.a.m.s.f.DefaultMavenResourcesFiltering - Copying 0 resource from src\main\resources to target\classes
2025-06-24 14:48:54,866 [Worker-5: Building] INFO  o.a.m.s.f.DefaultMavenResourcesFiltering - skip non existing resourceDirectory D:\Pranav All study Material\marktetplace\marketplace\src\test\resources
2025-06-24 15:24:44,446 [Worker-18: Building] INFO  o.a.m.s.f.DefaultMavenResourcesFiltering - Copying 1 resource from src\main\resources to target\classes
2025-06-24 15:24:44,493 [Worker-18: Building] INFO  o.a.m.s.f.DefaultMavenResourcesFiltering - Copying 6 resources from src\main\resources to target\classes
2025-06-24 15:24:44,504 [Worker-18: Building] INFO  o.a.m.s.f.DefaultMavenResourcesFiltering - skip non existing resourceDirectory D:\Pranav All study Material\marktetplace\marketplace\src\test\resources
2025-06-24 15:24:46,469 [Worker-19: Building] INFO  o.a.m.s.f.DefaultMavenResourcesFiltering - Copying 1 resource from src\main\resources to target\classes
2025-06-24 15:24:46,494 [Worker-19: Building] INFO  o.a.m.s.f.DefaultMavenResourcesFiltering - Copying 6 resources from src\main\resources to target\classes
2025-06-24 15:24:46,500 [Worker-19: Building] INFO  o.a.m.s.f.DefaultMavenResourcesFiltering - skip non existing resourceDirectory D:\Pranav All study Material\marktetplace\marketplace\src\test\resources
2025-06-24 15:50:54,391 [Worker-3: Building] INFO  o.a.m.s.f.DefaultMavenResourcesFiltering - Copying 1 resource from src\main\resources to target\classes
2025-06-24 15:50:54,526 [Worker-3: Building] INFO  o.a.m.s.f.DefaultMavenResourcesFiltering - Copying 6 resources from src\main\resources to target\classes
2025-06-24 15:50:54,538 [Worker-3: Building] INFO  o.a.m.s.f.DefaultMavenResourcesFiltering - skip non existing resourceDirectory D:\Pranav All study Material\marktetplace\marketplace\src\test\resources
2025-06-24 15:51:16,036 [Worker-5: Building] INFO  o.a.m.s.f.DefaultMavenResourcesFiltering - Copying 1 resource from src\main\resources to target\classes
2025-06-24 15:51:16,090 [Worker-5: Building] INFO  o.a.m.s.f.DefaultMavenResourcesFiltering - Copying 6 resources from src\main\resources to target\classes
2025-06-24 15:51:16,103 [Worker-5: Building] INFO  o.a.m.s.f.DefaultMavenResourcesFiltering - skip non existing resourceDirectory D:\Pranav All study Material\marktetplace\marketplace\src\test\resources
2025-06-24 15:51:26,988 [Worker-9: Building] INFO  o.a.m.s.f.DefaultMavenResourcesFiltering - Copying 1 resource from src\main\resources to target\classes
2025-06-24 15:51:27,055 [Worker-9: Building] INFO  o.a.m.s.f.DefaultMavenResourcesFiltering - Copying 6 resources from src\main\resources to target\classes
2025-06-24 15:51:27,064 [Worker-9: Building] INFO  o.a.m.s.f.DefaultMavenResourcesFiltering - skip non existing resourceDirectory D:\Pranav All study Material\marktetplace\marketplace\src\test\resources
2025-06-24 15:52:42,134 [Worker-26: Building] INFO  o.a.m.s.f.DefaultMavenResourcesFiltering - Copying 1 resource from src\main\resources to target\classes
2025-06-24 15:52:42,142 [Worker-26: Building] INFO  o.a.m.s.f.DefaultMavenResourcesFiltering - Copying 6 resources from src\main\resources to target\classes
2025-06-24 15:52:42,148 [Worker-26: Building] INFO  o.a.m.s.f.DefaultMavenResourcesFiltering - skip non existing resourceDirectory D:\Pranav All study Material\marktetplace\marketplace\src\test\resources
2025-06-24 15:59:25,584 [Worker-9: Building] INFO  o.a.m.s.f.DefaultMavenResourcesFiltering - Copying 1 resource from src\main\resources to target\classes
2025-06-24 15:59:25,604 [Worker-9: Building] INFO  o.a.m.s.f.DefaultMavenResourcesFiltering - Copying 6 resources from src\main\resources to target\classes
2025-06-24 15:59:25,612 [Worker-9: Building] INFO  o.a.m.s.f.DefaultMavenResourcesFiltering - skip non existing resourceDirectory D:\Pranav All study Material\marktetplace\marketplace\src\test\resources
2025-06-24 15:59:35,055 [Worker-5: Building] INFO  o.a.m.s.f.DefaultMavenResourcesFiltering - Copying 1 resource from src\main\resources to target\classes
2025-06-24 15:59:35,069 [Worker-5: Building] INFO  o.a.m.s.f.DefaultMavenResourcesFiltering - Copying 6 resources from src\main\resources to target\classes
2025-06-24 15:59:35,076 [Worker-5: Building] INFO  o.a.m.s.f.DefaultMavenResourcesFiltering - skip non existing resourceDirectory D:\Pranav All study Material\marktetplace\marketplace\src\test\resources
2025-06-24 16:17:11,931 [Worker-32: Building] INFO  o.a.m.s.f.DefaultMavenResourcesFiltering - Copying 1 resource from src\main\resources to target\classes
2025-06-24 16:17:12,262 [Worker-32: Building] INFO  o.a.m.s.f.DefaultMavenResourcesFiltering - Copying 6 resources from src\main\resources to target\classes
2025-06-24 16:17:12,277 [Worker-32: Building] INFO  o.a.m.s.f.DefaultMavenResourcesFiltering - skip non existing resourceDirectory D:\Pranav All study Material\marktetplace\marketplace\src\test\resources
2025-06-24 16:19:43,981 [Worker-32: Building] INFO  o.a.m.s.f.DefaultMavenResourcesFiltering - Copying 1 resource from src\main\resources to target\classes
2025-06-24 16:19:44,097 [Worker-32: Building] INFO  o.a.m.s.f.DefaultMavenResourcesFiltering - Copying 6 resources from src\main\resources to target\classes
2025-06-24 16:19:44,108 [Worker-32: Building] INFO  o.a.m.s.f.DefaultMavenResourcesFiltering - skip non existing resourceDirectory D:\Pranav All study Material\marktetplace\marketplace\src\test\resources
2025-06-24 16:26:09,625 [Worker-5: Building] INFO  o.a.m.s.f.DefaultMavenResourcesFiltering - Copying 1 resource from src\main\resources to target\classes
2025-06-24 16:26:09,651 [Worker-5: Building] INFO  o.a.m.s.f.DefaultMavenResourcesFiltering - Copying 6 resources from src\main\resources to target\classes
2025-06-24 16:26:09,659 [Worker-5: Building] INFO  o.a.m.s.f.DefaultMavenResourcesFiltering - skip non existing resourceDirectory D:\Pranav All study Material\marktetplace\marketplace\src\test\resources
2025-06-24 16:26:19,161 [Worker-30: Building] INFO  o.a.m.s.f.DefaultMavenResourcesFiltering - Copying 1 resource from src\main\resources to target\classes
2025-06-24 16:26:19,267 [Worker-30: Building] INFO  o.a.m.s.f.DefaultMavenResourcesFiltering - Copying 6 resources from src\main\resources to target\classes
2025-06-24 16:26:19,277 [Worker-30: Building] INFO  o.a.m.s.f.DefaultMavenResourcesFiltering - skip non existing resourceDirectory D:\Pranav All study Material\marktetplace\marketplace\src\test\resources
2025-06-24 16:30:38,375 [Worker-31: Building] INFO  o.a.m.s.f.DefaultMavenResourcesFiltering - Copying 1 resource from src\main\resources to target\classes
2025-06-24 16:30:38,408 [Worker-31: Building] INFO  o.a.m.s.f.DefaultMavenResourcesFiltering - Copying 6 resources from src\main\resources to target\classes
2025-06-24 16:30:38,416 [Worker-31: Building] INFO  o.a.m.s.f.DefaultMavenResourcesFiltering - skip non existing resourceDirectory D:\Pranav All study Material\marktetplace\marketplace\src\test\resources
2025-06-24 16:30:49,550 [Worker-33: Building] INFO  o.a.m.s.f.DefaultMavenResourcesFiltering - Copying 1 resource from src\main\resources to target\classes
2025-06-24 16:30:49,592 [Worker-33: Building] INFO  o.a.m.s.f.DefaultMavenResourcesFiltering - Copying 6 resources from src\main\resources to target\classes
2025-06-24 16:30:49,603 [Worker-33: Building] INFO  o.a.m.s.f.DefaultMavenResourcesFiltering - skip non existing resourceDirectory D:\Pranav All study Material\marktetplace\marketplace\src\test\resources
2025-06-24 16:41:56,625 [Worker-33: Building] INFO  o.a.m.s.f.DefaultMavenResourcesFiltering - Copying 1 resource from src\main\resources to target\classes
2025-06-24 16:41:56,786 [Worker-33: Building] INFO  o.a.m.s.f.DefaultMavenResourcesFiltering - Copying 6 resources from src\main\resources to target\classes
2025-06-24 16:41:56,816 [Worker-33: Building] INFO  o.a.m.s.f.DefaultMavenResourcesFiltering - skip non existing resourceDirectory D:\Pranav All study Material\marktetplace\marketplace\src\test\resources
2025-06-24 16:42:12,102 [Worker-26: Building] INFO  o.a.m.s.f.DefaultMavenResourcesFiltering - Copying 1 resource from src\main\resources to target\classes
2025-06-24 16:42:12,126 [Worker-26: Building] INFO  o.a.m.s.f.DefaultMavenResourcesFiltering - Copying 6 resources from src\main\resources to target\classes
2025-06-24 16:42:12,131 [Worker-26: Building] INFO  o.a.m.s.f.DefaultMavenResourcesFiltering - skip non existing resourceDirectory D:\Pranav All study Material\marktetplace\marketplace\src\test\resources
2025-06-24 16:52:12,222 [Worker-33: Building] INFO  o.a.m.s.f.DefaultMavenResourcesFiltering - Copying 1 resource from src\main\resources to target\classes
2025-06-24 16:52:12,246 [Worker-33: Building] INFO  o.a.m.s.f.DefaultMavenResourcesFiltering - Copying 6 resources from src\main\resources to target\classes
2025-06-24 16:52:12,269 [Worker-33: Building] INFO  o.a.m.s.f.DefaultMavenResourcesFiltering - skip non existing resourceDirectory D:\Pranav All study Material\marktetplace\marketplace\src\test\resources
2025-06-24 16:52:24,932 [Worker-30: Building] INFO  o.a.m.s.f.DefaultMavenResourcesFiltering - Copying 1 resource from src\main\resources to target\classes
2025-06-24 16:52:24,964 [Worker-30: Building] INFO  o.a.m.s.f.DefaultMavenResourcesFiltering - Copying 6 resources from src\main\resources to target\classes
2025-06-24 16:52:24,969 [Worker-30: Building] INFO  o.a.m.s.f.DefaultMavenResourcesFiltering - skip non existing resourceDirectory D:\Pranav All study Material\marktetplace\marketplace\src\test\resources
2025-06-24 17:11:05,270 [Worker-5: Building] INFO  o.a.m.s.f.DefaultMavenResourcesFiltering - Copying 1 resource from src\main\resources to target\classes
2025-06-24 17:11:05,339 [Worker-5: Building] INFO  o.a.m.s.f.DefaultMavenResourcesFiltering - Copying 6 resources from src\main\resources to target\classes
2025-06-24 17:11:05,352 [Worker-5: Building] INFO  o.a.m.s.f.DefaultMavenResourcesFiltering - skip non existing resourceDirectory D:\Pranav All study Material\marktetplace\marketplace\src\test\resources
2025-06-24 21:11:29,969 [Worker-2: Loading available Gradle versions] INFO  o.e.b.c.i.u.g.PublishedGradleVersions - Gradle version information cache is out-of-date. Trying to update.
2025-06-24 21:12:01,653 [Worker-18: Launching MarketplaceApplication] INFO  o.a.m.s.f.DefaultMavenResourcesFiltering - Copying 1 resource from src\main\resources to target\classes
2025-06-24 21:12:01,674 [Worker-18: Launching MarketplaceApplication] INFO  o.a.m.s.f.DefaultMavenResourcesFiltering - Copying 6 resources from src\main\resources to target\classes
2025-06-24 21:12:01,706 [Worker-18: Launching MarketplaceApplication] INFO  o.a.m.s.f.DefaultMavenResourcesFiltering - skip non existing resourceDirectory D:\Pranav All study Material\marktetplace\marketplace\src\test\resources
2025-06-25 11:11:24,517 [Worker-6: Loading available Gradle versions] INFO  o.e.b.c.i.u.g.PublishedGradleVersions - Gradle version information cache is up-to-date. Trying to read.
2025-06-25 12:59:19,399 [Worker-7: Loading available Gradle versions] INFO  o.e.b.c.i.u.g.PublishedGradleVersions - Gradle version information cache is up-to-date. Trying to read.
2025-06-25 14:02:34,731 [Worker-43: Building] INFO  o.a.m.s.f.DefaultMavenResourcesFiltering - Copying 1 resource from src\main\resources to target\classes
2025-06-25 14:02:34,799 [Worker-43: Building] INFO  o.a.m.s.f.DefaultMavenResourcesFiltering - Copying 6 resources from src\main\resources to target\classes
2025-06-25 14:02:34,812 [Worker-43: Building] INFO  o.a.m.s.f.DefaultMavenResourcesFiltering - skip non existing resourceDirectory D:\Pranav All study Material\marktetplace\marketplace\src\test\resources
2025-06-25 14:02:39,880 [Worker-44: Building] INFO  o.a.m.s.f.DefaultMavenResourcesFiltering - Copying 1 resource from src\main\resources to target\classes
2025-06-25 14:02:39,962 [Worker-44: Building] INFO  o.a.m.s.f.DefaultMavenResourcesFiltering - Copying 6 resources from src\main\resources to target\classes
2025-06-25 14:02:39,971 [Worker-44: Building] INFO  o.a.m.s.f.DefaultMavenResourcesFiltering - skip non existing resourceDirectory D:\Pranav All study Material\marktetplace\marketplace\src\test\resources
2025-06-25 14:03:13,788 [Worker-9: Building] INFO  o.a.m.s.f.DefaultMavenResourcesFiltering - Copying 1 resource from src\main\resources to target\classes
2025-06-25 14:03:13,796 [Worker-9: Building] INFO  o.a.m.s.f.DefaultMavenResourcesFiltering - Copying 6 resources from src\main\resources to target\classes
2025-06-25 14:03:13,802 [Worker-9: Building] INFO  o.a.m.s.f.DefaultMavenResourcesFiltering - skip non existing resourceDirectory D:\Pranav All study Material\marktetplace\marketplace\src\test\resources
2025-06-25 14:03:17,415 [Worker-9: Building] INFO  o.a.m.s.f.DefaultMavenResourcesFiltering - Copying 1 resource from src\main\resources to target\classes
2025-06-25 14:03:17,421 [Worker-9: Building] INFO  o.a.m.s.f.DefaultMavenResourcesFiltering - Copying 6 resources from src\main\resources to target\classes
2025-06-25 14:03:17,427 [Worker-9: Building] INFO  o.a.m.s.f.DefaultMavenResourcesFiltering - skip non existing resourceDirectory D:\Pranav All study Material\marktetplace\marketplace\src\test\resources
2025-06-25 14:03:40,622 [Worker-43: Building] INFO  o.a.m.s.f.DefaultMavenResourcesFiltering - Copying 1 resource from src\main\resources to target\classes
2025-06-25 14:03:40,632 [Worker-43: Building] INFO  o.a.m.s.f.DefaultMavenResourcesFiltering - Copying 6 resources from src\main\resources to target\classes
2025-06-25 14:03:40,641 [Worker-43: Building] INFO  o.a.m.s.f.DefaultMavenResourcesFiltering - skip non existing resourceDirectory D:\Pranav All study Material\marktetplace\marketplace\src\test\resources
2025-06-25 14:03:59,820 [Worker-42: Building] INFO  o.a.m.s.f.DefaultMavenResourcesFiltering - Copying 1 resource from src\main\resources to target\classes
2025-06-25 14:03:59,835 [Worker-42: Building] INFO  o.a.m.s.f.DefaultMavenResourcesFiltering - Copying 6 resources from src\main\resources to target\classes
2025-06-25 14:03:59,843 [Worker-42: Building] INFO  o.a.m.s.f.DefaultMavenResourcesFiltering - skip non existing resourceDirectory D:\Pranav All study Material\marktetplace\marketplace\src\test\resources
2025-06-25 14:04:22,136 [Worker-44: Building] INFO  o.a.m.s.f.DefaultMavenResourcesFiltering - Copying 1 resource from src\main\resources to target\classes
2025-06-25 14:04:22,144 [Worker-44: Building] INFO  o.a.m.s.f.DefaultMavenResourcesFiltering - Copying 6 resources from src\main\resources to target\classes
2025-06-25 14:04:22,151 [Worker-44: Building] INFO  o.a.m.s.f.DefaultMavenResourcesFiltering - skip non existing resourceDirectory D:\Pranav All study Material\marktetplace\marketplace\src\test\resources
2025-06-25 14:04:25,216 [Worker-42: Building] INFO  o.a.m.s.f.DefaultMavenResourcesFiltering - Copying 1 resource from src\main\resources to target\classes
2025-06-25 14:04:25,230 [Worker-42: Building] INFO  o.a.m.s.f.DefaultMavenResourcesFiltering - Copying 6 resources from src\main\resources to target\classes
2025-06-25 14:04:25,235 [Worker-42: Building] INFO  o.a.m.s.f.DefaultMavenResourcesFiltering - skip non existing resourceDirectory D:\Pranav All study Material\marktetplace\marketplace\src\test\resources
2025-06-25 14:04:35,775 [Worker-44: Building] INFO  o.a.m.s.f.DefaultMavenResourcesFiltering - Copying 1 resource from src\main\resources to target\classes
2025-06-25 14:04:35,783 [Worker-44: Building] INFO  o.a.m.s.f.DefaultMavenResourcesFiltering - Copying 6 resources from src\main\resources to target\classes
2025-06-25 14:04:35,790 [Worker-44: Building] INFO  o.a.m.s.f.DefaultMavenResourcesFiltering - skip non existing resourceDirectory D:\Pranav All study Material\marktetplace\marketplace\src\test\resources
2025-06-25 14:06:07,564 [Worker-44: Building] INFO  o.a.m.s.f.DefaultMavenResourcesFiltering - Copying 1 resource from src\main\resources to target\classes
2025-06-25 14:06:07,572 [Worker-44: Building] INFO  o.a.m.s.f.DefaultMavenResourcesFiltering - Copying 6 resources from src\main\resources to target\classes
2025-06-25 14:06:07,578 [Worker-44: Building] INFO  o.a.m.s.f.DefaultMavenResourcesFiltering - skip non existing resourceDirectory D:\Pranav All study Material\marktetplace\marketplace\src\test\resources
2025-06-25 14:07:14,679 [Worker-47: Building] INFO  o.e.m.c.i.l.LifecycleMappingFactory - Using org.eclipse.m2e.jdt.JarLifecycleMapping lifecycle mapping for MavenProject: com.cca.marketplace:marketplace:0.0.1-SNAPSHOT @ D:\Pranav All study Material\marktetplace\marketplace\pom.xml.
2025-06-25 14:07:16,984 [Worker-47: Building] INFO  o.a.m.s.f.DefaultMavenResourcesFiltering - Copying 0 resource from src\main\resources to target\classes
2025-06-25 14:07:16,985 [Worker-47: Building] INFO  o.a.m.s.f.DefaultMavenResourcesFiltering - Copying 0 resource from src\main\resources to target\classes
2025-06-25 14:07:16,989 [Worker-47: Building] INFO  o.a.m.s.f.DefaultMavenResourcesFiltering - skip non existing resourceDirectory D:\Pranav All study Material\marktetplace\marketplace\src\test\resources
2025-06-25 14:07:23,657 [Worker-47: Building] INFO  o.e.m.c.i.l.LifecycleMappingFactory - Using org.eclipse.m2e.jdt.JarLifecycleMapping lifecycle mapping for MavenProject: com.cca.marketplace:marketplace:0.0.1-SNAPSHOT @ D:\Pranav All study Material\marktetplace\marketplace\pom.xml.
2025-06-25 14:07:24,334 [Worker-47: Building] INFO  o.e.m.c.i.e.AbstractTransferListenerAdapter - Downloading https://repo.maven.apache.org/maven2/org/projectlombok/lombok/1.18.30/lombok-1.18.30.pom
2025-06-25 14:07:24,413 [Worker-47: Building] INFO  o.e.m.c.i.e.AbstractTransferListenerAdapter - Downloaded https://repo.maven.apache.org/maven2/org/projectlombok/lombok/1.18.30/lombok-1.18.30.pom
2025-06-25 14:07:24,805 [Worker-47: Building] INFO  o.e.m.c.i.e.AbstractTransferListenerAdapter - Downloading https://repo.maven.apache.org/maven2/org/projectlombok/lombok/1.18.30/lombok-1.18.30.jar
2025-06-25 14:07:25,083 [Worker-47: Building] INFO  o.e.m.c.i.e.AbstractTransferListenerAdapter - Downloaded https://repo.maven.apache.org/maven2/org/projectlombok/lombok/1.18.30/lombok-1.18.30.jar
2025-06-25 14:07:25,497 [Worker-47: Building] INFO  o.a.m.s.f.DefaultMavenResourcesFiltering - Copying 0 resource from src\main\resources to target\classes
2025-06-25 14:07:25,498 [Worker-47: Building] INFO  o.a.m.s.f.DefaultMavenResourcesFiltering - Copying 0 resource from src\main\resources to target\classes
2025-06-25 14:07:25,504 [Worker-47: Building] INFO  o.a.m.s.f.DefaultMavenResourcesFiltering - skip non existing resourceDirectory D:\Pranav All study Material\marktetplace\marketplace\src\test\resources
2025-06-25 14:07:26,448 [Worker-47: Download sources and javadoc] INFO  o.e.m.c.i.e.AbstractTransferListenerAdapter - Downloading https://repo.maven.apache.org/maven2/org/projectlombok/lombok/1.18.30/lombok-1.18.30-sources.jar
2025-06-25 14:07:26,776 [Worker-47: Download sources and javadoc] INFO  o.e.m.c.i.e.AbstractTransferListenerAdapter - Downloaded https://repo.maven.apache.org/maven2/org/projectlombok/lombok/1.18.30/lombok-1.18.30-sources.jar
2025-06-25 14:07:26,791 [Worker-47: Download sources and javadoc] INFO  o.e.m.j.internal.DownloadSourcesJob - Downloaded sources for org.projectlombok:lombok:1.18.30
2025-06-25 14:07:27,581 [Worker-46: Building] INFO  o.a.m.s.f.DefaultMavenResourcesFiltering - Copying 1 resource from src\main\resources to target\classes
2025-06-25 14:07:27,600 [Worker-46: Building] INFO  o.a.m.s.f.DefaultMavenResourcesFiltering - Copying 6 resources from src\main\resources to target\classes
2025-06-25 14:07:27,632 [Worker-46: Building] INFO  o.a.m.s.f.DefaultMavenResourcesFiltering - skip non existing resourceDirectory D:\Pranav All study Material\marktetplace\marketplace\src\test\resources
2025-06-25 14:21:24,741 [Worker-50: Building] INFO  o.a.m.s.f.DefaultMavenResourcesFiltering - Copying 1 resource from src\main\resources to target\classes
2025-06-25 14:21:24,830 [Worker-50: Building] INFO  o.a.m.s.f.DefaultMavenResourcesFiltering - Copying 6 resources from src\main\resources to target\classes
2025-06-25 14:21:24,842 [Worker-50: Building] INFO  o.a.m.s.f.DefaultMavenResourcesFiltering - skip non existing resourceDirectory D:\Pranav All study Material\marktetplace\marketplace\src\test\resources
2025-06-27 09:43:35,697 [Worker-7: Loading available Gradle versions] INFO  o.e.b.c.i.u.g.PublishedGradleVersions - Gradle version information cache is out-of-date. Trying to update.
2025-06-27 10:12:40,101 [Worker-9: Building] INFO  o.a.m.s.f.DefaultMavenResourcesFiltering - Copying 1 resource from src\main\resources to target\classes
2025-06-27 10:12:40,202 [Worker-9: Building] INFO  o.a.m.s.f.DefaultMavenResourcesFiltering - Copying 6 resources from src\main\resources to target\classes
2025-06-27 10:12:40,217 [Worker-9: Building] INFO  o.a.m.s.f.DefaultMavenResourcesFiltering - skip non existing resourceDirectory D:\Pranav All study Material\marktetplace\marketplace\src\test\resources
2025-06-27 10:14:03,333 [Worker-30: Building] INFO  o.a.m.s.f.DefaultMavenResourcesFiltering - Copying 1 resource from src\main\resources to target\classes
2025-06-27 10:14:03,347 [Worker-30: Building] INFO  o.a.m.s.f.DefaultMavenResourcesFiltering - Copying 6 resources from src\main\resources to target\classes
2025-06-27 10:14:03,357 [Worker-30: Building] INFO  o.a.m.s.f.DefaultMavenResourcesFiltering - skip non existing resourceDirectory D:\Pranav All study Material\marktetplace\marketplace\src\test\resources
2025-06-27 10:15:16,027 [Worker-30: Building] INFO  o.a.m.s.f.DefaultMavenResourcesFiltering - Copying 1 resource from src\main\resources to target\classes
2025-06-27 10:15:16,038 [Worker-30: Building] INFO  o.a.m.s.f.DefaultMavenResourcesFiltering - Copying 6 resources from src\main\resources to target\classes
2025-06-27 10:15:16,046 [Worker-30: Building] INFO  o.a.m.s.f.DefaultMavenResourcesFiltering - skip non existing resourceDirectory D:\Pranav All study Material\marktetplace\marketplace\src\test\resources
2025-06-27 10:22:02,840 [Worker-2: Building] INFO  o.a.m.s.f.DefaultMavenResourcesFiltering - Copying 1 resource from src\main\resources to target\classes
2025-06-27 10:22:03,010 [Worker-2: Building] INFO  o.a.m.s.f.DefaultMavenResourcesFiltering - Copying 6 resources from src\main\resources to target\classes
2025-06-27 10:22:03,025 [Worker-2: Building] INFO  o.a.m.s.f.DefaultMavenResourcesFiltering - skip non existing resourceDirectory D:\Pranav All study Material\marktetplace\marketplace\src\test\resources
2025-06-27 10:22:09,909 [Worker-21: Building] INFO  o.a.m.s.f.DefaultMavenResourcesFiltering - Copying 1 resource from src\main\resources to target\classes
2025-06-27 10:22:09,921 [Worker-21: Building] INFO  o.a.m.s.f.DefaultMavenResourcesFiltering - Copying 6 resources from src\main\resources to target\classes
2025-06-27 10:22:09,929 [Worker-21: Building] INFO  o.a.m.s.f.DefaultMavenResourcesFiltering - skip non existing resourceDirectory D:\Pranav All study Material\marktetplace\marketplace\src\test\resources
2025-06-27 10:42:39,908 [Worker-31: Building] INFO  o.a.m.s.f.DefaultMavenResourcesFiltering - Copying 1 resource from src\main\resources to target\classes
2025-06-27 10:42:39,965 [Worker-31: Building] INFO  o.a.m.s.f.DefaultMavenResourcesFiltering - Copying 6 resources from src\main\resources to target\classes
2025-06-27 10:42:39,970 [Worker-31: Building] INFO  o.a.m.s.f.DefaultMavenResourcesFiltering - skip non existing resourceDirectory D:\Pranav All study Material\marktetplace\marketplace\src\test\resources
2025-06-27 10:43:18,913 [Worker-32: Building] INFO  o.a.m.s.f.DefaultMavenResourcesFiltering - Copying 1 resource from src\main\resources to target\classes
2025-06-27 10:43:19,010 [Worker-32: Building] INFO  o.a.m.s.f.DefaultMavenResourcesFiltering - Copying 6 resources from src\main\resources to target\classes
2025-06-27 10:43:19,018 [Worker-32: Building] INFO  o.a.m.s.f.DefaultMavenResourcesFiltering - skip non existing resourceDirectory D:\Pranav All study Material\marktetplace\marketplace\src\test\resources
2025-07-04 10:52:14,000 [Worker-2: Loading available Gradle versions] INFO  o.e.b.c.i.u.g.PublishedGradleVersions - Gradle version information cache is out-of-date. Trying to update.
2025-07-04 10:59:36,248 [Worker-12: Building] INFO  o.a.m.s.f.DefaultMavenResourcesFiltering - Copying 1 resource from src\main\resources to target\classes
2025-07-04 10:59:36,346 [Worker-12: Building] INFO  o.a.m.s.f.DefaultMavenResourcesFiltering - Copying 6 resources from src\main\resources to target\classes
2025-07-04 10:59:36,371 [Worker-12: Building] INFO  o.a.m.s.f.DefaultMavenResourcesFiltering - skip non existing resourceDirectory D:\Pranav All study Material\marktetplace\marketplace\src\test\resources
2025-07-04 10:59:51,293 [Worker-12: Building] INFO  o.a.m.s.f.DefaultMavenResourcesFiltering - Copying 1 resource from src\main\resources to target\classes
2025-07-04 10:59:51,310 [Worker-12: Building] INFO  o.a.m.s.f.DefaultMavenResourcesFiltering - Copying 6 resources from src\main\resources to target\classes
2025-07-04 10:59:51,318 [Worker-12: Building] INFO  o.a.m.s.f.DefaultMavenResourcesFiltering - skip non existing resourceDirectory D:\Pranav All study Material\marktetplace\marketplace\src\test\resources
2025-07-04 11:00:04,359 [Worker-2: Building] INFO  o.a.m.s.f.DefaultMavenResourcesFiltering - Copying 1 resource from src\main\resources to target\classes
2025-07-04 11:00:04,387 [Worker-2: Building] INFO  o.a.m.s.f.DefaultMavenResourcesFiltering - Copying 6 resources from src\main\resources to target\classes
2025-07-04 11:00:04,394 [Worker-2: Building] INFO  o.a.m.s.f.DefaultMavenResourcesFiltering - skip non existing resourceDirectory D:\Pranav All study Material\marktetplace\marketplace\src\test\resources
2025-07-04 11:00:37,782 [Worker-10: Building] INFO  o.a.m.s.f.DefaultMavenResourcesFiltering - Copying 1 resource from src\main\resources to target\classes
2025-07-04 11:00:37,797 [Worker-10: Building] INFO  o.a.m.s.f.DefaultMavenResourcesFiltering - Copying 6 resources from src\main\resources to target\classes
2025-07-04 11:00:37,810 [Worker-10: Building] INFO  o.a.m.s.f.DefaultMavenResourcesFiltering - skip non existing resourceDirectory D:\Pranav All study Material\marktetplace\marketplace\src\test\resources
2025-07-06 14:27:42,011 [Worker-5: Loading available Gradle versions] INFO  o.e.b.c.i.u.g.PublishedGradleVersions - Gradle version information cache is out-of-date. Trying to update.
2025-07-06 14:37:48,503 [Worker-33: Building] INFO  o.a.m.s.f.DefaultMavenResourcesFiltering - Copying 1 resource from src\main\resources to target\classes
2025-07-06 14:37:48,549 [Worker-33: Building] INFO  o.a.m.s.f.DefaultMavenResourcesFiltering - Copying 6 resources from src\main\resources to target\classes
2025-07-06 14:37:48,559 [Worker-33: Building] INFO  o.a.m.s.f.DefaultMavenResourcesFiltering - skip non existing resourceDirectory D:\Pranav All study Material\marktetplace\marketplace\src\test\resources
2025-07-06 14:38:27,681 [Worker-32: Building] INFO  o.a.m.s.f.DefaultMavenResourcesFiltering - Copying 1 resource from src\main\resources to target\classes
2025-07-06 14:38:27,696 [Worker-32: Building] INFO  o.a.m.s.f.DefaultMavenResourcesFiltering - Copying 6 resources from src\main\resources to target\classes
2025-07-06 14:38:27,704 [Worker-32: Building] INFO  o.a.m.s.f.DefaultMavenResourcesFiltering - skip non existing resourceDirectory D:\Pranav All study Material\marktetplace\marketplace\src\test\resources
2025-07-06 14:42:02,110 [Worker-35: Building] INFO  o.a.m.s.f.DefaultMavenResourcesFiltering - Copying 1 resource from src\main\resources to target\classes
2025-07-06 14:42:02,121 [Worker-35: Building] INFO  o.a.m.s.f.DefaultMavenResourcesFiltering - Copying 6 resources from src\main\resources to target\classes
2025-07-06 14:42:02,129 [Worker-35: Building] INFO  o.a.m.s.f.DefaultMavenResourcesFiltering - skip non existing resourceDirectory D:\Pranav All study Material\marktetplace\marketplace\src\test\resources
2025-07-06 14:47:07,771 [Worker-37: Building] INFO  o.a.m.s.f.DefaultMavenResourcesFiltering - Copying 1 resource from src\main\resources to target\classes
2025-07-06 14:47:07,807 [Worker-37: Building] INFO  o.a.m.s.f.DefaultMavenResourcesFiltering - Copying 6 resources from src\main\resources to target\classes
2025-07-06 14:47:07,813 [Worker-37: Building] INFO  o.a.m.s.f.DefaultMavenResourcesFiltering - skip non existing resourceDirectory D:\Pranav All study Material\marktetplace\marketplace\src\test\resources
2025-07-06 14:54:16,178 [Worker-36: Building] INFO  o.a.m.s.f.DefaultMavenResourcesFiltering - Copying 1 resource from src\main\resources to target\classes
2025-07-06 14:54:16,224 [Worker-36: Building] INFO  o.a.m.s.f.DefaultMavenResourcesFiltering - Copying 6 resources from src\main\resources to target\classes
2025-07-06 14:54:16,230 [Worker-36: Building] INFO  o.a.m.s.f.DefaultMavenResourcesFiltering - skip non existing resourceDirectory D:\Pranav All study Material\marktetplace\marketplace\src\test\resources
2025-07-06 14:57:20,249 [Worker-36: Building] INFO  o.a.m.s.f.DefaultMavenResourcesFiltering - Copying 1 resource from src\main\resources to target\classes
2025-07-06 14:57:20,270 [Worker-36: Building] INFO  o.a.m.s.f.DefaultMavenResourcesFiltering - Copying 6 resources from src\main\resources to target\classes
2025-07-06 14:57:20,278 [Worker-36: Building] INFO  o.a.m.s.f.DefaultMavenResourcesFiltering - skip non existing resourceDirectory D:\Pranav All study Material\marktetplace\marketplace\src\test\resources
2025-07-06 15:02:01,759 [Worker-36: Building] INFO  o.a.m.s.f.DefaultMavenResourcesFiltering - Copying 1 resource from src\main\resources to target\classes
2025-07-06 15:02:02,011 [Worker-36: Building] INFO  o.a.m.s.f.DefaultMavenResourcesFiltering - Copying 6 resources from src\main\resources to target\classes
2025-07-06 15:02:02,024 [Worker-36: Building] INFO  o.a.m.s.f.DefaultMavenResourcesFiltering - skip non existing resourceDirectory D:\Pranav All study Material\marktetplace\marketplace\src\test\resources
2025-07-06 15:03:17,159 [Worker-36: Building] INFO  o.a.m.s.f.DefaultMavenResourcesFiltering - Copying 1 resource from src\main\resources to target\classes
2025-07-06 15:03:17,169 [Worker-36: Building] INFO  o.a.m.s.f.DefaultMavenResourcesFiltering - Copying 6 resources from src\main\resources to target\classes
2025-07-06 15:03:17,175 [Worker-36: Building] INFO  o.a.m.s.f.DefaultMavenResourcesFiltering - skip non existing resourceDirectory D:\Pranav All study Material\marktetplace\marketplace\src\test\resources
2025-07-06 15:08:30,144 [Worker-38: Building] INFO  o.a.m.s.f.DefaultMavenResourcesFiltering - Copying 1 resource from src\main\resources to target\classes
2025-07-06 15:08:30,186 [Worker-38: Building] INFO  o.a.m.s.f.DefaultMavenResourcesFiltering - Copying 6 resources from src\main\resources to target\classes
2025-07-06 15:08:30,192 [Worker-38: Building] INFO  o.a.m.s.f.DefaultMavenResourcesFiltering - skip non existing resourceDirectory D:\Pranav All study Material\marktetplace\marketplace\src\test\resources
2025-07-06 15:16:21,653 [Worker-36: Building] INFO  o.a.m.s.f.DefaultMavenResourcesFiltering - Copying 1 resource from src\main\resources to target\classes
2025-07-06 15:16:21,806 [Worker-36: Building] INFO  o.a.m.s.f.DefaultMavenResourcesFiltering - Copying 6 resources from src\main\resources to target\classes
2025-07-06 15:16:21,816 [Worker-36: Building] INFO  o.a.m.s.f.DefaultMavenResourcesFiltering - skip non existing resourceDirectory D:\Pranav All study Material\marktetplace\marketplace\src\test\resources
2025-07-06 15:16:44,730 [Worker-43: Building] INFO  o.a.m.s.f.DefaultMavenResourcesFiltering - Copying 1 resource from src\main\resources to target\classes
2025-07-06 15:16:44,741 [Worker-43: Building] INFO  o.a.m.s.f.DefaultMavenResourcesFiltering - Copying 6 resources from src\main\resources to target\classes
2025-07-06 15:16:44,748 [Worker-43: Building] INFO  o.a.m.s.f.DefaultMavenResourcesFiltering - skip non existing resourceDirectory D:\Pranav All study Material\marktetplace\marketplace\src\test\resources
2025-07-06 15:17:25,991 [Worker-41: Building] INFO  o.a.m.s.f.DefaultMavenResourcesFiltering - Copying 1 resource from src\main\resources to target\classes
2025-07-06 15:17:26,011 [Worker-41: Building] INFO  o.a.m.s.f.DefaultMavenResourcesFiltering - Copying 6 resources from src\main\resources to target\classes
2025-07-06 15:17:26,016 [Worker-41: Building] INFO  o.a.m.s.f.DefaultMavenResourcesFiltering - skip non existing resourceDirectory D:\Pranav All study Material\marktetplace\marketplace\src\test\resources
2025-07-06 15:25:00,657 [Worker-36: Building] INFO  o.a.m.s.f.DefaultMavenResourcesFiltering - Copying 1 resource from src\main\resources to target\classes
2025-07-06 15:25:00,697 [Worker-36: Building] INFO  o.a.m.s.f.DefaultMavenResourcesFiltering - Copying 6 resources from src\main\resources to target\classes
2025-07-06 15:25:00,704 [Worker-36: Building] INFO  o.a.m.s.f.DefaultMavenResourcesFiltering - skip non existing resourceDirectory D:\Pranav All study Material\marktetplace\marketplace\src\test\resources
2025-07-06 15:29:05,524 [Worker-36: Building] INFO  o.a.m.s.f.DefaultMavenResourcesFiltering - Copying 1 resource from src\main\resources to target\classes
2025-07-06 15:29:05,535 [Worker-36: Building] INFO  o.a.m.s.f.DefaultMavenResourcesFiltering - Copying 6 resources from src\main\resources to target\classes
2025-07-06 15:29:05,544 [Worker-36: Building] INFO  o.a.m.s.f.DefaultMavenResourcesFiltering - skip non existing resourceDirectory D:\Pranav All study Material\marktetplace\marketplace\src\test\resources
2025-07-06 15:55:19,309 [Worker-1: Loading available Gradle versions] INFO  o.e.b.c.i.u.g.PublishedGradleVersions - Gradle version information cache is up-to-date. Trying to read.
2025-07-06 16:01:15,302 [Worker-25: Building] INFO  o.a.m.s.f.DefaultMavenResourcesFiltering - Copying 1 resource from src\main\resources to target\classes
2025-07-06 16:01:15,336 [Worker-25: Building] INFO  o.a.m.s.f.DefaultMavenResourcesFiltering - Copying 6 resources from src\main\resources to target\classes
2025-07-06 16:01:15,346 [Worker-25: Building] INFO  o.a.m.s.f.DefaultMavenResourcesFiltering - skip non existing resourceDirectory D:\Pranav All study Material\marktetplace\marketplace\src\test\resources
2025-07-06 16:02:17,621 [Worker-15: Building] INFO  o.a.m.s.f.DefaultMavenResourcesFiltering - Copying 0 resource from src\main\resources to target\classes
2025-07-06 16:02:17,622 [Worker-15: Building] INFO  o.a.m.s.f.DefaultMavenResourcesFiltering - Copying 0 resource from src\main\resources to target\classes
2025-07-06 16:02:17,626 [Worker-15: Building] INFO  o.a.m.s.f.DefaultMavenResourcesFiltering - skip non existing resourceDirectory D:\Pranav All study Material\marktetplace\marketplace\src\test\resources
2025-07-08 19:49:12,514 [Worker-1: Loading available Gradle versions] INFO  o.e.b.c.i.u.g.PublishedGradleVersions - Gradle version information cache is out-of-date. Trying to update.
2025-07-08 19:59:03,379 [Worker-31: Building] INFO  o.a.m.s.f.DefaultMavenResourcesFiltering - Copying 1 resource from src\main\resources to target\classes
2025-07-08 19:59:03,487 [Worker-31: Building] INFO  o.a.m.s.f.DefaultMavenResourcesFiltering - Copying 6 resources from src\main\resources to target\classes
2025-07-08 19:59:03,498 [Worker-31: Building] INFO  o.a.m.s.f.DefaultMavenResourcesFiltering - skip non existing resourceDirectory D:\Pranav All study Material\marktetplace\marketplace\src\test\resources
2025-07-08 20:05:30,663 [Worker-37: Building] INFO  o.a.m.s.f.DefaultMavenResourcesFiltering - Copying 1 resource from src\main\resources to target\classes
2025-07-08 20:05:30,699 [Worker-37: Building] INFO  o.a.m.s.f.DefaultMavenResourcesFiltering - Copying 6 resources from src\main\resources to target\classes
2025-07-08 20:05:30,705 [Worker-37: Building] INFO  o.a.m.s.f.DefaultMavenResourcesFiltering - skip non existing resourceDirectory D:\Pranav All study Material\marktetplace\marketplace\src\test\resources
2025-07-08 22:08:40,076 [Worker-2: Loading available Gradle versions] INFO  o.e.b.c.i.u.g.PublishedGradleVersions - Gradle version information cache is up-to-date. Trying to read.
2026-05-12 13:43:44,637 [Worker-6: Loading available Gradle versions] INFO  o.e.b.c.i.u.g.PublishedGradleVersions - Gradle version information cache is out-of-date. Trying to update.
2026-05-12 13:49:05,874 [Worker-0: Launching MarketplaceApplication] INFO  o.a.m.s.f.DefaultMavenResourcesFiltering - Copying 1 resource from src\main\resources to target\classes
2026-05-12 13:49:05,912 [Worker-0: Launching MarketplaceApplication] INFO  o.a.m.s.f.DefaultMavenResourcesFiltering - Copying 6 resources from src\main\resources to target\classes
2026-05-12 13:49:05,929 [Worker-0: Launching MarketplaceApplication] INFO  o.a.m.s.f.DefaultMavenResourcesFiltering - skip non existing resourceDirectory D:\Pranav All study Material\marktetplace\marketplace\src\test\resources
2026-05-12 20:12:12,312 [Worker-7: Loading available Gradle versions] INFO  o.e.b.c.i.u.g.PublishedGradleVersions - Gradle version information cache is up-to-date. Trying to read.
2026-05-12 20:50:34,305 [Worker-7: Loading available Gradle versions] INFO  o.e.b.c.i.u.g.PublishedGradleVersions - Gradle version information cache is up-to-date. Trying to read.
2026-05-12 22:32:52,870 [Worker-4: Loading available Gradle versions] INFO  o.e.b.c.i.u.g.PublishedGradleVersions - Gradle version information cache is up-to-date. Trying to read.
2026-05-13 13:11:00,442 [Worker-7: Loading available Gradle versions] INFO  o.e.b.c.i.u.g.PublishedGradleVersions - Gradle version information cache is up-to-date. Trying to read.
2026-05-13 14:20:30,609 [Worker-44: Building] INFO  o.a.m.s.f.DefaultMavenResourcesFiltering - Copying 1 resource from src\main\resources to target\classes
2026-05-13 14:20:30,634 [Worker-44: Building] INFO  o.a.m.s.f.DefaultMavenResourcesFiltering - Copying 6 resources from src\main\resources to target\classes
2026-05-13 14:20:30,646 [Worker-44: Building] INFO  o.a.m.s.f.DefaultMavenResourcesFiltering - skip non existing resourceDirectory D:\Pranav All study Material\marktetplace\marketplace\src\test\resources
2026-05-13 14:20:45,995 [Worker-44: Building] INFO  o.a.m.s.f.DefaultMavenResourcesFiltering - Copying 1 resource from src\main\resources to target\classes
2026-05-13 14:20:46,002 [Worker-44: Building] INFO  o.a.m.s.f.DefaultMavenResourcesFiltering - Copying 6 resources from src\main\resources to target\classes
2026-05-13 14:20:46,006 [Worker-44: Building] INFO  o.a.m.s.f.DefaultMavenResourcesFiltering - skip non existing resourceDirectory D:\Pranav All study Material\marktetplace\marketplace\src\test\resources
2026-05-13 14:20:55,542 [Worker-45: Building] INFO  o.a.m.s.f.DefaultMavenResourcesFiltering - Copying 1 resource from src\main\resources to target\classes
2026-05-13 14:20:55,545 [Worker-45: Building] INFO  o.a.m.s.f.DefaultMavenResourcesFiltering - Copying 6 resources from src\main\resources to target\classes
2026-05-13 14:20:55,547 [Worker-45: Building] INFO  o.a.m.s.f.DefaultMavenResourcesFiltering - skip non existing resourceDirectory D:\Pranav All study Material\marktetplace\marketplace\src\test\resources
2026-05-13 19:54:46,239 [Worker-76: Building] INFO  o.a.m.s.f.DefaultMavenResourcesFiltering - Copying 1 resource from src\main\resources to target\classes
2026-05-13 19:54:46,336 [Worker-76: Building] INFO  o.a.m.s.f.DefaultMavenResourcesFiltering - Copying 6 resources from src\main\resources to target\classes
2026-05-13 19:54:46,345 [Worker-76: Building] INFO  o.a.m.s.f.DefaultMavenResourcesFiltering - skip non existing resourceDirectory D:\Pranav All study Material\marktetplace\marketplace\src\test\resources
2026-05-13 19:55:05,383 [Worker-76: Building] INFO  o.a.m.s.f.DefaultMavenResourcesFiltering - Copying 1 resource from src\main\resources to target\classes
2026-05-13 19:55:05,393 [Worker-76: Building] INFO  o.a.m.s.f.DefaultMavenResourcesFiltering - Copying 6 resources from src\main\resources to target\classes
2026-05-13 19:55:05,399 [Worker-76: Building] INFO  o.a.m.s.f.DefaultMavenResourcesFiltering - skip non existing resourceDirectory D:\Pranav All study Material\marktetplace\marketplace\src\test\resources
2026-05-13 19:56:01,921 [Worker-76: Building] INFO  o.a.m.s.f.DefaultMavenResourcesFiltering - Copying 1 resource from src\main\resources to target\classes
2026-05-13 19:56:01,929 [Worker-76: Building] INFO  o.a.m.s.f.DefaultMavenResourcesFiltering - Copying 6 resources from src\main\resources to target\classes
2026-05-13 19:56:01,938 [Worker-76: Building] INFO  o.a.m.s.f.DefaultMavenResourcesFiltering - skip non existing resourceDirectory D:\Pranav All study Material\marktetplace\marketplace\src\test\resources
2026-05-13 19:57:03,198 [Worker-78: Building] INFO  o.a.m.s.f.DefaultMavenResourcesFiltering - Copying 1 resource from src\main\resources to target\classes
2026-05-13 19:57:03,206 [Worker-78: Building] INFO  o.a.m.s.f.DefaultMavenResourcesFiltering - Copying 6 resources from src\main\resources to target\classes
2026-05-13 19:57:03,221 [Worker-78: Building] INFO  o.a.m.s.f.DefaultMavenResourcesFiltering - skip non existing resourceDirectory D:\Pranav All study Material\marktetplace\marketplace\src\test\resources
2026-05-13 19:57:29,850 [Worker-78: Building] INFO  o.a.m.s.f.DefaultMavenResourcesFiltering - Copying 1 resource from src\main\resources to target\classes
2026-05-13 19:57:29,862 [Worker-78: Building] INFO  o.a.m.s.f.DefaultMavenResourcesFiltering - Copying 6 resources from src\main\resources to target\classes
2026-05-13 19:57:29,867 [Worker-78: Building] INFO  o.a.m.s.f.DefaultMavenResourcesFiltering - skip non existing resourceDirectory D:\Pranav All study Material\marktetplace\marketplace\src\test\resources
2026-05-13 20:44:05,463 [Worker-88: Building] INFO  o.a.m.s.f.DefaultMavenResourcesFiltering - Copying 1 resource from src\main\resources to target\classes
2026-05-13 20:44:05,543 [Worker-88: Building] INFO  o.a.m.s.f.DefaultMavenResourcesFiltering - Copying 6 resources from src\main\resources to target\classes
2026-05-13 20:44:05,554 [Worker-88: Building] INFO  o.a.m.s.f.DefaultMavenResourcesFiltering - skip non existing resourceDirectory D:\Pranav All study Material\marktetplace\marketplace\src\test\resources
2026-05-13 20:45:37,223 [Worker-89: Building] INFO  o.a.m.s.f.DefaultMavenResourcesFiltering - Copying 1 resource from src\main\resources to target\classes
2026-05-13 20:45:37,229 [Worker-89: Building] INFO  o.a.m.s.f.DefaultMavenResourcesFiltering - Copying 6 resources from src\main\resources to target\classes
2026-05-13 20:45:37,235 [Worker-89: Building] INFO  o.a.m.s.f.DefaultMavenResourcesFiltering - skip non existing resourceDirectory D:\Pranav All study Material\marktetplace\marketplace\src\test\resources
2026-05-13 20:45:40,970 [Worker-91: Building] INFO  o.a.m.s.f.DefaultMavenResourcesFiltering - Copying 1 resource from src\main\resources to target\classes
2026-05-13 20:45:40,982 [Worker-91: Building] INFO  o.a.m.s.f.DefaultMavenResourcesFiltering - Copying 6 resources from src\main\resources to target\classes
2026-05-13 20:45:40,986 [Worker-91: Building] INFO  o.a.m.s.f.DefaultMavenResourcesFiltering - skip non existing resourceDirectory D:\Pranav All study Material\marktetplace\marketplace\src\test\resources
2026-05-13 20:50:56,086 [Worker-94: Building] INFO  o.a.m.s.f.DefaultMavenResourcesFiltering - Copying 1 resource from src\main\resources to target\classes
2026-05-13 20:50:56,585 [Worker-94: Building] INFO  o.a.m.s.f.DefaultMavenResourcesFiltering - Copying 6 resources from src\main\resources to target\classes
2026-05-13 20:50:56,611 [Worker-94: Building] INFO  o.a.m.s.f.DefaultMavenResourcesFiltering - skip non existing resourceDirectory D:\Pranav All study Material\marktetplace\marketplace\src\test\resources
2026-05-13 20:51:51,408 [Worker-92: Building] INFO  o.a.m.s.f.DefaultMavenResourcesFiltering - Copying 1 resource from src\main\resources to target\classes
2026-05-13 20:51:51,446 [Worker-92: Building] INFO  o.a.m.s.f.DefaultMavenResourcesFiltering - Copying 6 resources from src\main\resources to target\classes
2026-05-13 20:51:51,452 [Worker-92: Building] INFO  o.a.m.s.f.DefaultMavenResourcesFiltering - skip non existing resourceDirectory D:\Pranav All study Material\marktetplace\marketplace\src\test\resources
2026-05-13 20:52:10,874 [Worker-92: Building] INFO  o.a.m.s.f.DefaultMavenResourcesFiltering - Copying 1 resource from src\main\resources to target\classes
2026-05-13 20:52:10,884 [Worker-92: Building] INFO  o.a.m.s.f.DefaultMavenResourcesFiltering - Copying 6 resources from src\main\resources to target\classes
2026-05-13 20:52:10,891 [Worker-92: Building] INFO  o.a.m.s.f.DefaultMavenResourcesFiltering - skip non existing resourceDirectory D:\Pranav All study Material\marktetplace\marketplace\src\test\resources
2026-05-13 20:58:57,449 [Worker-91: Building] INFO  o.a.m.s.f.DefaultMavenResourcesFiltering - Copying 1 resource from src\main\resources to target\classes
2026-05-13 20:58:57,634 [Worker-91: Building] INFO  o.a.m.s.f.DefaultMavenResourcesFiltering - Copying 6 resources from src\main\resources to target\classes
2026-05-13 20:58:57,644 [Worker-91: Building] INFO  o.a.m.s.f.DefaultMavenResourcesFiltering - skip non existing resourceDirectory D:\Pranav All study Material\marktetplace\marketplace\src\test\resources
2026-05-13 21:07:18,144 [Worker-92: Building] INFO  o.a.m.s.f.DefaultMavenResourcesFiltering - Copying 1 resource from src\main\resources to target\classes
2026-05-13 21:07:18,203 [Worker-92: Building] INFO  o.a.m.s.f.DefaultMavenResourcesFiltering - Copying 6 resources from src\main\resources to target\classes
2026-05-13 21:07:18,208 [Worker-92: Building] INFO  o.a.m.s.f.DefaultMavenResourcesFiltering - skip non existing resourceDirectory D:\Pranav All study Material\marktetplace\marketplace\src\test\resources
2026-05-14 14:25:35,254 [Worker-6: Loading available Gradle versions] INFO  o.e.b.c.i.u.g.PublishedGradleVersions - Gradle version information cache is out-of-date. Trying to update.
2026-05-14 15:59:11,921 [Worker-41: Building] INFO  o.a.m.s.f.DefaultMavenResourcesFiltering - Copying 1 resource from src\main\resources to target\classes
2026-05-14 15:59:12,038 [Worker-41: Building] INFO  o.a.m.s.f.DefaultMavenResourcesFiltering - Copying 6 resources from src\main\resources to target\classes
2026-05-14 15:59:12,050 [Worker-41: Building] INFO  o.a.m.s.f.DefaultMavenResourcesFiltering - skip non existing resourceDirectory D:\Pranav All study Material\marktetplace\marketplace\src\test\resources
2026-05-14 15:59:41,938 [Worker-41: Building] INFO  o.a.m.s.f.DefaultMavenResourcesFiltering - Copying 1 resource from src\main\resources to target\classes
2026-05-14 15:59:42,015 [Worker-41: Building] INFO  o.a.m.s.f.DefaultMavenResourcesFiltering - Copying 6 resources from src\main\resources to target\classes
2026-05-14 15:59:42,018 [Worker-41: Building] INFO  o.a.m.s.f.DefaultMavenResourcesFiltering - skip non existing resourceDirectory D:\Pranav All study Material\marktetplace\marketplace\src\test\resources
2026-05-14 16:40:30,866 [Worker-49: Building] INFO  o.a.m.s.f.DefaultMavenResourcesFiltering - Copying 1 resource from src\main\resources to target\classes
2026-05-14 16:40:30,928 [Worker-49: Building] INFO  o.a.m.s.f.DefaultMavenResourcesFiltering - Copying 6 resources from src\main\resources to target\classes
2026-05-14 16:40:30,938 [Worker-49: Building] INFO  o.a.m.s.f.DefaultMavenResourcesFiltering - skip non existing resourceDirectory D:\Pranav All study Material\marktetplace\marketplace\src\test\resources
2026-05-14 16:42:45,945 [Worker-46: Building] INFO  o.a.m.s.f.DefaultMavenResourcesFiltering - Copying 1 resource from src\main\resources to target\classes
2026-05-14 16:42:46,072 [Worker-46: Building] INFO  o.a.m.s.f.DefaultMavenResourcesFiltering - Copying 6 resources from src\main\resources to target\classes
2026-05-14 16:42:46,077 [Worker-46: Building] INFO  o.a.m.s.f.DefaultMavenResourcesFiltering - skip non existing resourceDirectory D:\Pranav All study Material\marktetplace\marketplace\src\test\resources
2026-05-14 16:43:14,429 [Worker-46: Building] INFO  o.a.m.s.f.DefaultMavenResourcesFiltering - Copying 1 resource from src\main\resources to target\classes
2026-05-14 16:43:14,535 [Worker-46: Building] INFO  o.a.m.s.f.DefaultMavenResourcesFiltering - Copying 6 resources from src\main\resources to target\classes
2026-05-14 16:43:14,538 [Worker-46: Building] INFO  o.a.m.s.f.DefaultMavenResourcesFiltering - skip non existing resourceDirectory D:\Pranav All study Material\marktetplace\marketplace\src\test\resources
2026-05-14 16:56:15,116 [Worker-47: Building] INFO  o.a.m.s.f.DefaultMavenResourcesFiltering - Copying 1 resource from src\main\resources to target\classes
2026-05-14 16:56:15,136 [Worker-47: Building] INFO  o.a.m.s.f.DefaultMavenResourcesFiltering - Copying 6 resources from src\main\resources to target\classes
2026-05-14 16:56:15,139 [Worker-47: Building] INFO  o.a.m.s.f.DefaultMavenResourcesFiltering - skip non existing resourceDirectory D:\Pranav All study Material\marktetplace\marketplace\src\test\resources
2026-05-14 17:15:34,135 [Worker-52: Building] INFO  o.a.m.s.f.DefaultMavenResourcesFiltering - Copying 1 resource from src\main\resources to target\classes
2026-05-14 17:15:34,148 [Worker-52: Building] INFO  o.a.m.s.f.DefaultMavenResourcesFiltering - Copying 6 resources from src\main\resources to target\classes
2026-05-14 17:15:34,152 [Worker-52: Building] INFO  o.a.m.s.f.DefaultMavenResourcesFiltering - skip non existing resourceDirectory D:\Pranav All study Material\marktetplace\marketplace\src\test\resources
2026-05-14 17:15:58,367 [Worker-48: Building] INFO  o.a.m.s.f.DefaultMavenResourcesFiltering - Copying 1 resource from src\main\resources to target\classes
2026-05-14 17:15:58,377 [Worker-48: Building] INFO  o.a.m.s.f.DefaultMavenResourcesFiltering - Copying 6 resources from src\main\resources to target\classes
2026-05-14 17:15:58,380 [Worker-48: Building] INFO  o.a.m.s.f.DefaultMavenResourcesFiltering - skip non existing resourceDirectory D:\Pranav All study Material\marktetplace\marketplace\src\test\resources
2026-05-15 15:00:19,445 [Worker-1: Loading available Gradle versions] INFO  o.e.b.c.i.u.g.PublishedGradleVersions - Gradle version information cache is out-of-date. Trying to update.
2026-05-15 15:02:18,506 [Worker-5: Loading available Gradle versions] INFO  o.e.b.c.i.u.g.PublishedGradleVersions - Gradle version information cache is up-to-date. Trying to read.
2026-05-15 15:04:25,479 [Worker-2: Loading available Gradle versions] INFO  o.e.b.c.i.u.g.PublishedGradleVersions - Gradle version information cache is up-to-date. Trying to read.
2026-05-15 15:04:57,096 [Worker-21: reload maven project] ERROR o.e.m2e.editor.pom.MavenPomEditor - failed to load maven project for org.eclipse.ui.part.FileEditorInput(/marketplace/pom.xml)
org.eclipse.core.runtime.CoreException: Could not read maven project
	at org.eclipse.m2e.core.internal.project.registry.ProjectRegistryManager.readProjectWithDependencies(ProjectRegistryManager.java:917)
	at org.eclipse.m2e.core.internal.project.registry.MavenProjectCache$CacheLine.lambda$1(MavenProjectCache.java:192)
	at java.base/java.util.concurrent.ConcurrentHashMap.computeIfAbsent(ConcurrentHashMap.java:1708)
	at org.eclipse.m2e.core.internal.project.registry.MavenProjectCache$CacheLine.getProject(MavenProjectCache.java:191)
	at org.eclipse.m2e.core.internal.project.registry.MavenProjectCache.getMavenProject(MavenProjectCache.java:105)
	at org.eclipse.m2e.core.internal.project.registry.ProjectRegistryManager.lambda$24(ProjectRegistryManager.java:1101)
	at java.base/java.util.Map.computeIfAbsent(Map.java:1066)
	at org.eclipse.m2e.core.internal.project.registry.ProjectRegistryManager.getMavenProject(ProjectRegistryManager.java:1100)
	at org.eclipse.m2e.core.internal.project.registry.MavenProjectFacade.getMavenProject(MavenProjectFacade.java:289)
	at org.eclipse.m2e.core.ui.internal.actions.SelectionUtil.getMavenProject(SelectionUtil.java:241)
	at org.eclipse.m2e.editor.pom.MavenPomEditor.readMavenProject(MavenPomEditor.java:709)
	at org.eclipse.m2e.editor.pom.MavenPomEditor$4.run(MavenPomEditor.java:1029)
	at org.eclipse.core.internal.jobs.Worker.run(Worker.java:63)
2026-05-15 15:06:42,506 [Worker-23: Updating Maven Dependencies] INFO  o.e.m.c.i.l.LifecycleMappingFactory - Using org.eclipse.m2e.jdt.JarLifecycleMapping lifecycle mapping for MavenProject: com.cca.marketplace:marketplace:0.0.1-SNAPSHOT @ D:\Pranav All study Material\marktetplace\marketplace\backend\pom.xml.
2026-05-15 15:06:42,506 [Worker-21: Building] INFO  o.e.m.c.i.l.LifecycleMappingFactory - Using org.eclipse.m2e.jdt.JarLifecycleMapping lifecycle mapping for MavenProject: com.cca.marketplace:marketplace:0.0.1-SNAPSHOT @ D:\Pranav All study Material\marktetplace\marketplace\backend\pom.xml.
2026-05-15 15:06:44,702 [Worker-21: Building] INFO  o.a.m.s.f.DefaultMavenResourcesFiltering - Copying 1 resource from src\main\resources to target\classes
2026-05-15 15:06:44,733 [Worker-21: Building] INFO  o.a.m.s.f.DefaultMavenResourcesFiltering - Copying 6 resources from src\main\resources to target\classes
2026-05-15 15:06:44,748 [Worker-21: Building] INFO  o.a.m.s.f.DefaultMavenResourcesFiltering - skip non existing resourceDirectory D:\Pranav All study Material\marktetplace\marketplace\backend\src\test\resources
2026-05-15 15:06:46,281 [Worker-3: Updating Maven Dependencies] INFO  o.e.m.c.i.l.LifecycleMappingFactory - Using org.eclipse.m2e.jdt.JarLifecycleMapping lifecycle mapping for MavenProject: com.cca.marketplace:marketplace:0.0.1-SNAPSHOT @ D:\Pranav All study Material\marktetplace\marketplace\backend\pom.xml.
2026-05-15 15:26:49,089 [Worker-6: Loading available Gradle versions] INFO  o.e.b.c.i.u.g.PublishedGradleVersions - Gradle version information cache is up-to-date. Trying to read.
2026-05-15 15:57:12,640 [Worker-4: Loading available Gradle versions] INFO  o.e.b.c.i.u.g.PublishedGradleVersions - Gradle version information cache is up-to-date. Trying to read.
2026-05-15 16:01:06,067 [Worker-3: Loading available Gradle versions] INFO  o.e.b.c.i.u.g.PublishedGradleVersions - Gradle version information cache is up-to-date. Trying to read.
2026-05-15 18:30:43,840 [Worker-5: Building] INFO  o.e.m.c.i.l.LifecycleMappingFactory - Using org.eclipse.m2e.jdt.JarLifecycleMapping lifecycle mapping for MavenProject: com.cca.marketplace:marketplace:0.0.1-SNAPSHOT @ D:\Pranav All study Material\marktetplace\marketplace\backend\pom.xml.
2026-05-15 18:30:51,146 [Worker-5: Building] INFO  o.a.m.s.f.DefaultMavenResourcesFiltering - Copying 0 resource from src\main\resources to target\classes
2026-05-15 18:30:51,147 [Worker-5: Building] INFO  o.a.m.s.f.DefaultMavenResourcesFiltering - Copying 0 resource from src\main\resources to target\classes
2026-05-15 18:30:51,156 [Worker-5: Building] INFO  o.a.m.s.f.DefaultMavenResourcesFiltering - skip non existing resourceDirectory D:\Pranav All study Material\marktetplace\marketplace\backend\src\test\resources
2026-05-15 18:30:54,427 [Worker-15: Building] INFO  o.e.m.c.i.l.LifecycleMappingFactory - Using org.eclipse.m2e.jdt.JarLifecycleMapping lifecycle mapping for MavenProject: com.cca.marketplace:marketplace:0.0.1-SNAPSHOT @ D:\Pranav All study Material\marktetplace\marketplace\backend\pom.xml.
2026-05-15 18:30:55,589 [Worker-15: Building] INFO  o.a.m.s.f.DefaultMavenResourcesFiltering - Copying 1 resource from src\main\resources to target\classes
2026-05-15 18:30:55,620 [Worker-15: Building] INFO  o.a.m.s.f.DefaultMavenResourcesFiltering - Copying 6 resources from src\main\resources to target\classes
2026-05-15 18:30:55,638 [Worker-15: Building] INFO  o.a.m.s.f.DefaultMavenResourcesFiltering - skip non existing resourceDirectory D:\Pranav All study Material\marktetplace\marketplace\backend\src\test\resources
2026-05-15 18:31:12,996 [Worker-6: Loading available Gradle versions] INFO  o.e.b.c.i.u.g.PublishedGradleVersions - Gradle version information cache is up-to-date. Trying to read.
2026-05-18 10:18:21,486 [Worker-0: Loading available Gradle versions] INFO  o.e.b.c.i.u.g.PublishedGradleVersions - Gradle version information cache is out-of-date. Trying to update.
2026-05-18 10:20:58,203 [Worker-7: Loading available Gradle versions] INFO  o.e.b.c.i.u.g.PublishedGradleVersions - Gradle version information cache is up-to-date. Trying to read.
2026-05-18 10:24:40,190 [Worker-7: Loading available Gradle versions] INFO  o.e.b.c.i.u.g.PublishedGradleVersions - Gradle version information cache is up-to-date. Trying to read.
2026-05-18 10:24:40,807 [Worker-9: reload maven project] ERROR o.e.m.c.i.p.r.ProjectRegistryManager - Failed to read Maven project: Some problems were encountered while processing the POMs:
[FATAL] Non-readable POM D:\Pranav All study Material\marktetplace\Backend\marketplace\backend\pom.xml: D:\Pranav All study Material\marktetplace\Backend\marketplace\backend\pom.xml (The system cannot find the path specified) @ 

org.apache.maven.project.ProjectBuildingException: Some problems were encountered while processing the POMs:
[FATAL] Non-readable POM D:\Pranav All study Material\marktetplace\Backend\marketplace\backend\pom.xml: D:\Pranav All study Material\marktetplace\Backend\marketplace\backend\pom.xml (The system cannot find the path specified) @ 

	at org.eclipse.m2e.core.internal.IMavenToolbox.readMavenProjects(IMavenToolbox.java:140)
	at org.eclipse.m2e.core.internal.project.registry.ProjectRegistryManager.lambda$22(ProjectRegistryManager.java:943)
	at org.eclipse.m2e.core.internal.embedder.MavenExecutionContext.executeBare(MavenExecutionContext.java:458)
	at org.eclipse.m2e.core.internal.embedder.MavenExecutionContext.execute(MavenExecutionContext.java:339)
	at org.eclipse.m2e.core.internal.embedder.MavenExecutionContext.execute(MavenExecutionContext.java:278)
	at org.eclipse.m2e.core.internal.project.registry.ProjectRegistryManager.readProjectsWithDependencies(ProjectRegistryManager.java:939)
	at org.eclipse.m2e.core.internal.project.registry.ProjectRegistryManager.create(ProjectRegistryManager.java:219)
	at org.eclipse.m2e.core.internal.project.registry.MavenProjectManager.create(MavenProjectManager.java:105)
	at org.eclipse.m2e.core.ui.internal.actions.SelectionUtil.getMavenProject(SelectionUtil.java:239)
	at org.eclipse.m2e.editor.pom.MavenPomEditor.readMavenProject(MavenPomEditor.java:709)
	at org.eclipse.m2e.editor.pom.MavenPomEditor$4.run(MavenPomEditor.java:1029)
	at org.eclipse.core.internal.jobs.Worker.run(Worker.java:63)
2026-05-18 10:25:51,763 [Worker-27: Building] INFO  o.a.m.s.f.DefaultMavenResourcesFiltering - Copying 1 resource from src\main\resources to target\classes
2026-05-18 10:25:51,798 [Worker-27: Building] INFO  o.a.m.s.f.DefaultMavenResourcesFiltering - Copying 6 resources from src\main\resources to target\classes
2026-05-18 10:25:51,822 [Worker-27: Building] INFO  o.a.m.s.f.DefaultMavenResourcesFiltering - skip non existing resourceDirectory D:\Pranav All study Material\marktetplace\marketplace\backend\src\test\resources
2026-05-18 10:25:52,320 [Worker-4: Updating Maven Dependencies] INFO  o.e.m.c.i.l.LifecycleMappingFactory - Using org.eclipse.m2e.jdt.JarLifecycleMapping lifecycle mapping for MavenProject: com.cca.marketplace:marketplace:0.0.1-SNAPSHOT @ D:\Pranav All study Material\marktetplace\marketplace\backend\pom.xml.
2026-05-18 10:25:55,787 [Worker-4: Building] INFO  o.a.m.s.f.DefaultMavenResourcesFiltering - Copying 1 resource from src\main\resources to target\classes
2026-05-18 10:25:55,794 [Worker-4: Building] INFO  o.a.m.s.f.DefaultMavenResourcesFiltering - Copying 6 resources from src\main\resources to target\classes
2026-05-18 10:25:55,820 [Worker-4: Building] INFO  o.a.m.s.f.DefaultMavenResourcesFiltering - skip non existing resourceDirectory D:\Pranav All study Material\marktetplace\marketplace\backend\src\test\resources
2026-05-18 10:31:43,173 [Worker-7: Loading available Gradle versions] INFO  o.e.b.c.i.u.g.PublishedGradleVersions - Gradle version information cache is up-to-date. Trying to read.
2026-05-18 11:06:58,208 [Worker-3: Periodic workspace save.] ERROR o.e.m.c.i.p.r.ProjectRegistryReader - Can't write workspace state
java.io.FileNotFoundException: D:\Pranav All study Material\marktetplace\.metadata\.plugins\org.eclipse.m2e.core\workspaceState.ser (The system cannot find the path specified)
	at java.base/java.io.FileOutputStream.open0(Native Method)
	at java.base/java.io.FileOutputStream.open(FileOutputStream.java:289)
	at java.base/java.io.FileOutputStream.<init>(FileOutputStream.java:230)
	at java.base/java.io.FileOutputStream.<init>(FileOutputStream.java:179)
	at org.eclipse.m2e.core.internal.project.registry.ProjectRegistryReader.createObjectOutputStream(ProjectRegistryReader.java:127)
	at org.eclipse.m2e.core.internal.project.registry.ProjectRegistryReader.writeWorkspaceState(ProjectRegistryReader.java:116)
	at org.eclipse.m2e.core.internal.project.registry.ProjectRegistryManager.writeWorkspaceState(ProjectRegistryManager.java:1047)
	at org.eclipse.m2e.core.internal.project.registry.ProjectRegistryManager.saving(ProjectRegistryManager.java:1198)
	at org.eclipse.core.internal.resources.SaveManager.executeLifecycle(SaveManager.java:453)
	at org.eclipse.core.internal.resources.SaveManager$1.run(SaveManager.java:269)
	at org.eclipse.core.runtime.SafeRunner.run(SafeRunner.java:47)
	at org.eclipse.core.internal.resources.SaveManager.broadcastLifecycle(SaveManager.java:272)
	at org.eclipse.core.internal.resources.SaveManager.save(SaveManager.java:1226)
	at org.eclipse.core.internal.resources.SaveManager.save(SaveManager.java:1205)
	at org.eclipse.core.internal.resources.DelayedSnapshotJob.run(DelayedSnapshotJob.java:52)
	at org.eclipse.core.internal.jobs.Worker.run(Worker.java:63)
2026-05-18 11:59:06,237 [ModalContext] ERROR o.e.m.c.i.p.r.ProjectRegistryReader - Can't write workspace state
java.io.FileNotFoundException: D:\Pranav All study Material\marktetplace\.metadata\.plugins\org.eclipse.m2e.core\workspaceState.ser (The system cannot find the path specified)
	at java.base/java.io.FileOutputStream.open0(Native Method)
	at java.base/java.io.FileOutputStream.open(FileOutputStream.java:289)
	at java.base/java.io.FileOutputStream.<init>(FileOutputStream.java:230)
	at java.base/java.io.FileOutputStream.<init>(FileOutputStream.java:179)
	at org.eclipse.m2e.core.internal.project.registry.ProjectRegistryReader.createObjectOutputStream(ProjectRegistryReader.java:127)
	at org.eclipse.m2e.core.internal.project.registry.ProjectRegistryReader.writeWorkspaceState(ProjectRegistryReader.java:116)
	at org.eclipse.m2e.core.internal.project.registry.ProjectRegistryManager.writeWorkspaceState(ProjectRegistryManager.java:1047)
	at org.eclipse.m2e.core.internal.project.registry.ProjectRegistryManager.saving(ProjectRegistryManager.java:1198)
	at org.eclipse.core.internal.resources.SaveManager.executeLifecycle(SaveManager.java:453)
	at org.eclipse.core.internal.resources.SaveManager$1.run(SaveManager.java:269)
	at org.eclipse.core.runtime.SafeRunner.run(SafeRunner.java:47)
	at org.eclipse.core.internal.resources.SaveManager.broadcastLifecycle(SaveManager.java:272)
	at org.eclipse.core.internal.resources.SaveManager.save(SaveManager.java:1226)
	at org.eclipse.core.internal.resources.Workspace.save(Workspace.java:2498)
	at org.eclipse.ui.internal.ide.application.IDEWorkbenchAdvisor.lambda$1(IDEWorkbenchAdvisor.java:555)
	at org.eclipse.jface.operation.ModalContext$ModalContextThread.run(ModalContext.java:123)
2026-05-18 12:02:41,391 [Worker-5: Loading available Gradle versions] INFO  o.e.b.c.i.u.g.PublishedGradleVersions - Gradle version information cache is not available. Remote download required.
2026-05-18 12:03:31,280 [Worker-20: Update Maven projects configuration] INFO  o.e.m.c.i.p.ProjectConfigurationManager - Update started
2026-05-18 12:03:31,841 [Worker-20: Update Maven projects configuration] INFO  o.e.m.c.i.e.AbstractTransferListenerAdapter - Downloading https://repo.maven.apache.org/maven2/org/springframework/boot/spring-boot-starter-parent/4.0.6/spring-boot-starter-parent-4.0.6.pom
2026-05-18 12:03:31,884 [Worker-20: Update Maven projects configuration] INFO  o.e.m.c.i.e.AbstractTransferListenerAdapter - Downloaded https://repo.maven.apache.org/maven2/org/springframework/boot/spring-boot-starter-parent/4.0.6/spring-boot-starter-parent-4.0.6.pom
2026-05-18 12:03:31,957 [Worker-20: Update Maven projects configuration] INFO  o.e.m.c.i.e.AbstractTransferListenerAdapter - Downloading https://repo.maven.apache.org/maven2/org/springframework/boot/spring-boot-dependencies/4.0.6/spring-boot-dependencies-4.0.6.pom
2026-05-18 12:03:32,015 [Worker-20: Update Maven projects configuration] INFO  o.e.m.c.i.e.AbstractTransferListenerAdapter - Downloaded https://repo.maven.apache.org/maven2/org/springframework/boot/spring-boot-dependencies/4.0.6/spring-boot-dependencies-4.0.6.pom
2026-05-18 12:03:32,479 [Worker-20: Update Maven projects configuration] INFO  o.e.m.c.i.e.AbstractTransferListenerAdapter - Downloading https://repo.maven.apache.org/maven2/org/apache/groovy/groovy-bom/5.0.5/groovy-bom-5.0.5.pom
2026-05-18 12:03:32,555 [Worker-20: Update Maven projects configuration] INFO  o.e.m.c.i.e.AbstractTransferListenerAdapter - Downloaded https://repo.maven.apache.org/maven2/org/apache/groovy/groovy-bom/5.0.5/groovy-bom-5.0.5.pom
2026-05-18 12:03:32,824 [Worker-20: Update Maven projects configuration] INFO  o.e.m.c.i.e.AbstractTransferListenerAdapter - Downloading https://repo.maven.apache.org/maven2/tools/jackson/jackson-bom/3.1.2/jackson-bom-3.1.2.pom
2026-05-18 12:03:32,871 [Worker-20: Update Maven projects configuration] INFO  o.e.m.c.i.e.AbstractTransferListenerAdapter - Downloaded https://repo.maven.apache.org/maven2/tools/jackson/jackson-bom/3.1.2/jackson-bom-3.1.2.pom
2026-05-18 12:03:32,942 [Worker-20: Update Maven projects configuration] INFO  o.e.m.c.i.e.AbstractTransferListenerAdapter - Downloading https://repo.maven.apache.org/maven2/com/fasterxml/oss-parent/79/oss-parent-79.pom
2026-05-18 12:03:33,014 [Worker-20: Update Maven projects configuration] INFO  o.e.m.c.i.e.AbstractTransferListenerAdapter - Downloaded https://repo.maven.apache.org/maven2/com/fasterxml/oss-parent/79/oss-parent-79.pom
2026-05-18 12:03:33,171 [Worker-20: Update Maven projects configuration] INFO  o.e.m.c.i.e.AbstractTransferListenerAdapter - Downloading https://repo.maven.apache.org/maven2/org/eclipse/jetty/ee11/jetty-ee11-bom/12.1.8/jetty-ee11-bom-12.1.8.pom
2026-05-18 12:03:33,244 [Worker-20: Update Maven projects configuration] INFO  o.e.m.c.i.e.AbstractTransferListenerAdapter - Downloaded https://repo.maven.apache.org/maven2/org/eclipse/jetty/ee11/jetty-ee11-bom/12.1.8/jetty-ee11-bom-12.1.8.pom
2026-05-18 12:03:33,336 [Worker-20: Update Maven projects configuration] INFO  o.e.m.c.i.e.AbstractTransferListenerAdapter - Downloading https://repo.maven.apache.org/maven2/org/eclipse/jetty/jetty-bom/12.1.8/jetty-bom-12.1.8.pom
2026-05-18 12:03:33,393 [Worker-20: Update Maven projects configuration] INFO  o.e.m.c.i.e.AbstractTransferListenerAdapter - Downloaded https://repo.maven.apache.org/maven2/org/eclipse/jetty/jetty-bom/12.1.8/jetty-bom-12.1.8.pom
2026-05-18 12:03:33,466 [Worker-20: Update Maven projects configuration] INFO  o.e.m.c.i.e.AbstractTransferListenerAdapter - Downloading https://repo.maven.apache.org/maven2/org/jooq/jooq-bom/3.19.32/jooq-bom-3.19.32.pom
2026-05-18 12:03:33,518 [Worker-20: Update Maven projects configuration] INFO  o.e.m.c.i.e.AbstractTransferListenerAdapter - Downloaded https://repo.maven.apache.org/maven2/org/jooq/jooq-bom/3.19.32/jooq-bom-3.19.32.pom
2026-05-18 12:03:33,747 [Worker-20: Update Maven projects configuration] INFO  o.e.m.c.i.e.AbstractTransferListenerAdapter - Downloading https://repo.maven.apache.org/maven2/org/apache/logging/log4j/log4j-bom/2.25.4/log4j-bom-2.25.4.pom
2026-05-18 12:03:33,814 [Worker-20: Update Maven projects configuration] INFO  o.e.m.c.i.e.AbstractTransferListenerAdapter - Downloaded https://repo.maven.apache.org/maven2/org/apache/logging/log4j/log4j-bom/2.25.4/log4j-bom-2.25.4.pom
2026-05-18 12:03:33,911 [Worker-20: Update Maven projects configuration] INFO  o.e.m.c.i.e.AbstractTransferListenerAdapter - Downloading https://repo.maven.apache.org/maven2/io/micrometer/micrometer-bom/1.16.5/micrometer-bom-1.16.5.pom
2026-05-18 12:03:33,976 [Worker-20: Update Maven projects configuration] INFO  o.e.m.c.i.e.AbstractTransferListenerAdapter - Downloaded https://repo.maven.apache.org/maven2/io/micrometer/micrometer-bom/1.16.5/micrometer-bom-1.16.5.pom
2026-05-18 12:03:34,113 [Worker-20: Update Maven projects configuration] INFO  o.e.m.c.i.e.AbstractTransferListenerAdapter - Downloading https://repo.maven.apache.org/maven2/org/mongodb/mongodb-driver-bom/5.6.5/mongodb-driver-bom-5.6.5.pom
2026-05-18 12:03:34,182 [Worker-20: Update Maven projects configuration] INFO  o.e.m.c.i.e.AbstractTransferListenerAdapter - Downloaded https://repo.maven.apache.org/maven2/org/mongodb/mongodb-driver-bom/5.6.5/mongodb-driver-bom-5.6.5.pom
2026-05-18 12:03:34,245 [Worker-20: Update Maven projects configuration] INFO  o.e.m.c.i.e.AbstractTransferListenerAdapter - Downloading https://repo.maven.apache.org/maven2/org/neo4j/driver/neo4j-java-driver-bom/6.0.5/neo4j-java-driver-bom-6.0.5.pom
2026-05-18 12:03:34,278 [Worker-20: Update Maven projects configuration] INFO  o.e.m.c.i.e.AbstractTransferListenerAdapter - Downloaded https://repo.maven.apache.org/maven2/org/neo4j/driver/neo4j-java-driver-bom/6.0.5/neo4j-java-driver-bom-6.0.5.pom
2026-05-18 12:03:34,342 [Worker-20: Update Maven projects configuration] INFO  o.e.m.c.i.e.AbstractTransferListenerAdapter - Downloading https://repo.maven.apache.org/maven2/org/neo4j/bolt/neo4j-bolt-connection-bom/11.0.1/neo4j-bolt-connection-bom-11.0.1.pom
2026-05-18 12:03:34,387 [Worker-20: Update Maven projects configuration] INFO  o.e.m.c.i.e.AbstractTransferListenerAdapter - Downloaded https://repo.maven.apache.org/maven2/org/neo4j/bolt/neo4j-bolt-connection-bom/11.0.1/neo4j-bolt-connection-bom-11.0.1.pom
2026-05-18 12:03:34,713 [Worker-20: Update Maven projects configuration] INFO  o.e.m.c.i.e.AbstractTransferListenerAdapter - Downloading https://repo.maven.apache.org/maven2/io/projectreactor/reactor-bom/2025.0.5/reactor-bom-2025.0.5.pom
2026-05-18 12:03:34,779 [Worker-20: Update Maven projects configuration] INFO  o.e.m.c.i.e.AbstractTransferListenerAdapter - Downloaded https://repo.maven.apache.org/maven2/io/projectreactor/reactor-bom/2025.0.5/reactor-bom-2025.0.5.pom
2026-05-18 12:03:34,891 [Worker-20: Update Maven projects configuration] INFO  o.e.m.c.i.e.AbstractTransferListenerAdapter - Downloading https://repo.maven.apache.org/maven2/org/springframework/amqp/spring-amqp-bom/4.0.3/spring-amqp-bom-4.0.3.pom
2026-05-18 12:03:34,935 [Worker-20: Update Maven projects configuration] INFO  o.e.m.c.i.e.AbstractTransferListenerAdapter - Downloaded https://repo.maven.apache.org/maven2/org/springframework/amqp/spring-amqp-bom/4.0.3/spring-amqp-bom-4.0.3.pom
2026-05-18 12:03:35,030 [Worker-20: Update Maven projects configuration] INFO  o.e.m.c.i.e.AbstractTransferListenerAdapter - Downloading https://repo.maven.apache.org/maven2/org/springframework/data/spring-data-bom/2025.1.5/spring-data-bom-2025.1.5.pom
2026-05-18 12:03:35,071 [Worker-20: Update Maven projects configuration] INFO  o.e.m.c.i.e.AbstractTransferListenerAdapter - Downloaded https://repo.maven.apache.org/maven2/org/springframework/data/spring-data-bom/2025.1.5/spring-data-bom-2025.1.5.pom
2026-05-18 12:03:35,132 [Worker-20: Update Maven projects configuration] INFO  o.e.m.c.i.e.AbstractTransferListenerAdapter - Downloading https://repo.maven.apache.org/maven2/org/springframework/spring-framework-bom/7.0.7/spring-framework-bom-7.0.7.pom
2026-05-18 12:03:35,162 [Worker-20: Update Maven projects configuration] INFO  o.e.m.c.i.e.AbstractTransferListenerAdapter - Downloaded https://repo.maven.apache.org/maven2/org/springframework/spring-framework-bom/7.0.7/spring-framework-bom-7.0.7.pom
2026-05-18 12:03:35,253 [Worker-20: Update Maven projects configuration] INFO  o.e.m.c.i.e.AbstractTransferListenerAdapter - Downloading https://repo.maven.apache.org/maven2/org/springframework/pulsar/spring-pulsar-bom/2.0.5/spring-pulsar-bom-2.0.5.pom
2026-05-18 12:03:35,293 [Worker-20: Update Maven projects configuration] INFO  o.e.m.c.i.e.AbstractTransferListenerAdapter - Downloaded https://repo.maven.apache.org/maven2/org/springframework/pulsar/spring-pulsar-bom/2.0.5/spring-pulsar-bom-2.0.5.pom
2026-05-18 12:03:35,378 [Worker-20: Update Maven projects configuration] INFO  o.e.m.c.i.e.AbstractTransferListenerAdapter - Downloading https://repo.maven.apache.org/maven2/org/springframework/security/spring-security-bom/7.0.5/spring-security-bom-7.0.5.pom
2026-05-18 12:03:35,430 [Worker-20: Update Maven projects configuration] INFO  o.e.m.c.i.e.AbstractTransferListenerAdapter - Downloaded https://repo.maven.apache.org/maven2/org/springframework/security/spring-security-bom/7.0.5/spring-security-bom-7.0.5.pom
2026-05-18 12:03:35,489 [Worker-20: Update Maven projects configuration] INFO  o.e.m.c.i.e.AbstractTransferListenerAdapter - Downloading https://repo.maven.apache.org/maven2/org/springframework/session/spring-session-bom/4.0.3/spring-session-bom-4.0.3.pom
2026-05-18 12:03:35,543 [Worker-20: Update Maven projects configuration] INFO  o.e.m.c.i.e.AbstractTransferListenerAdapter - Downloaded https://repo.maven.apache.org/maven2/org/springframework/session/spring-session-bom/4.0.3/spring-session-bom-4.0.3.pom
2026-05-18 12:03:35,634 [Worker-20: Update Maven projects configuration] INFO  o.e.m.c.i.e.AbstractTransferListenerAdapter - Downloading https://repo.maven.apache.org/maven2/org/testcontainers/testcontainers-bom/2.0.5/testcontainers-bom-2.0.5.pom
2026-05-18 12:03:35,672 [Worker-20: Update Maven projects configuration] INFO  o.e.m.c.i.e.AbstractTransferListenerAdapter - Downloaded https://repo.maven.apache.org/maven2/org/testcontainers/testcontainers-bom/2.0.5/testcontainers-bom-2.0.5.pom
2026-05-18 12:03:36,242 [Worker-20: Update Maven projects configuration] INFO  o.e.m.c.i.e.AbstractTransferListenerAdapter - Downloading https://repo.maven.apache.org/maven2/org/springframework/boot/spring-boot-maven-plugin/4.0.6/spring-boot-maven-plugin-4.0.6.pom
2026-05-18 12:03:36,302 [Worker-20: Update Maven projects configuration] INFO  o.e.m.c.i.e.AbstractTransferListenerAdapter - Downloaded https://repo.maven.apache.org/maven2/org/springframework/boot/spring-boot-maven-plugin/4.0.6/spring-boot-maven-plugin-4.0.6.pom
2026-05-18 12:03:36,377 [Worker-20: Update Maven projects configuration] INFO  o.e.m.c.i.e.AbstractTransferListenerAdapter - Downloading https://repo.maven.apache.org/maven2/org/springframework/boot/spring-boot-maven-plugin/4.0.6/spring-boot-maven-plugin-4.0.6.jar
2026-05-18 12:03:36,482 [Worker-20: Update Maven projects configuration] INFO  o.e.m.c.i.e.AbstractTransferListenerAdapter - Downloaded https://repo.maven.apache.org/maven2/org/springframework/boot/spring-boot-maven-plugin/4.0.6/spring-boot-maven-plugin-4.0.6.jar
2026-05-18 12:03:38,954 [Worker-20: Update Maven projects configuration] INFO  o.e.m.c.i.l.LifecycleMappingFactory - Using org.eclipse.m2e.jdt.JarLifecycleMapping lifecycle mapping for MavenProject: com.example:marketplace:0.0.1-SNAPSHOT @ D:\Pranav All study Material\marktetplace\QuickMart\pom.xml.
2026-05-18 12:03:39,044 [Worker-20: Update Maven projects configuration] INFO  o.e.m.c.i.e.AbstractTransferListenerAdapter - Downloading https://repo.maven.apache.org/maven2/org/springframework/boot/spring-boot-starter-data-jpa/4.0.6/spring-boot-starter-data-jpa-4.0.6.pom
2026-05-18 12:03:39,075 [Worker-20: Update Maven projects configuration] INFO  o.e.m.c.i.e.AbstractTransferListenerAdapter - Downloaded https://repo.maven.apache.org/maven2/org/springframework/boot/spring-boot-starter-data-jpa/4.0.6/spring-boot-starter-data-jpa-4.0.6.pom
2026-05-18 12:03:39,131 [Worker-20: Update Maven projects configuration] INFO  o.e.m.c.i.e.AbstractTransferListenerAdapter - Downloading https://repo.maven.apache.org/maven2/org/springframework/boot/spring-boot-starter/4.0.6/spring-boot-starter-4.0.6.pom
2026-05-18 12:03:39,165 [Worker-20: Update Maven projects configuration] INFO  o.e.m.c.i.e.AbstractTransferListenerAdapter - Downloaded https://repo.maven.apache.org/maven2/org/springframework/boot/spring-boot-starter/4.0.6/spring-boot-starter-4.0.6.pom
2026-05-18 12:03:39,223 [Worker-20: Update Maven projects configuration] INFO  o.e.m.c.i.e.AbstractTransferListenerAdapter - Downloading https://repo.maven.apache.org/maven2/org/springframework/boot/spring-boot-starter-logging/4.0.6/spring-boot-starter-logging-4.0.6.pom
2026-05-18 12:03:39,270 [Worker-20: Update Maven projects configuration] INFO  o.e.m.c.i.e.AbstractTransferListenerAdapter - Downloaded https://repo.maven.apache.org/maven2/org/springframework/boot/spring-boot-starter-logging/4.0.6/spring-boot-starter-logging-4.0.6.pom
2026-05-18 12:03:39,439 [Worker-20: Update Maven projects configuration] INFO  o.e.m.c.i.e.AbstractTransferListenerAdapter - Downloading https://repo.maven.apache.org/maven2/org/apache/logging/log4j/log4j-to-slf4j/2.25.4/log4j-to-slf4j-2.25.4.pom
2026-05-18 12:03:39,470 [Worker-20: Update Maven projects configuration] INFO  o.e.m.c.i.e.AbstractTransferListenerAdapter - Downloaded https://repo.maven.apache.org/maven2/org/apache/logging/log4j/log4j-to-slf4j/2.25.4/log4j-to-slf4j-2.25.4.pom
2026-05-18 12:03:39,530 [Worker-20: Update Maven projects configuration] INFO  o.e.m.c.i.e.AbstractTransferListenerAdapter - Downloading https://repo.maven.apache.org/maven2/org/apache/logging/log4j/log4j/2.25.4/log4j-2.25.4.pom
2026-05-18 12:03:39,635 [Worker-20: Update Maven projects configuration] INFO  o.e.m.c.i.e.AbstractTransferListenerAdapter - Downloaded https://repo.maven.apache.org/maven2/org/apache/logging/log4j/log4j/2.25.4/log4j-2.25.4.pom
2026-05-18 12:03:39,923 [Worker-20: Update Maven projects configuration] INFO  o.e.m.c.i.e.AbstractTransferListenerAdapter - Downloading https://repo.maven.apache.org/maven2/org/apache/logging/log4j/log4j-api/2.25.4/log4j-api-2.25.4.pom
2026-05-18 12:03:39,958 [Worker-20: Update Maven projects configuration] INFO  o.e.m.c.i.e.AbstractTransferListenerAdapter - Downloaded https://repo.maven.apache.org/maven2/org/apache/logging/log4j/log4j-api/2.25.4/log4j-api-2.25.4.pom
2026-05-18 12:03:40,022 [Worker-20: Update Maven projects configuration] INFO  o.e.m.c.i.e.AbstractTransferListenerAdapter - Downloading https://repo.maven.apache.org/maven2/org/springframework/boot/spring-boot-autoconfigure/4.0.6/spring-boot-autoconfigure-4.0.6.pom
2026-05-18 12:03:40,072 [Worker-20: Update Maven projects configuration] INFO  o.e.m.c.i.e.AbstractTransferListenerAdapter - Downloaded https://repo.maven.apache.org/maven2/org/springframework/boot/spring-boot-autoconfigure/4.0.6/spring-boot-autoconfigure-4.0.6.pom
2026-05-18 12:03:40,134 [Worker-20: Update Maven projects configuration] INFO  o.e.m.c.i.e.AbstractTransferListenerAdapter - Downloading https://repo.maven.apache.org/maven2/org/springframework/boot/spring-boot/4.0.6/spring-boot-4.0.6.pom
2026-05-18 12:03:40,204 [Worker-20: Update Maven projects configuration] INFO  o.e.m.c.i.e.AbstractTransferListenerAdapter - Downloaded https://repo.maven.apache.org/maven2/org/springframework/boot/spring-boot/4.0.6/spring-boot-4.0.6.pom
2026-05-18 12:03:40,264 [Worker-20: Update Maven projects configuration] INFO  o.e.m.c.i.e.AbstractTransferListenerAdapter - Downloading https://repo.maven.apache.org/maven2/org/springframework/spring-core/7.0.7/spring-core-7.0.7.pom
2026-05-18 12:03:40,322 [Worker-20: Update Maven projects configuration] INFO  o.e.m.c.i.e.AbstractTransferListenerAdapter - Downloaded https://repo.maven.apache.org/maven2/org/springframework/spring-core/7.0.7/spring-core-7.0.7.pom
2026-05-18 12:03:40,532 [Worker-20: Update Maven projects configuration] INFO  o.e.m.c.i.e.AbstractTransferListenerAdapter - Downloading https://repo.maven.apache.org/maven2/org/springframework/spring-context/7.0.7/spring-context-7.0.7.pom
2026-05-18 12:03:40,596 [Worker-20: Update Maven projects configuration] INFO  o.e.m.c.i.e.AbstractTransferListenerAdapter - Downloaded https://repo.maven.apache.org/maven2/org/springframework/spring-context/7.0.7/spring-context-7.0.7.pom
2026-05-18 12:03:40,653 [Worker-20: Update Maven projects configuration] INFO  o.e.m.c.i.e.AbstractTransferListenerAdapter - Downloading https://repo.maven.apache.org/maven2/org/springframework/spring-aop/7.0.7/spring-aop-7.0.7.pom
2026-05-18 12:03:40,686 [Worker-20: Update Maven projects configuration] INFO  o.e.m.c.i.e.AbstractTransferListenerAdapter - Downloaded https://repo.maven.apache.org/maven2/org/springframework/spring-aop/7.0.7/spring-aop-7.0.7.pom
2026-05-18 12:03:40,744 [Worker-20: Update Maven projects configuration] INFO  o.e.m.c.i.e.AbstractTransferListenerAdapter - Downloading https://repo.maven.apache.org/maven2/org/springframework/spring-beans/7.0.7/spring-beans-7.0.7.pom
2026-05-18 12:03:40,803 [Worker-20: Update Maven projects configuration] INFO  o.e.m.c.i.e.AbstractTransferListenerAdapter - Downloaded https://repo.maven.apache.org/maven2/org/springframework/spring-beans/7.0.7/spring-beans-7.0.7.pom
2026-05-18 12:03:40,866 [Worker-20: Update Maven projects configuration] INFO  o.e.m.c.i.e.AbstractTransferListenerAdapter - Downloading https://repo.maven.apache.org/maven2/org/springframework/spring-expression/7.0.7/spring-expression-7.0.7.pom
2026-05-18 12:03:40,898 [Worker-20: Update Maven projects configuration] INFO  o.e.m.c.i.e.AbstractTransferListenerAdapter - Downloaded https://repo.maven.apache.org/maven2/org/springframework/spring-expression/7.0.7/spring-expression-7.0.7.pom
2026-05-18 12:03:40,980 [Worker-20: Update Maven projects configuration] INFO  o.e.m.c.i.e.AbstractTransferListenerAdapter - Downloading https://repo.maven.apache.org/maven2/io/micrometer/micrometer-observation/1.16.5/micrometer-observation-1.16.5.pom
2026-05-18 12:03:41,032 [Worker-20: Update Maven projects configuration] INFO  o.e.m.c.i.e.AbstractTransferListenerAdapter - Downloaded https://repo.maven.apache.org/maven2/io/micrometer/micrometer-observation/1.16.5/micrometer-observation-1.16.5.pom
2026-05-18 12:03:41,090 [Worker-20: Update Maven projects configuration] INFO  o.e.m.c.i.e.AbstractTransferListenerAdapter - Downloading https://repo.maven.apache.org/maven2/io/micrometer/micrometer-commons/1.16.5/micrometer-commons-1.16.5.pom
2026-05-18 12:03:41,137 [Worker-20: Update Maven projects configuration] INFO  o.e.m.c.i.e.AbstractTransferListenerAdapter - Downloaded https://repo.maven.apache.org/maven2/io/micrometer/micrometer-commons/1.16.5/micrometer-commons-1.16.5.pom
2026-05-18 12:03:41,246 [Worker-20: Update Maven projects configuration] INFO  o.e.m.c.i.e.AbstractTransferListenerAdapter - Downloading https://repo.maven.apache.org/maven2/org/springframework/boot/spring-boot-starter-jdbc/4.0.6/spring-boot-starter-jdbc-4.0.6.pom
2026-05-18 12:03:41,285 [Worker-20: Update Maven projects configuration] INFO  o.e.m.c.i.e.AbstractTransferListenerAdapter - Downloaded https://repo.maven.apache.org/maven2/org/springframework/boot/spring-boot-starter-jdbc/4.0.6/spring-boot-starter-jdbc-4.0.6.pom
2026-05-18 12:03:41,344 [Worker-20: Update Maven projects configuration] INFO  o.e.m.c.i.e.AbstractTransferListenerAdapter - Downloading https://repo.maven.apache.org/maven2/org/springframework/boot/spring-boot-jdbc/4.0.6/spring-boot-jdbc-4.0.6.pom
2026-05-18 12:03:41,381 [Worker-20: Update Maven projects configuration] INFO  o.e.m.c.i.e.AbstractTransferListenerAdapter - Downloaded https://repo.maven.apache.org/maven2/org/springframework/boot/spring-boot-jdbc/4.0.6/spring-boot-jdbc-4.0.6.pom
2026-05-18 12:03:41,440 [Worker-20: Update Maven projects configuration] INFO  o.e.m.c.i.e.AbstractTransferListenerAdapter - Downloading https://repo.maven.apache.org/maven2/org/springframework/boot/spring-boot-sql/4.0.6/spring-boot-sql-4.0.6.pom
2026-05-18 12:03:41,502 [Worker-20: Update Maven projects configuration] INFO  o.e.m.c.i.e.AbstractTransferListenerAdapter - Downloaded https://repo.maven.apache.org/maven2/org/springframework/boot/spring-boot-sql/4.0.6/spring-boot-sql-4.0.6.pom
2026-05-18 12:03:41,567 [Worker-20: Update Maven projects configuration] INFO  o.e.m.c.i.e.AbstractTransferListenerAdapter - Downloading https://repo.maven.apache.org/maven2/org/springframework/boot/spring-boot-transaction/4.0.6/spring-boot-transaction-4.0.6.pom
2026-05-18 12:03:41,627 [Worker-20: Update Maven projects configuration] INFO  o.e.m.c.i.e.AbstractTransferListenerAdapter - Downloaded https://repo.maven.apache.org/maven2/org/springframework/boot/spring-boot-transaction/4.0.6/spring-boot-transaction-4.0.6.pom
2026-05-18 12:03:41,689 [Worker-20: Update Maven projects configuration] INFO  o.e.m.c.i.e.AbstractTransferListenerAdapter - Downloading https://repo.maven.apache.org/maven2/org/springframework/boot/spring-boot-persistence/4.0.6/spring-boot-persistence-4.0.6.pom
2026-05-18 12:03:41,733 [Worker-20: Update Maven projects configuration] INFO  o.e.m.c.i.e.AbstractTransferListenerAdapter - Downloaded https://repo.maven.apache.org/maven2/org/springframework/boot/spring-boot-persistence/4.0.6/spring-boot-persistence-4.0.6.pom
2026-05-18 12:03:41,795 [Worker-20: Update Maven projects configuration] INFO  o.e.m.c.i.e.AbstractTransferListenerAdapter - Downloading https://repo.maven.apache.org/maven2/org/springframework/spring-tx/7.0.7/spring-tx-7.0.7.pom
2026-05-18 12:03:41,853 [Worker-20: Update Maven projects configuration] INFO  o.e.m.c.i.e.AbstractTransferListenerAdapter - Downloaded https://repo.maven.apache.org/maven2/org/springframework/spring-tx/7.0.7/spring-tx-7.0.7.pom
2026-05-18 12:03:41,913 [Worker-20: Update Maven projects configuration] INFO  o.e.m.c.i.e.AbstractTransferListenerAdapter - Downloading https://repo.maven.apache.org/maven2/org/springframework/spring-jdbc/7.0.7/spring-jdbc-7.0.7.pom
2026-05-18 12:03:41,957 [Worker-20: Update Maven projects configuration] INFO  o.e.m.c.i.e.AbstractTransferListenerAdapter - Downloaded https://repo.maven.apache.org/maven2/org/springframework/spring-jdbc/7.0.7/spring-jdbc-7.0.7.pom
2026-05-18 12:03:42,047 [Worker-20: Update Maven projects configuration] INFO  o.e.m.c.i.e.AbstractTransferListenerAdapter - Downloading https://repo.maven.apache.org/maven2/org/springframework/boot/spring-boot-data-jpa/4.0.6/spring-boot-data-jpa-4.0.6.pom
2026-05-18 12:03:42,110 [Worker-20: Update Maven projects configuration] INFO  o.e.m.c.i.e.AbstractTransferListenerAdapter - Downloaded https://repo.maven.apache.org/maven2/org/springframework/boot/spring-boot-data-jpa/4.0.6/spring-boot-data-jpa-4.0.6.pom
2026-05-18 12:03:42,169 [Worker-20: Update Maven projects configuration] INFO  o.e.m.c.i.e.AbstractTransferListenerAdapter - Downloading https://repo.maven.apache.org/maven2/org/springframework/boot/spring-boot-data-commons/4.0.6/spring-boot-data-commons-4.0.6.pom
2026-05-18 12:03:42,219 [Worker-20: Update Maven projects configuration] INFO  o.e.m.c.i.e.AbstractTransferListenerAdapter - Downloaded https://repo.maven.apache.org/maven2/org/springframework/boot/spring-boot-data-commons/4.0.6/spring-boot-data-commons-4.0.6.pom
2026-05-18 12:03:42,280 [Worker-20: Update Maven projects configuration] INFO  o.e.m.c.i.e.AbstractTransferListenerAdapter - Downloading https://repo.maven.apache.org/maven2/org/springframework/data/spring-data-commons/4.0.5/spring-data-commons-4.0.5.pom
2026-05-18 12:03:42,330 [Worker-20: Update Maven projects configuration] INFO  o.e.m.c.i.e.AbstractTransferListenerAdapter - Downloaded https://repo.maven.apache.org/maven2/org/springframework/data/spring-data-commons/4.0.5/spring-data-commons-4.0.5.pom
2026-05-18 12:03:42,397 [Worker-20: Update Maven projects configuration] INFO  o.e.m.c.i.e.AbstractTransferListenerAdapter - Downloading https://repo.maven.apache.org/maven2/org/springframework/data/build/spring-data-parent/4.0.5/spring-data-parent-4.0.5.pom
2026-05-18 12:03:42,465 [Worker-20: Update Maven projects configuration] INFO  o.e.m.c.i.e.AbstractTransferListenerAdapter - Downloaded https://repo.maven.apache.org/maven2/org/springframework/data/build/spring-data-parent/4.0.5/spring-data-parent-4.0.5.pom
2026-05-18 12:03:42,541 [Worker-20: Update Maven projects configuration] INFO  o.e.m.c.i.e.AbstractTransferListenerAdapter - Downloading https://repo.maven.apache.org/maven2/org/springframework/data/build/spring-data-build/4.0.5/spring-data-build-4.0.5.pom
2026-05-18 12:03:42,593 [Worker-20: Update Maven projects configuration] INFO  o.e.m.c.i.e.AbstractTransferListenerAdapter - Downloaded https://repo.maven.apache.org/maven2/org/springframework/data/build/spring-data-build/4.0.5/spring-data-build-4.0.5.pom
2026-05-18 12:03:42,656 [Worker-20: Update Maven projects configuration] INFO  o.e.m.c.i.e.AbstractTransferListenerAdapter - Downloading https://repo.maven.apache.org/maven2/io/micrometer/micrometer-tracing-bom/1.6.5/micrometer-tracing-bom-1.6.5.pom
2026-05-18 12:03:42,712 [Worker-20: Update Maven projects configuration] INFO  o.e.m.c.i.e.AbstractTransferListenerAdapter - Downloaded https://repo.maven.apache.org/maven2/io/micrometer/micrometer-tracing-bom/1.6.5/micrometer-tracing-bom-1.6.5.pom
2026-05-18 12:03:42,787 [Worker-20: Update Maven projects configuration] INFO  o.e.m.c.i.e.AbstractTransferListenerAdapter - Downloading https://repo.maven.apache.org/maven2/org/jmolecules/jmolecules-bom/2025.0.2/jmolecules-bom-2025.0.2.pom
2026-05-18 12:03:42,836 [Worker-20: Update Maven projects configuration] INFO  o.e.m.c.i.e.AbstractTransferListenerAdapter - Downloaded https://repo.maven.apache.org/maven2/org/jmolecules/jmolecules-bom/2025.0.2/jmolecules-bom-2025.0.2.pom
2026-05-18 12:03:42,926 [Worker-20: Update Maven projects configuration] INFO  o.e.m.c.i.e.AbstractTransferListenerAdapter - Downloading https://repo.maven.apache.org/maven2/org/springframework/boot/spring-boot-hibernate/4.0.6/spring-boot-hibernate-4.0.6.pom
2026-05-18 12:03:42,982 [Worker-20: Update Maven projects configuration] INFO  o.e.m.c.i.e.AbstractTransferListenerAdapter - Downloaded https://repo.maven.apache.org/maven2/org/springframework/boot/spring-boot-hibernate/4.0.6/spring-boot-hibernate-4.0.6.pom
2026-05-18 12:03:43,070 [Worker-20: Update Maven projects configuration] INFO  o.e.m.c.i.e.AbstractTransferListenerAdapter - Downloading https://repo.maven.apache.org/maven2/org/springframework/boot/spring-boot-jpa/4.0.6/spring-boot-jpa-4.0.6.pom
2026-05-18 12:03:43,132 [Worker-20: Update Maven projects configuration] INFO  o.e.m.c.i.e.AbstractTransferListenerAdapter - Downloaded https://repo.maven.apache.org/maven2/org/springframework/boot/spring-boot-jpa/4.0.6/spring-boot-jpa-4.0.6.pom
2026-05-18 12:03:43,235 [Worker-20: Update Maven projects configuration] INFO  o.e.m.c.i.e.AbstractTransferListenerAdapter - Downloading https://repo.maven.apache.org/maven2/org/springframework/spring-orm/7.0.7/spring-orm-7.0.7.pom
2026-05-18 12:03:43,300 [Worker-20: Update Maven projects configuration] INFO  o.e.m.c.i.e.AbstractTransferListenerAdapter - Downloaded https://repo.maven.apache.org/maven2/org/springframework/spring-orm/7.0.7/spring-orm-7.0.7.pom
2026-05-18 12:03:43,379 [Worker-20: Update Maven projects configuration] INFO  o.e.m.c.i.e.AbstractTransferListenerAdapter - Downloading https://repo.maven.apache.org/maven2/org/hibernate/orm/hibernate-core/7.2.12.Final/hibernate-core-7.2.12.Final.pom
2026-05-18 12:03:43,440 [Worker-20: Update Maven projects configuration] INFO  o.e.m.c.i.e.AbstractTransferListenerAdapter - Downloaded https://repo.maven.apache.org/maven2/org/hibernate/orm/hibernate-core/7.2.12.Final/hibernate-core-7.2.12.Final.pom
2026-05-18 12:03:44,178 [Worker-20: Update Maven projects configuration] INFO  o.e.m.c.i.e.AbstractTransferListenerAdapter - Downloading https://repo.maven.apache.org/maven2/org/springframework/data/spring-data-jpa/4.0.5/spring-data-jpa-4.0.5.pom
2026-05-18 12:03:44,237 [Worker-20: Update Maven projects configuration] INFO  o.e.m.c.i.e.AbstractTransferListenerAdapter - Downloaded https://repo.maven.apache.org/maven2/org/springframework/data/spring-data-jpa/4.0.5/spring-data-jpa-4.0.5.pom
2026-05-18 12:03:44,304 [Worker-20: Update Maven projects configuration] INFO  o.e.m.c.i.e.AbstractTransferListenerAdapter - Downloading https://repo.maven.apache.org/maven2/org/springframework/data/spring-data-jpa-parent/4.0.5/spring-data-jpa-parent-4.0.5.pom
2026-05-18 12:03:44,367 [Worker-20: Update Maven projects configuration] INFO  o.e.m.c.i.e.AbstractTransferListenerAdapter - Downloaded https://repo.maven.apache.org/maven2/org/springframework/data/spring-data-jpa-parent/4.0.5/spring-data-jpa-parent-4.0.5.pom
2026-05-18 12:03:44,434 [Worker-20: Update Maven projects configuration] INFO  o.e.m.c.i.e.AbstractTransferListenerAdapter - Downloading https://repo.maven.apache.org/maven2/org/springframework/spring-aspects/7.0.7/spring-aspects-7.0.7.pom
2026-05-18 12:03:44,480 [Worker-20: Update Maven projects configuration] INFO  o.e.m.c.i.e.AbstractTransferListenerAdapter - Downloaded https://repo.maven.apache.org/maven2/org/springframework/spring-aspects/7.0.7/spring-aspects-7.0.7.pom
2026-05-18 12:03:44,570 [Worker-20: Update Maven projects configuration] INFO  o.e.m.c.i.e.AbstractTransferListenerAdapter - Downloading https://repo.maven.apache.org/maven2/org/springframework/boot/spring-boot-starter-security/4.0.6/spring-boot-starter-security-4.0.6.pom
2026-05-18 12:03:44,629 [Worker-20: Update Maven projects configuration] INFO  o.e.m.c.i.e.AbstractTransferListenerAdapter - Downloaded https://repo.maven.apache.org/maven2/org/springframework/boot/spring-boot-starter-security/4.0.6/spring-boot-starter-security-4.0.6.pom
2026-05-18 12:03:44,693 [Worker-20: Update Maven projects configuration] INFO  o.e.m.c.i.e.AbstractTransferListenerAdapter - Downloading https://repo.maven.apache.org/maven2/org/springframework/boot/spring-boot-security/4.0.6/spring-boot-security-4.0.6.pom
2026-05-18 12:03:44,754 [Worker-20: Update Maven projects configuration] INFO  o.e.m.c.i.e.AbstractTransferListenerAdapter - Downloaded https://repo.maven.apache.org/maven2/org/springframework/boot/spring-boot-security/4.0.6/spring-boot-security-4.0.6.pom
2026-05-18 12:03:44,823 [Worker-20: Update Maven projects configuration] INFO  o.e.m.c.i.e.AbstractTransferListenerAdapter - Downloading https://repo.maven.apache.org/maven2/org/springframework/security/spring-security-config/7.0.5/spring-security-config-7.0.5.pom
2026-05-18 12:03:44,879 [Worker-20: Update Maven projects configuration] INFO  o.e.m.c.i.e.AbstractTransferListenerAdapter - Downloaded https://repo.maven.apache.org/maven2/org/springframework/security/spring-security-config/7.0.5/spring-security-config-7.0.5.pom
2026-05-18 12:03:44,943 [Worker-20: Update Maven projects configuration] INFO  o.e.m.c.i.e.AbstractTransferListenerAdapter - Downloading https://repo.maven.apache.org/maven2/org/springframework/security/spring-security-core/7.0.5/spring-security-core-7.0.5.pom
2026-05-18 12:03:44,987 [Worker-20: Update Maven projects configuration] INFO  o.e.m.c.i.e.AbstractTransferListenerAdapter - Downloaded https://repo.maven.apache.org/maven2/org/springframework/security/spring-security-core/7.0.5/spring-security-core-7.0.5.pom
2026-05-18 12:03:45,049 [Worker-20: Update Maven projects configuration] INFO  o.e.m.c.i.e.AbstractTransferListenerAdapter - Downloading https://repo.maven.apache.org/maven2/org/springframework/security/spring-security-crypto/7.0.5/spring-security-crypto-7.0.5.pom
2026-05-18 12:03:45,099 [Worker-20: Update Maven projects configuration] INFO  o.e.m.c.i.e.AbstractTransferListenerAdapter - Downloaded https://repo.maven.apache.org/maven2/org/springframework/security/spring-security-crypto/7.0.5/spring-security-crypto-7.0.5.pom
2026-05-18 12:03:45,156 [Worker-20: Update Maven projects configuration] INFO  o.e.m.c.i.e.AbstractTransferListenerAdapter - Downloading https://repo.maven.apache.org/maven2/org/springframework/security/spring-security-web/7.0.5/spring-security-web-7.0.5.pom
2026-05-18 12:03:45,205 [Worker-20: Update Maven projects configuration] INFO  o.e.m.c.i.e.AbstractTransferListenerAdapter - Downloaded https://repo.maven.apache.org/maven2/org/springframework/security/spring-security-web/7.0.5/spring-security-web-7.0.5.pom
2026-05-18 12:03:45,268 [Worker-20: Update Maven projects configuration] INFO  o.e.m.c.i.e.AbstractTransferListenerAdapter - Downloading https://repo.maven.apache.org/maven2/org/springframework/spring-web/7.0.7/spring-web-7.0.7.pom
2026-05-18 12:03:45,317 [Worker-20: Update Maven projects configuration] INFO  o.e.m.c.i.e.AbstractTransferListenerAdapter - Downloaded https://repo.maven.apache.org/maven2/org/springframework/spring-web/7.0.7/spring-web-7.0.7.pom
2026-05-18 12:03:45,382 [Worker-20: Update Maven projects configuration] INFO  o.e.m.c.i.e.AbstractTransferListenerAdapter - Downloading https://repo.maven.apache.org/maven2/org/springframework/boot/spring-boot-starter-webmvc/4.0.6/spring-boot-starter-webmvc-4.0.6.pom
2026-05-18 12:03:45,417 [Worker-20: Update Maven projects configuration] INFO  o.e.m.c.i.e.AbstractTransferListenerAdapter - Downloaded https://repo.maven.apache.org/maven2/org/springframework/boot/spring-boot-starter-webmvc/4.0.6/spring-boot-starter-webmvc-4.0.6.pom
2026-05-18 12:03:45,475 [Worker-20: Update Maven projects configuration] INFO  o.e.m.c.i.e.AbstractTransferListenerAdapter - Downloading https://repo.maven.apache.org/maven2/org/springframework/boot/spring-boot-starter-jackson/4.0.6/spring-boot-starter-jackson-4.0.6.pom
2026-05-18 12:03:45,506 [Worker-20: Update Maven projects configuration] INFO  o.e.m.c.i.e.AbstractTransferListenerAdapter - Downloaded https://repo.maven.apache.org/maven2/org/springframework/boot/spring-boot-starter-jackson/4.0.6/spring-boot-starter-jackson-4.0.6.pom
2026-05-18 12:03:45,576 [Worker-20: Update Maven projects configuration] INFO  o.e.m.c.i.e.AbstractTransferListenerAdapter - Downloading https://repo.maven.apache.org/maven2/org/springframework/boot/spring-boot-jackson/4.0.6/spring-boot-jackson-4.0.6.pom
2026-05-18 12:03:45,610 [Worker-20: Update Maven projects configuration] INFO  o.e.m.c.i.e.AbstractTransferListenerAdapter - Downloaded https://repo.maven.apache.org/maven2/org/springframework/boot/spring-boot-jackson/4.0.6/spring-boot-jackson-4.0.6.pom
2026-05-18 12:03:45,671 [Worker-20: Update Maven projects configuration] INFO  o.e.m.c.i.e.AbstractTransferListenerAdapter - Downloading https://repo.maven.apache.org/maven2/tools/jackson/core/jackson-databind/3.1.2/jackson-databind-3.1.2.pom
2026-05-18 12:03:45,707 [Worker-20: Update Maven projects configuration] INFO  o.e.m.c.i.e.AbstractTransferListenerAdapter - Downloaded https://repo.maven.apache.org/maven2/tools/jackson/core/jackson-databind/3.1.2/jackson-databind-3.1.2.pom
2026-05-18 12:03:45,778 [Worker-20: Update Maven projects configuration] INFO  o.e.m.c.i.e.AbstractTransferListenerAdapter - Downloading https://repo.maven.apache.org/maven2/tools/jackson/jackson-base/3.1.2/jackson-base-3.1.2.pom
2026-05-18 12:03:45,814 [Worker-20: Update Maven projects configuration] INFO  o.e.m.c.i.e.AbstractTransferListenerAdapter - Downloaded https://repo.maven.apache.org/maven2/tools/jackson/jackson-base/3.1.2/jackson-base-3.1.2.pom
2026-05-18 12:03:45,914 [Worker-20: Update Maven projects configuration] INFO  o.e.m.c.i.e.AbstractTransferListenerAdapter - Downloading https://repo.maven.apache.org/maven2/tools/jackson/core/jackson-core/3.1.2/jackson-core-3.1.2.pom
2026-05-18 12:03:45,952 [Worker-20: Update Maven projects configuration] INFO  o.e.m.c.i.e.AbstractTransferListenerAdapter - Downloaded https://repo.maven.apache.org/maven2/tools/jackson/core/jackson-core/3.1.2/jackson-core-3.1.2.pom
2026-05-18 12:03:46,019 [Worker-20: Update Maven projects configuration] INFO  o.e.m.c.i.e.AbstractTransferListenerAdapter - Downloading https://repo.maven.apache.org/maven2/org/springframework/boot/spring-boot-starter-tomcat/4.0.6/spring-boot-starter-tomcat-4.0.6.pom
2026-05-18 12:03:46,074 [Worker-20: Update Maven projects configuration] INFO  o.e.m.c.i.e.AbstractTransferListenerAdapter - Downloaded https://repo.maven.apache.org/maven2/org/springframework/boot/spring-boot-starter-tomcat/4.0.6/spring-boot-starter-tomcat-4.0.6.pom
2026-05-18 12:03:46,147 [Worker-20: Update Maven projects configuration] INFO  o.e.m.c.i.e.AbstractTransferListenerAdapter - Downloading https://repo.maven.apache.org/maven2/org/springframework/boot/spring-boot-starter-tomcat-runtime/4.0.6/spring-boot-starter-tomcat-runtime-4.0.6.pom
2026-05-18 12:03:46,201 [Worker-20: Update Maven projects configuration] INFO  o.e.m.c.i.e.AbstractTransferListenerAdapter - Downloaded https://repo.maven.apache.org/maven2/org/springframework/boot/spring-boot-starter-tomcat-runtime/4.0.6/spring-boot-starter-tomcat-runtime-4.0.6.pom
2026-05-18 12:03:46,264 [Worker-20: Update Maven projects configuration] INFO  o.e.m.c.i.e.AbstractTransferListenerAdapter - Downloading https://repo.maven.apache.org/maven2/org/springframework/boot/spring-boot-tomcat/4.0.6/spring-boot-tomcat-4.0.6.pom
2026-05-18 12:03:46,319 [Worker-20: Update Maven projects configuration] INFO  o.e.m.c.i.e.AbstractTransferListenerAdapter - Downloaded https://repo.maven.apache.org/maven2/org/springframework/boot/spring-boot-tomcat/4.0.6/spring-boot-tomcat-4.0.6.pom
2026-05-18 12:03:46,391 [Worker-20: Update Maven projects configuration] INFO  o.e.m.c.i.e.AbstractTransferListenerAdapter - Downloading https://repo.maven.apache.org/maven2/org/springframework/boot/spring-boot-web-server/4.0.6/spring-boot-web-server-4.0.6.pom
2026-05-18 12:03:46,451 [Worker-20: Update Maven projects configuration] INFO  o.e.m.c.i.e.AbstractTransferListenerAdapter - Downloaded https://repo.maven.apache.org/maven2/org/springframework/boot/spring-boot-web-server/4.0.6/spring-boot-web-server-4.0.6.pom
2026-05-18 12:03:46,516 [Worker-20: Update Maven projects configuration] INFO  o.e.m.c.i.e.AbstractTransferListenerAdapter - Downloading https://repo.maven.apache.org/maven2/org/apache/tomcat/embed/tomcat-embed-core/11.0.21/tomcat-embed-core-11.0.21.pom
2026-05-18 12:03:46,561 [Worker-20: Update Maven projects configuration] INFO  o.e.m.c.i.e.AbstractTransferListenerAdapter - Downloaded https://repo.maven.apache.org/maven2/org/apache/tomcat/embed/tomcat-embed-core/11.0.21/tomcat-embed-core-11.0.21.pom
2026-05-18 12:03:46,616 [Worker-20: Update Maven projects configuration] INFO  o.e.m.c.i.e.AbstractTransferListenerAdapter - Downloading https://repo.maven.apache.org/maven2/org/apache/tomcat/embed/tomcat-embed-el/11.0.21/tomcat-embed-el-11.0.21.pom
2026-05-18 12:03:46,669 [Worker-20: Update Maven projects configuration] INFO  o.e.m.c.i.e.AbstractTransferListenerAdapter - Downloaded https://repo.maven.apache.org/maven2/org/apache/tomcat/embed/tomcat-embed-el/11.0.21/tomcat-embed-el-11.0.21.pom
2026-05-18 12:03:46,729 [Worker-20: Update Maven projects configuration] INFO  o.e.m.c.i.e.AbstractTransferListenerAdapter - Downloading https://repo.maven.apache.org/maven2/org/apache/tomcat/embed/tomcat-embed-websocket/11.0.21/tomcat-embed-websocket-11.0.21.pom
2026-05-18 12:03:46,769 [Worker-20: Update Maven projects configuration] INFO  o.e.m.c.i.e.AbstractTransferListenerAdapter - Downloaded https://repo.maven.apache.org/maven2/org/apache/tomcat/embed/tomcat-embed-websocket/11.0.21/tomcat-embed-websocket-11.0.21.pom
2026-05-18 12:03:46,830 [Worker-20: Update Maven projects configuration] INFO  o.e.m.c.i.e.AbstractTransferListenerAdapter - Downloading https://repo.maven.apache.org/maven2/org/springframework/boot/spring-boot-http-converter/4.0.6/spring-boot-http-converter-4.0.6.pom
2026-05-18 12:03:46,882 [Worker-20: Update Maven projects configuration] INFO  o.e.m.c.i.e.AbstractTransferListenerAdapter - Downloaded https://repo.maven.apache.org/maven2/org/springframework/boot/spring-boot-http-converter/4.0.6/spring-boot-http-converter-4.0.6.pom
2026-05-18 12:03:46,943 [Worker-20: Update Maven projects configuration] INFO  o.e.m.c.i.e.AbstractTransferListenerAdapter - Downloading https://repo.maven.apache.org/maven2/org/springframework/boot/spring-boot-webmvc/4.0.6/spring-boot-webmvc-4.0.6.pom
2026-05-18 12:03:47,006 [Worker-20: Update Maven projects configuration] INFO  o.e.m.c.i.e.AbstractTransferListenerAdapter - Downloaded https://repo.maven.apache.org/maven2/org/springframework/boot/spring-boot-webmvc/4.0.6/spring-boot-webmvc-4.0.6.pom
2026-05-18 12:03:47,067 [Worker-20: Update Maven projects configuration] INFO  o.e.m.c.i.e.AbstractTransferListenerAdapter - Downloading https://repo.maven.apache.org/maven2/org/springframework/boot/spring-boot-servlet/4.0.6/spring-boot-servlet-4.0.6.pom
2026-05-18 12:03:47,101 [Worker-20: Update Maven projects configuration] INFO  o.e.m.c.i.e.AbstractTransferListenerAdapter - Downloaded https://repo.maven.apache.org/maven2/org/springframework/boot/spring-boot-servlet/4.0.6/spring-boot-servlet-4.0.6.pom
2026-05-18 12:03:47,157 [Worker-20: Update Maven projects configuration] INFO  o.e.m.c.i.e.AbstractTransferListenerAdapter - Downloading https://repo.maven.apache.org/maven2/org/springframework/spring-webmvc/7.0.7/spring-webmvc-7.0.7.pom
2026-05-18 12:03:47,209 [Worker-20: Update Maven projects configuration] INFO  o.e.m.c.i.e.AbstractTransferListenerAdapter - Downloaded https://repo.maven.apache.org/maven2/org/springframework/spring-webmvc/7.0.7/spring-webmvc-7.0.7.pom
2026-05-18 12:03:47,267 [Worker-20: Update Maven projects configuration] INFO  o.e.m.c.i.e.AbstractTransferListenerAdapter - Downloading https://repo.maven.apache.org/maven2/com/mysql/mysql-connector-j/9.7.0/mysql-connector-j-9.7.0.pom
2026-05-18 12:03:47,333 [Worker-20: Update Maven projects configuration] INFO  o.e.m.c.i.e.AbstractTransferListenerAdapter - Downloaded https://repo.maven.apache.org/maven2/com/mysql/mysql-connector-j/9.7.0/mysql-connector-j-9.7.0.pom
2026-05-18 12:03:47,399 [Worker-20: Update Maven projects configuration] INFO  o.e.m.c.i.e.AbstractTransferListenerAdapter - Downloading https://repo.maven.apache.org/maven2/org/projectlombok/lombok/1.18.46/lombok-1.18.46.pom
2026-05-18 12:03:47,445 [Worker-20: Update Maven projects configuration] INFO  o.e.m.c.i.e.AbstractTransferListenerAdapter - Downloaded https://repo.maven.apache.org/maven2/org/projectlombok/lombok/1.18.46/lombok-1.18.46.pom
2026-05-18 12:03:47,509 [Worker-20: Update Maven projects configuration] INFO  o.e.m.c.i.e.AbstractTransferListenerAdapter - Downloading https://repo.maven.apache.org/maven2/org/springframework/boot/spring-boot-starter-data-jpa-test/4.0.6/spring-boot-starter-data-jpa-test-4.0.6.pom
2026-05-18 12:03:47,575 [Worker-20: Update Maven projects configuration] INFO  o.e.m.c.i.e.AbstractTransferListenerAdapter - Downloaded https://repo.maven.apache.org/maven2/org/springframework/boot/spring-boot-starter-data-jpa-test/4.0.6/spring-boot-starter-data-jpa-test-4.0.6.pom
2026-05-18 12:03:47,642 [Worker-20: Update Maven projects configuration] INFO  o.e.m.c.i.e.AbstractTransferListenerAdapter - Downloading https://repo.maven.apache.org/maven2/org/springframework/boot/spring-boot-starter-test/4.0.6/spring-boot-starter-test-4.0.6.pom
2026-05-18 12:03:47,701 [Worker-20: Update Maven projects configuration] INFO  o.e.m.c.i.e.AbstractTransferListenerAdapter - Downloaded https://repo.maven.apache.org/maven2/org/springframework/boot/spring-boot-starter-test/4.0.6/spring-boot-starter-test-4.0.6.pom
2026-05-18 12:03:47,797 [Worker-20: Update Maven projects configuration] INFO  o.e.m.c.i.e.AbstractTransferListenerAdapter - Downloading https://repo.maven.apache.org/maven2/org/springframework/boot/spring-boot-test/4.0.6/spring-boot-test-4.0.6.pom
2026-05-18 12:03:47,855 [Worker-20: Update Maven projects configuration] INFO  o.e.m.c.i.e.AbstractTransferListenerAdapter - Downloaded https://repo.maven.apache.org/maven2/org/springframework/boot/spring-boot-test/4.0.6/spring-boot-test-4.0.6.pom
2026-05-18 12:03:47,910 [Worker-20: Update Maven projects configuration] INFO  o.e.m.c.i.e.AbstractTransferListenerAdapter - Downloading https://repo.maven.apache.org/maven2/org/springframework/spring-test/7.0.7/spring-test-7.0.7.pom
2026-05-18 12:03:47,961 [Worker-20: Update Maven projects configuration] INFO  o.e.m.c.i.e.AbstractTransferListenerAdapter - Downloaded https://repo.maven.apache.org/maven2/org/springframework/spring-test/7.0.7/spring-test-7.0.7.pom
2026-05-18 12:03:48,018 [Worker-20: Update Maven projects configuration] INFO  o.e.m.c.i.e.AbstractTransferListenerAdapter - Downloading https://repo.maven.apache.org/maven2/org/springframework/boot/spring-boot-test-autoconfigure/4.0.6/spring-boot-test-autoconfigure-4.0.6.pom
2026-05-18 12:03:48,065 [Worker-20: Update Maven projects configuration] INFO  o.e.m.c.i.e.AbstractTransferListenerAdapter - Downloaded https://repo.maven.apache.org/maven2/org/springframework/boot/spring-boot-test-autoconfigure/4.0.6/spring-boot-test-autoconfigure-4.0.6.pom
2026-05-18 12:03:48,682 [Worker-20: Update Maven projects configuration] INFO  o.e.m.c.i.e.AbstractTransferListenerAdapter - Downloading https://repo.maven.apache.org/maven2/org/springframework/boot/spring-boot-starter-jdbc-test/4.0.6/spring-boot-starter-jdbc-test-4.0.6.pom
2026-05-18 12:03:48,740 [Worker-20: Update Maven projects configuration] INFO  o.e.m.c.i.e.AbstractTransferListenerAdapter - Downloaded https://repo.maven.apache.org/maven2/org/springframework/boot/spring-boot-starter-jdbc-test/4.0.6/spring-boot-starter-jdbc-test-4.0.6.pom
2026-05-18 12:03:48,803 [Worker-20: Update Maven projects configuration] INFO  o.e.m.c.i.e.AbstractTransferListenerAdapter - Downloading https://repo.maven.apache.org/maven2/org/springframework/boot/spring-boot-jdbc-test/4.0.6/spring-boot-jdbc-test-4.0.6.pom
2026-05-18 12:03:48,861 [Worker-20: Update Maven projects configuration] INFO  o.e.m.c.i.e.AbstractTransferListenerAdapter - Downloaded https://repo.maven.apache.org/maven2/org/springframework/boot/spring-boot-jdbc-test/4.0.6/spring-boot-jdbc-test-4.0.6.pom
2026-05-18 12:03:48,921 [Worker-20: Update Maven projects configuration] INFO  o.e.m.c.i.e.AbstractTransferListenerAdapter - Downloading https://repo.maven.apache.org/maven2/org/springframework/boot/spring-boot-data-jpa-test/4.0.6/spring-boot-data-jpa-test-4.0.6.pom
2026-05-18 12:03:48,983 [Worker-20: Update Maven projects configuration] INFO  o.e.m.c.i.e.AbstractTransferListenerAdapter - Downloaded https://repo.maven.apache.org/maven2/org/springframework/boot/spring-boot-data-jpa-test/4.0.6/spring-boot-data-jpa-test-4.0.6.pom
2026-05-18 12:03:49,038 [Worker-20: Update Maven projects configuration] INFO  o.e.m.c.i.e.AbstractTransferListenerAdapter - Downloading https://repo.maven.apache.org/maven2/org/springframework/boot/spring-boot-jpa-test/4.0.6/spring-boot-jpa-test-4.0.6.pom
2026-05-18 12:03:49,069 [Worker-20: Update Maven projects configuration] INFO  o.e.m.c.i.e.AbstractTransferListenerAdapter - Downloaded https://repo.maven.apache.org/maven2/org/springframework/boot/spring-boot-jpa-test/4.0.6/spring-boot-jpa-test-4.0.6.pom
2026-05-18 12:03:49,127 [Worker-20: Update Maven projects configuration] INFO  o.e.m.c.i.e.AbstractTransferListenerAdapter - Downloading https://repo.maven.apache.org/maven2/org/springframework/boot/spring-boot-starter-security-test/4.0.6/spring-boot-starter-security-test-4.0.6.pom
2026-05-18 12:03:49,166 [Worker-20: Update Maven projects configuration] INFO  o.e.m.c.i.e.AbstractTransferListenerAdapter - Downloaded https://repo.maven.apache.org/maven2/org/springframework/boot/spring-boot-starter-security-test/4.0.6/spring-boot-starter-security-test-4.0.6.pom
2026-05-18 12:03:49,223 [Worker-20: Update Maven projects configuration] INFO  o.e.m.c.i.e.AbstractTransferListenerAdapter - Downloading https://repo.maven.apache.org/maven2/org/springframework/boot/spring-boot-security-test/4.0.6/spring-boot-security-test-4.0.6.pom
2026-05-18 12:03:49,268 [Worker-20: Update Maven projects configuration] INFO  o.e.m.c.i.e.AbstractTransferListenerAdapter - Downloaded https://repo.maven.apache.org/maven2/org/springframework/boot/spring-boot-security-test/4.0.6/spring-boot-security-test-4.0.6.pom
2026-05-18 12:03:49,325 [Worker-20: Update Maven projects configuration] INFO  o.e.m.c.i.e.AbstractTransferListenerAdapter - Downloading https://repo.maven.apache.org/maven2/org/springframework/security/spring-security-test/7.0.5/spring-security-test-7.0.5.pom
2026-05-18 12:03:49,379 [Worker-20: Update Maven projects configuration] INFO  o.e.m.c.i.e.AbstractTransferListenerAdapter - Downloaded https://repo.maven.apache.org/maven2/org/springframework/security/spring-security-test/7.0.5/spring-security-test-7.0.5.pom
2026-05-18 12:03:49,438 [Worker-20: Update Maven projects configuration] INFO  o.e.m.c.i.e.AbstractTransferListenerAdapter - Downloading https://repo.maven.apache.org/maven2/org/springframework/boot/spring-boot-starter-webmvc-test/4.0.6/spring-boot-starter-webmvc-test-4.0.6.pom
2026-05-18 12:03:49,489 [Worker-20: Update Maven projects configuration] INFO  o.e.m.c.i.e.AbstractTransferListenerAdapter - Downloaded https://repo.maven.apache.org/maven2/org/springframework/boot/spring-boot-starter-webmvc-test/4.0.6/spring-boot-starter-webmvc-test-4.0.6.pom
2026-05-18 12:03:49,554 [Worker-20: Update Maven projects configuration] INFO  o.e.m.c.i.e.AbstractTransferListenerAdapter - Downloading https://repo.maven.apache.org/maven2/org/springframework/boot/spring-boot-starter-jackson-test/4.0.6/spring-boot-starter-jackson-test-4.0.6.pom
2026-05-18 12:03:49,590 [Worker-20: Update Maven projects configuration] INFO  o.e.m.c.i.e.AbstractTransferListenerAdapter - Downloaded https://repo.maven.apache.org/maven2/org/springframework/boot/spring-boot-starter-jackson-test/4.0.6/spring-boot-starter-jackson-test-4.0.6.pom
2026-05-18 12:03:49,648 [Worker-20: Update Maven projects configuration] INFO  o.e.m.c.i.e.AbstractTransferListenerAdapter - Downloading https://repo.maven.apache.org/maven2/org/springframework/boot/spring-boot-webmvc-test/4.0.6/spring-boot-webmvc-test-4.0.6.pom
2026-05-18 12:03:49,705 [Worker-20: Update Maven projects configuration] INFO  o.e.m.c.i.e.AbstractTransferListenerAdapter - Downloaded https://repo.maven.apache.org/maven2/org/springframework/boot/spring-boot-webmvc-test/4.0.6/spring-boot-webmvc-test-4.0.6.pom
2026-05-18 12:03:49,770 [Worker-20: Update Maven projects configuration] INFO  o.e.m.c.i.e.AbstractTransferListenerAdapter - Downloading https://repo.maven.apache.org/maven2/org/springframework/boot/spring-boot-resttestclient/4.0.6/spring-boot-resttestclient-4.0.6.pom
2026-05-18 12:03:49,827 [Worker-20: Update Maven projects configuration] INFO  o.e.m.c.i.e.AbstractTransferListenerAdapter - Downloaded https://repo.maven.apache.org/maven2/org/springframework/boot/spring-boot-resttestclient/4.0.6/spring-boot-resttestclient-4.0.6.pom
2026-05-18 12:03:50,008 [Worker-20: Update Maven projects configuration] INFO  o.e.m.c.i.e.AbstractTransferListenerAdapter - Downloading https://repo.maven.apache.org/maven2/org/springframework/boot/spring-boot-starter-data-jpa/4.0.6/spring-boot-starter-data-jpa-4.0.6.jar
2026-05-18 12:03:50,084 [Worker-20: Update Maven projects configuration] INFO  o.e.m.c.i.e.AbstractTransferListenerAdapter - Downloaded https://repo.maven.apache.org/maven2/org/springframework/boot/spring-boot-starter-data-jpa/4.0.6/spring-boot-starter-data-jpa-4.0.6.jar
2026-05-18 12:03:50,136 [BasicRepositoryConnector-repo.maven.apache.org-0-2] INFO  o.e.m.c.i.e.AbstractTransferListenerAdapter - Downloading https://repo.maven.apache.org/maven2/org/apache/logging/log4j/log4j-to-slf4j/2.25.4/log4j-to-slf4j-2.25.4.jar
2026-05-18 12:03:50,229 [BasicRepositoryConnector-repo.maven.apache.org-0-4] INFO  o.e.m.c.i.e.AbstractTransferListenerAdapter - Downloading https://repo.maven.apache.org/maven2/org/springframework/boot/spring-boot-autoconfigure/4.0.6/spring-boot-autoconfigure-4.0.6.jar
2026-05-18 12:03:50,240 [BasicRepositoryConnector-repo.maven.apache.org-0-1] INFO  o.e.m.c.i.e.AbstractTransferListenerAdapter - Downloading https://repo.maven.apache.org/maven2/org/springframework/boot/spring-boot-starter-logging/4.0.6/spring-boot-starter-logging-4.0.6.jar
2026-05-18 12:03:50,240 [BasicRepositoryConnector-repo.maven.apache.org-0-0] INFO  o.e.m.c.i.e.AbstractTransferListenerAdapter - Downloading https://repo.maven.apache.org/maven2/org/springframework/boot/spring-boot-starter/4.0.6/spring-boot-starter-4.0.6.jar
2026-05-18 12:03:50,241 [BasicRepositoryConnector-repo.maven.apache.org-0-3] INFO  o.e.m.c.i.e.AbstractTransferListenerAdapter - Downloading https://repo.maven.apache.org/maven2/org/apache/logging/log4j/log4j-api/2.25.4/log4j-api-2.25.4.jar
2026-05-18 12:03:50,285 [BasicRepositoryConnector-repo.maven.apache.org-0-0] INFO  o.e.m.c.i.e.AbstractTransferListenerAdapter - Downloaded https://repo.maven.apache.org/maven2/org/springframework/boot/spring-boot-starter/4.0.6/spring-boot-starter-4.0.6.jar
2026-05-18 12:03:50,287 [BasicRepositoryConnector-repo.maven.apache.org-0-1] INFO  o.e.m.c.i.e.AbstractTransferListenerAdapter - Downloaded https://repo.maven.apache.org/maven2/org/springframework/boot/spring-boot-starter-logging/4.0.6/spring-boot-starter-logging-4.0.6.jar
2026-05-18 12:03:50,341 [BasicRepositoryConnector-repo.maven.apache.org-0-1] INFO  o.e.m.c.i.e.AbstractTransferListenerAdapter - Downloading https://repo.maven.apache.org/maven2/org/springframework/boot/spring-boot-data-jpa/4.0.6/spring-boot-data-jpa-4.0.6.jar
2026-05-18 12:03:50,343 [BasicRepositoryConnector-repo.maven.apache.org-0-0] INFO  o.e.m.c.i.e.AbstractTransferListenerAdapter - Downloading https://repo.maven.apache.org/maven2/org/springframework/boot/spring-boot-starter-jdbc/4.0.6/spring-boot-starter-jdbc-4.0.6.jar
2026-05-18 12:03:50,370 [BasicRepositoryConnector-repo.maven.apache.org-0-4] INFO  o.e.m.c.i.e.AbstractTransferListenerAdapter - Downloaded https://repo.maven.apache.org/maven2/org/springframework/boot/spring-boot-autoconfigure/4.0.6/spring-boot-autoconfigure-4.0.6.jar
2026-05-18 12:03:50,391 [BasicRepositoryConnector-repo.maven.apache.org-0-0] INFO  o.e.m.c.i.e.AbstractTransferListenerAdapter - Downloaded https://repo.maven.apache.org/maven2/org/springframework/boot/spring-boot-starter-jdbc/4.0.6/spring-boot-starter-jdbc-4.0.6.jar
2026-05-18 12:03:50,402 [BasicRepositoryConnector-repo.maven.apache.org-0-3] INFO  o.e.m.c.i.e.AbstractTransferListenerAdapter - Downloaded https://repo.maven.apache.org/maven2/org/apache/logging/log4j/log4j-api/2.25.4/log4j-api-2.25.4.jar
2026-05-18 12:03:50,418 [BasicRepositoryConnector-repo.maven.apache.org-0-2] INFO  o.e.m.c.i.e.AbstractTransferListenerAdapter - Downloaded https://repo.maven.apache.org/maven2/org/apache/logging/log4j/log4j-to-slf4j/2.25.4/log4j-to-slf4j-2.25.4.jar
2026-05-18 12:03:50,424 [BasicRepositoryConnector-repo.maven.apache.org-0-4] INFO  o.e.m.c.i.e.AbstractTransferListenerAdapter - Downloading https://repo.maven.apache.org/maven2/org/springframework/boot/spring-boot-data-commons/4.0.6/spring-boot-data-commons-4.0.6.jar
2026-05-18 12:03:50,452 [BasicRepositoryConnector-repo.maven.apache.org-0-0] INFO  o.e.m.c.i.e.AbstractTransferListenerAdapter - Downloading https://repo.maven.apache.org/maven2/org/springframework/boot/spring-boot-persistence/4.0.6/spring-boot-persistence-4.0.6.jar
2026-05-18 12:03:50,460 [BasicRepositoryConnector-repo.maven.apache.org-0-3] INFO  o.e.m.c.i.e.AbstractTransferListenerAdapter - Downloading https://repo.maven.apache.org/maven2/org/springframework/data/spring-data-commons/4.0.5/spring-data-commons-4.0.5.jar
2026-05-18 12:03:50,477 [BasicRepositoryConnector-repo.maven.apache.org-0-2] INFO  o.e.m.c.i.e.AbstractTransferListenerAdapter - Downloading https://repo.maven.apache.org/maven2/org/springframework/boot/spring-boot-hibernate/4.0.6/spring-boot-hibernate-4.0.6.jar
2026-05-18 12:03:50,588 [BasicRepositoryConnector-repo.maven.apache.org-0-1] INFO  o.e.m.c.i.e.AbstractTransferListenerAdapter - Downloaded https://repo.maven.apache.org/maven2/org/springframework/boot/spring-boot-data-jpa/4.0.6/spring-boot-data-jpa-4.0.6.jar
2026-05-18 12:03:50,643 [BasicRepositoryConnector-repo.maven.apache.org-0-1] INFO  o.e.m.c.i.e.AbstractTransferListenerAdapter - Downloading https://repo.maven.apache.org/maven2/org/springframework/boot/spring-boot-jpa/4.0.6/spring-boot-jpa-4.0.6.jar
2026-05-18 12:03:50,672 [BasicRepositoryConnector-repo.maven.apache.org-0-0] INFO  o.e.m.c.i.e.AbstractTransferListenerAdapter - Downloaded https://repo.maven.apache.org/maven2/org/springframework/boot/spring-boot-persistence/4.0.6/spring-boot-persistence-4.0.6.jar
2026-05-18 12:03:50,683 [BasicRepositoryConnector-repo.maven.apache.org-0-3] INFO  o.e.m.c.i.e.AbstractTransferListenerAdapter - Downloaded https://repo.maven.apache.org/maven2/org/springframework/data/spring-data-commons/4.0.5/spring-data-commons-4.0.5.jar
2026-05-18 12:03:50,724 [BasicRepositoryConnector-repo.maven.apache.org-0-0] INFO  o.e.m.c.i.e.AbstractTransferListenerAdapter - Downloading https://repo.maven.apache.org/maven2/org/hibernate/orm/hibernate-core/7.2.12.Final/hibernate-core-7.2.12.Final.jar
2026-05-18 12:03:50,747 [BasicRepositoryConnector-repo.maven.apache.org-0-3] INFO  o.e.m.c.i.e.AbstractTransferListenerAdapter - Downloading https://repo.maven.apache.org/maven2/org/springframework/spring-orm/7.0.7/spring-orm-7.0.7.jar
2026-05-18 12:03:50,783 [BasicRepositoryConnector-repo.maven.apache.org-0-3] INFO  o.e.m.c.i.e.AbstractTransferListenerAdapter - Downloaded https://repo.maven.apache.org/maven2/org/springframework/spring-orm/7.0.7/spring-orm-7.0.7.jar
2026-05-18 12:03:50,835 [BasicRepositoryConnector-repo.maven.apache.org-0-2] INFO  o.e.m.c.i.e.AbstractTransferListenerAdapter - Downloaded https://repo.maven.apache.org/maven2/org/springframework/boot/spring-boot-hibernate/4.0.6/spring-boot-hibernate-4.0.6.jar
2026-05-18 12:03:50,838 [BasicRepositoryConnector-repo.maven.apache.org-0-3] INFO  o.e.m.c.i.e.AbstractTransferListenerAdapter - Downloading https://repo.maven.apache.org/maven2/org/springframework/data/spring-data-jpa/4.0.5/spring-data-jpa-4.0.5.jar
2026-05-18 12:03:50,858 [BasicRepositoryConnector-repo.maven.apache.org-0-4] INFO  o.e.m.c.i.e.AbstractTransferListenerAdapter - Downloaded https://repo.maven.apache.org/maven2/org/springframework/boot/spring-boot-data-commons/4.0.6/spring-boot-data-commons-4.0.6.jar
2026-05-18 12:03:50,913 [BasicRepositoryConnector-repo.maven.apache.org-0-4] INFO  o.e.m.c.i.e.AbstractTransferListenerAdapter - Downloading https://repo.maven.apache.org/maven2/org/springframework/spring-tx/7.0.7/spring-tx-7.0.7.jar
2026-05-18 12:03:50,918 [BasicRepositoryConnector-repo.maven.apache.org-0-2] INFO  o.e.m.c.i.e.AbstractTransferListenerAdapter - Downloading https://repo.maven.apache.org/maven2/org/springframework/spring-context/7.0.7/spring-context-7.0.7.jar
2026-05-18 12:03:50,926 [BasicRepositoryConnector-repo.maven.apache.org-0-1] INFO  o.e.m.c.i.e.AbstractTransferListenerAdapter - Downloaded https://repo.maven.apache.org/maven2/org/springframework/boot/spring-boot-jpa/4.0.6/spring-boot-jpa-4.0.6.jar
2026-05-18 12:03:50,976 [BasicRepositoryConnector-repo.maven.apache.org-0-1] INFO  o.e.m.c.i.e.AbstractTransferListenerAdapter - Downloading https://repo.maven.apache.org/maven2/org/springframework/spring-aspects/7.0.7/spring-aspects-7.0.7.jar
2026-05-18 12:03:51,011 [BasicRepositoryConnector-repo.maven.apache.org-0-1] INFO  o.e.m.c.i.e.AbstractTransferListenerAdapter - Downloaded https://repo.maven.apache.org/maven2/org/springframework/spring-aspects/7.0.7/spring-aspects-7.0.7.jar
2026-05-18 12:03:51,143 [BasicRepositoryConnector-repo.maven.apache.org-0-1] INFO  o.e.m.c.i.e.AbstractTransferListenerAdapter - Downloading https://repo.maven.apache.org/maven2/org/springframework/boot/spring-boot-jdbc/4.0.6/spring-boot-jdbc-4.0.6.jar
2026-05-18 12:03:51,390 [BasicRepositoryConnector-repo.maven.apache.org-0-2] INFO  o.e.m.c.i.e.AbstractTransferListenerAdapter - Downloaded https://repo.maven.apache.org/maven2/org/springframework/spring-context/7.0.7/spring-context-7.0.7.jar
2026-05-18 12:03:51,442 [BasicRepositoryConnector-repo.maven.apache.org-0-1] INFO  o.e.m.c.i.e.AbstractTransferListenerAdapter - Downloaded https://repo.maven.apache.org/maven2/org/springframework/boot/spring-boot-jdbc/4.0.6/spring-boot-jdbc-4.0.6.jar
2026-05-18 12:03:51,455 [BasicRepositoryConnector-repo.maven.apache.org-0-2] INFO  o.e.m.c.i.e.AbstractTransferListenerAdapter - Downloading https://repo.maven.apache.org/maven2/org/springframework/boot/spring-boot/4.0.6/spring-boot-4.0.6.jar
2026-05-18 12:03:51,545 [BasicRepositoryConnector-repo.maven.apache.org-0-1] INFO  o.e.m.c.i.e.AbstractTransferListenerAdapter - Downloading https://repo.maven.apache.org/maven2/org/springframework/boot/spring-boot-sql/4.0.6/spring-boot-sql-4.0.6.jar
2026-05-18 12:03:51,727 [BasicRepositoryConnector-repo.maven.apache.org-0-4] INFO  o.e.m.c.i.e.AbstractTransferListenerAdapter - Downloaded https://repo.maven.apache.org/maven2/org/springframework/spring-tx/7.0.7/spring-tx-7.0.7.jar
2026-05-18 12:03:51,925 [BasicRepositoryConnector-repo.maven.apache.org-0-4] INFO  o.e.m.c.i.e.AbstractTransferListenerAdapter - Downloading https://repo.maven.apache.org/maven2/org/springframework/boot/spring-boot-transaction/4.0.6/spring-boot-transaction-4.0.6.jar
2026-05-18 12:03:51,992 [BasicRepositoryConnector-repo.maven.apache.org-0-2] INFO  o.e.m.c.i.e.AbstractTransferListenerAdapter - Downloaded https://repo.maven.apache.org/maven2/org/springframework/boot/spring-boot/4.0.6/spring-boot-4.0.6.jar
2026-05-18 12:03:52,063 [BasicRepositoryConnector-repo.maven.apache.org-0-2] INFO  o.e.m.c.i.e.AbstractTransferListenerAdapter - Downloading https://repo.maven.apache.org/maven2/org/springframework/spring-jdbc/7.0.7/spring-jdbc-7.0.7.jar
2026-05-18 12:03:52,207 [BasicRepositoryConnector-repo.maven.apache.org-0-4] INFO  o.e.m.c.i.e.AbstractTransferListenerAdapter - Downloaded https://repo.maven.apache.org/maven2/org/springframework/boot/spring-boot-transaction/4.0.6/spring-boot-transaction-4.0.6.jar
2026-05-18 12:03:52,273 [BasicRepositoryConnector-repo.maven.apache.org-0-4] INFO  o.e.m.c.i.e.AbstractTransferListenerAdapter - Downloading https://repo.maven.apache.org/maven2/org/springframework/boot/spring-boot-starter-security/4.0.6/spring-boot-starter-security-4.0.6.jar
2026-05-18 12:03:52,298 [BasicRepositoryConnector-repo.maven.apache.org-0-1] INFO  o.e.m.c.i.e.AbstractTransferListenerAdapter - Downloaded https://repo.maven.apache.org/maven2/org/springframework/boot/spring-boot-sql/4.0.6/spring-boot-sql-4.0.6.jar
2026-05-18 12:03:52,322 [BasicRepositoryConnector-repo.maven.apache.org-0-4] INFO  o.e.m.c.i.e.AbstractTransferListenerAdapter - Downloaded https://repo.maven.apache.org/maven2/org/springframework/boot/spring-boot-starter-security/4.0.6/spring-boot-starter-security-4.0.6.jar
2026-05-18 12:03:52,346 [BasicRepositoryConnector-repo.maven.apache.org-0-2] INFO  o.e.m.c.i.e.AbstractTransferListenerAdapter - Downloaded https://repo.maven.apache.org/maven2/org/springframework/spring-jdbc/7.0.7/spring-jdbc-7.0.7.jar
2026-05-18 12:03:52,366 [BasicRepositoryConnector-repo.maven.apache.org-0-1] INFO  o.e.m.c.i.e.AbstractTransferListenerAdapter - Downloading https://repo.maven.apache.org/maven2/org/springframework/boot/spring-boot-security/4.0.6/spring-boot-security-4.0.6.jar
2026-05-18 12:03:52,391 [BasicRepositoryConnector-repo.maven.apache.org-0-4] INFO  o.e.m.c.i.e.AbstractTransferListenerAdapter - Downloading https://repo.maven.apache.org/maven2/org/springframework/security/spring-security-config/7.0.5/spring-security-config-7.0.5.jar
2026-05-18 12:03:52,408 [BasicRepositoryConnector-repo.maven.apache.org-0-2] INFO  o.e.m.c.i.e.AbstractTransferListenerAdapter - Downloading https://repo.maven.apache.org/maven2/org/springframework/security/spring-security-core/7.0.5/spring-security-core-7.0.5.jar
2026-05-18 12:03:53,368 [BasicRepositoryConnector-repo.maven.apache.org-0-1] INFO  o.e.m.c.i.e.AbstractTransferListenerAdapter - Downloaded https://repo.maven.apache.org/maven2/org/springframework/boot/spring-boot-security/4.0.6/spring-boot-security-4.0.6.jar
2026-05-18 12:03:53,487 [BasicRepositoryConnector-repo.maven.apache.org-0-1] INFO  o.e.m.c.i.e.AbstractTransferListenerAdapter - Downloading https://repo.maven.apache.org/maven2/org/springframework/security/spring-security-crypto/7.0.5/spring-security-crypto-7.0.5.jar
2026-05-18 12:03:53,584 [BasicRepositoryConnector-repo.maven.apache.org-0-1] INFO  o.e.m.c.i.e.AbstractTransferListenerAdapter - Downloaded https://repo.maven.apache.org/maven2/org/springframework/security/spring-security-crypto/7.0.5/spring-security-crypto-7.0.5.jar
2026-05-18 12:03:53,600 [BasicRepositoryConnector-repo.maven.apache.org-0-4] INFO  o.e.m.c.i.e.AbstractTransferListenerAdapter - Downloaded https://repo.maven.apache.org/maven2/org/springframework/security/spring-security-config/7.0.5/spring-security-config-7.0.5.jar
2026-05-18 12:03:53,602 [BasicRepositoryConnector-repo.maven.apache.org-0-2] INFO  o.e.m.c.i.e.AbstractTransferListenerAdapter - Downloaded https://repo.maven.apache.org/maven2/org/springframework/security/spring-security-core/7.0.5/spring-security-core-7.0.5.jar
2026-05-18 12:03:53,609 [BasicRepositoryConnector-repo.maven.apache.org-0-3] INFO  o.e.m.c.i.e.AbstractTransferListenerAdapter - Downloaded https://repo.maven.apache.org/maven2/org/springframework/data/spring-data-jpa/4.0.5/spring-data-jpa-4.0.5.jar
2026-05-18 12:03:53,665 [BasicRepositoryConnector-repo.maven.apache.org-0-1] INFO  o.e.m.c.i.e.AbstractTransferListenerAdapter - Downloading https://repo.maven.apache.org/maven2/org/springframework/security/spring-security-web/7.0.5/spring-security-web-7.0.5.jar
2026-05-18 12:03:53,672 [BasicRepositoryConnector-repo.maven.apache.org-0-2] INFO  o.e.m.c.i.e.AbstractTransferListenerAdapter - Downloading https://repo.maven.apache.org/maven2/org/springframework/spring-aop/7.0.7/spring-aop-7.0.7.jar
2026-05-18 12:03:53,684 [BasicRepositoryConnector-repo.maven.apache.org-0-3] INFO  o.e.m.c.i.e.AbstractTransferListenerAdapter - Downloading https://repo.maven.apache.org/maven2/org/springframework/spring-beans/7.0.7/spring-beans-7.0.7.jar
2026-05-18 12:03:53,684 [BasicRepositoryConnector-repo.maven.apache.org-0-4] INFO  o.e.m.c.i.e.AbstractTransferListenerAdapter - Downloading https://repo.maven.apache.org/maven2/org/springframework/spring-expression/7.0.7/spring-expression-7.0.7.jar
2026-05-18 12:03:54,137 [BasicRepositoryConnector-repo.maven.apache.org-0-2] INFO  o.e.m.c.i.e.AbstractTransferListenerAdapter - Downloaded https://repo.maven.apache.org/maven2/org/springframework/spring-aop/7.0.7/spring-aop-7.0.7.jar
2026-05-18 12:03:54,149 [BasicRepositoryConnector-repo.maven.apache.org-0-3] INFO  o.e.m.c.i.e.AbstractTransferListenerAdapter - Downloaded https://repo.maven.apache.org/maven2/org/springframework/spring-beans/7.0.7/spring-beans-7.0.7.jar
2026-05-18 12:03:54,209 [BasicRepositoryConnector-repo.maven.apache.org-0-3] INFO  o.e.m.c.i.e.AbstractTransferListenerAdapter - Downloading https://repo.maven.apache.org/maven2/org/springframework/boot/spring-boot-starter-webmvc/4.0.6/spring-boot-starter-webmvc-4.0.6.jar
2026-05-18 12:03:54,215 [BasicRepositoryConnector-repo.maven.apache.org-0-2] INFO  o.e.m.c.i.e.AbstractTransferListenerAdapter - Downloading https://repo.maven.apache.org/maven2/org/springframework/spring-core/7.0.7/spring-core-7.0.7.jar
2026-05-18 12:03:54,297 [BasicRepositoryConnector-repo.maven.apache.org-0-3] INFO  o.e.m.c.i.e.AbstractTransferListenerAdapter - Downloaded https://repo.maven.apache.org/maven2/org/springframework/boot/spring-boot-starter-webmvc/4.0.6/spring-boot-starter-webmvc-4.0.6.jar
2026-05-18 12:03:54,363 [BasicRepositoryConnector-repo.maven.apache.org-0-3] INFO  o.e.m.c.i.e.AbstractTransferListenerAdapter - Downloading https://repo.maven.apache.org/maven2/org/springframework/boot/spring-boot-starter-jackson/4.0.6/spring-boot-starter-jackson-4.0.6.jar
2026-05-18 12:03:54,407 [BasicRepositoryConnector-repo.maven.apache.org-0-4] INFO  o.e.m.c.i.e.AbstractTransferListenerAdapter - Downloaded https://repo.maven.apache.org/maven2/org/springframework/spring-expression/7.0.7/spring-expression-7.0.7.jar
2026-05-18 12:03:54,431 [BasicRepositoryConnector-repo.maven.apache.org-0-3] INFO  o.e.m.c.i.e.AbstractTransferListenerAdapter - Downloaded https://repo.maven.apache.org/maven2/org/springframework/boot/spring-boot-starter-jackson/4.0.6/spring-boot-starter-jackson-4.0.6.jar
2026-05-18 12:03:54,520 [BasicRepositoryConnector-repo.maven.apache.org-0-4] INFO  o.e.m.c.i.e.AbstractTransferListenerAdapter - Downloading https://repo.maven.apache.org/maven2/org/springframework/boot/spring-boot-jackson/4.0.6/spring-boot-jackson-4.0.6.jar
2026-05-18 12:03:54,623 [BasicRepositoryConnector-repo.maven.apache.org-0-3] INFO  o.e.m.c.i.e.AbstractTransferListenerAdapter - Downloading https://repo.maven.apache.org/maven2/tools/jackson/core/jackson-databind/3.1.2/jackson-databind-3.1.2.jar
2026-05-18 12:03:54,903 [BasicRepositoryConnector-repo.maven.apache.org-0-4] INFO  o.e.m.c.i.e.AbstractTransferListenerAdapter - Downloaded https://repo.maven.apache.org/maven2/org/springframework/boot/spring-boot-jackson/4.0.6/spring-boot-jackson-4.0.6.jar
2026-05-18 12:03:55,030 [BasicRepositoryConnector-repo.maven.apache.org-0-4] INFO  o.e.m.c.i.e.AbstractTransferListenerAdapter - Downloading https://repo.maven.apache.org/maven2/tools/jackson/core/jackson-core/3.1.2/jackson-core-3.1.2.jar
2026-05-18 12:03:55,114 [BasicRepositoryConnector-repo.maven.apache.org-0-1] INFO  o.e.m.c.i.e.AbstractTransferListenerAdapter - Downloaded https://repo.maven.apache.org/maven2/org/springframework/security/spring-security-web/7.0.5/spring-security-web-7.0.5.jar
2026-05-18 12:03:55,148 [BasicRepositoryConnector-repo.maven.apache.org-0-2] INFO  o.e.m.c.i.e.AbstractTransferListenerAdapter - Downloaded https://repo.maven.apache.org/maven2/org/springframework/spring-core/7.0.7/spring-core-7.0.7.jar
2026-05-18 12:03:55,183 [BasicRepositoryConnector-repo.maven.apache.org-0-1] INFO  o.e.m.c.i.e.AbstractTransferListenerAdapter - Downloading https://repo.maven.apache.org/maven2/org/springframework/boot/spring-boot-starter-tomcat/4.0.6/spring-boot-starter-tomcat-4.0.6.jar
2026-05-18 12:03:55,209 [BasicRepositoryConnector-repo.maven.apache.org-0-2] INFO  o.e.m.c.i.e.AbstractTransferListenerAdapter - Downloading https://repo.maven.apache.org/maven2/org/springframework/boot/spring-boot-starter-tomcat-runtime/4.0.6/spring-boot-starter-tomcat-runtime-4.0.6.jar
2026-05-18 12:03:55,233 [BasicRepositoryConnector-repo.maven.apache.org-0-1] INFO  o.e.m.c.i.e.AbstractTransferListenerAdapter - Downloaded https://repo.maven.apache.org/maven2/org/springframework/boot/spring-boot-starter-tomcat/4.0.6/spring-boot-starter-tomcat-4.0.6.jar
2026-05-18 12:03:55,262 [BasicRepositoryConnector-repo.maven.apache.org-0-2] INFO  o.e.m.c.i.e.AbstractTransferListenerAdapter - Downloaded https://repo.maven.apache.org/maven2/org/springframework/boot/spring-boot-starter-tomcat-runtime/4.0.6/spring-boot-starter-tomcat-runtime-4.0.6.jar
2026-05-18 12:03:55,313 [BasicRepositoryConnector-repo.maven.apache.org-0-1] INFO  o.e.m.c.i.e.AbstractTransferListenerAdapter - Downloading https://repo.maven.apache.org/maven2/org/apache/tomcat/embed/tomcat-embed-core/11.0.21/tomcat-embed-core-11.0.21.jar
2026-05-18 12:03:55,328 [BasicRepositoryConnector-repo.maven.apache.org-0-2] INFO  o.e.m.c.i.e.AbstractTransferListenerAdapter - Downloading https://repo.maven.apache.org/maven2/org/apache/tomcat/embed/tomcat-embed-el/11.0.21/tomcat-embed-el-11.0.21.jar
2026-05-18 12:03:55,516 [BasicRepositoryConnector-repo.maven.apache.org-0-2] INFO  o.e.m.c.i.e.AbstractTransferListenerAdapter - Downloaded https://repo.maven.apache.org/maven2/org/apache/tomcat/embed/tomcat-embed-el/11.0.21/tomcat-embed-el-11.0.21.jar
2026-05-18 12:03:55,584 [BasicRepositoryConnector-repo.maven.apache.org-0-2] INFO  o.e.m.c.i.e.AbstractTransferListenerAdapter - Downloading https://repo.maven.apache.org/maven2/org/apache/tomcat/embed/tomcat-embed-websocket/11.0.21/tomcat-embed-websocket-11.0.21.jar
2026-05-18 12:03:55,605 [BasicRepositoryConnector-repo.maven.apache.org-0-4] INFO  o.e.m.c.i.e.AbstractTransferListenerAdapter - Downloaded https://repo.maven.apache.org/maven2/tools/jackson/core/jackson-core/3.1.2/jackson-core-3.1.2.jar
2026-05-18 12:03:55,676 [BasicRepositoryConnector-repo.maven.apache.org-0-4] INFO  o.e.m.c.i.e.AbstractTransferListenerAdapter - Downloading https://repo.maven.apache.org/maven2/org/springframework/boot/spring-boot-tomcat/4.0.6/spring-boot-tomcat-4.0.6.jar
2026-05-18 12:03:55,735 [BasicRepositoryConnector-repo.maven.apache.org-0-2] INFO  o.e.m.c.i.e.AbstractTransferListenerAdapter - Downloaded https://repo.maven.apache.org/maven2/org/apache/tomcat/embed/tomcat-embed-websocket/11.0.21/tomcat-embed-websocket-11.0.21.jar
2026-05-18 12:03:55,799 [BasicRepositoryConnector-repo.maven.apache.org-0-2] INFO  o.e.m.c.i.e.AbstractTransferListenerAdapter - Downloading https://repo.maven.apache.org/maven2/org/springframework/boot/spring-boot-http-converter/4.0.6/spring-boot-http-converter-4.0.6.jar
2026-05-18 12:03:55,813 [BasicRepositoryConnector-repo.maven.apache.org-0-4] INFO  o.e.m.c.i.e.AbstractTransferListenerAdapter - Downloaded https://repo.maven.apache.org/maven2/org/springframework/boot/spring-boot-tomcat/4.0.6/spring-boot-tomcat-4.0.6.jar
2026-05-18 12:03:55,875 [BasicRepositoryConnector-repo.maven.apache.org-0-4] INFO  o.e.m.c.i.e.AbstractTransferListenerAdapter - Downloading https://repo.maven.apache.org/maven2/org/springframework/spring-web/7.0.7/spring-web-7.0.7.jar
2026-05-18 12:03:55,875 [BasicRepositoryConnector-repo.maven.apache.org-0-2] INFO  o.e.m.c.i.e.AbstractTransferListenerAdapter - Downloaded https://repo.maven.apache.org/maven2/org/springframework/boot/spring-boot-http-converter/4.0.6/spring-boot-http-converter-4.0.6.jar
2026-05-18 12:03:55,935 [BasicRepositoryConnector-repo.maven.apache.org-0-2] INFO  o.e.m.c.i.e.AbstractTransferListenerAdapter - Downloading https://repo.maven.apache.org/maven2/io/micrometer/micrometer-observation/1.16.5/micrometer-observation-1.16.5.jar
2026-05-18 12:03:57,237 [BasicRepositoryConnector-repo.maven.apache.org-0-0] INFO  o.e.m.c.i.e.AbstractTransferListenerAdapter - Downloaded https://repo.maven.apache.org/maven2/org/hibernate/orm/hibernate-core/7.2.12.Final/hibernate-core-7.2.12.Final.jar
2026-05-18 12:03:57,298 [BasicRepositoryConnector-repo.maven.apache.org-0-0] INFO  o.e.m.c.i.e.AbstractTransferListenerAdapter - Downloading https://repo.maven.apache.org/maven2/io/micrometer/micrometer-commons/1.16.5/micrometer-commons-1.16.5.jar
2026-05-18 12:03:57,349 [BasicRepositoryConnector-repo.maven.apache.org-0-0] INFO  o.e.m.c.i.e.AbstractTransferListenerAdapter - Downloaded https://repo.maven.apache.org/maven2/io/micrometer/micrometer-commons/1.16.5/micrometer-commons-1.16.5.jar
2026-05-18 12:03:57,408 [BasicRepositoryConnector-repo.maven.apache.org-0-0] INFO  o.e.m.c.i.e.AbstractTransferListenerAdapter - Downloading https://repo.maven.apache.org/maven2/org/springframework/boot/spring-boot-webmvc/4.0.6/spring-boot-webmvc-4.0.6.jar
2026-05-18 12:03:57,525 [BasicRepositoryConnector-repo.maven.apache.org-0-0] INFO  o.e.m.c.i.e.AbstractTransferListenerAdapter - Downloaded https://repo.maven.apache.org/maven2/org/springframework/boot/spring-boot-webmvc/4.0.6/spring-boot-webmvc-4.0.6.jar
2026-05-18 12:03:57,583 [BasicRepositoryConnector-repo.maven.apache.org-0-0] INFO  o.e.m.c.i.e.AbstractTransferListenerAdapter - Downloading https://repo.maven.apache.org/maven2/org/springframework/boot/spring-boot-servlet/4.0.6/spring-boot-servlet-4.0.6.jar
2026-05-18 12:03:57,660 [BasicRepositoryConnector-repo.maven.apache.org-0-4] INFO  o.e.m.c.i.e.AbstractTransferListenerAdapter - Downloaded https://repo.maven.apache.org/maven2/org/springframework/spring-web/7.0.7/spring-web-7.0.7.jar
2026-05-18 12:03:57,729 [BasicRepositoryConnector-repo.maven.apache.org-0-4] INFO  o.e.m.c.i.e.AbstractTransferListenerAdapter - Downloading https://repo.maven.apache.org/maven2/org/springframework/spring-webmvc/7.0.7/spring-webmvc-7.0.7.jar
2026-05-18 12:03:57,745 [BasicRepositoryConnector-repo.maven.apache.org-0-3] INFO  o.e.m.c.i.e.AbstractTransferListenerAdapter - Downloaded https://repo.maven.apache.org/maven2/tools/jackson/core/jackson-databind/3.1.2/jackson-databind-3.1.2.jar
2026-05-18 12:03:57,808 [BasicRepositoryConnector-repo.maven.apache.org-0-3] INFO  o.e.m.c.i.e.AbstractTransferListenerAdapter - Downloading https://repo.maven.apache.org/maven2/com/mysql/mysql-connector-j/9.7.0/mysql-connector-j-9.7.0.jar
2026-05-18 12:03:57,925 [BasicRepositoryConnector-repo.maven.apache.org-0-2] INFO  o.e.m.c.i.e.AbstractTransferListenerAdapter - Downloaded https://repo.maven.apache.org/maven2/io/micrometer/micrometer-observation/1.16.5/micrometer-observation-1.16.5.jar
2026-05-18 12:03:57,993 [BasicRepositoryConnector-repo.maven.apache.org-0-2] INFO  o.e.m.c.i.e.AbstractTransferListenerAdapter - Downloading https://repo.maven.apache.org/maven2/org/projectlombok/lombok/1.18.46/lombok-1.18.46.jar
2026-05-18 12:03:58,336 [BasicRepositoryConnector-repo.maven.apache.org-0-4] INFO  o.e.m.c.i.e.AbstractTransferListenerAdapter - Downloaded https://repo.maven.apache.org/maven2/org/springframework/spring-webmvc/7.0.7/spring-webmvc-7.0.7.jar
2026-05-18 12:03:58,376 [BasicRepositoryConnector-repo.maven.apache.org-0-0] INFO  o.e.m.c.i.e.AbstractTransferListenerAdapter - Downloaded https://repo.maven.apache.org/maven2/org/springframework/boot/spring-boot-servlet/4.0.6/spring-boot-servlet-4.0.6.jar
2026-05-18 12:03:58,395 [BasicRepositoryConnector-repo.maven.apache.org-0-4] INFO  o.e.m.c.i.e.AbstractTransferListenerAdapter - Downloading https://repo.maven.apache.org/maven2/org/springframework/boot/spring-boot-starter-data-jpa-test/4.0.6/spring-boot-starter-data-jpa-test-4.0.6.jar
2026-05-18 12:03:58,449 [BasicRepositoryConnector-repo.maven.apache.org-0-4] INFO  o.e.m.c.i.e.AbstractTransferListenerAdapter - Downloaded https://repo.maven.apache.org/maven2/org/springframework/boot/spring-boot-starter-data-jpa-test/4.0.6/spring-boot-starter-data-jpa-test-4.0.6.jar
2026-05-18 12:03:58,464 [BasicRepositoryConnector-repo.maven.apache.org-0-0] INFO  o.e.m.c.i.e.AbstractTransferListenerAdapter - Downloading https://repo.maven.apache.org/maven2/org/springframework/boot/spring-boot-starter-test/4.0.6/spring-boot-starter-test-4.0.6.jar
2026-05-18 12:03:58,516 [BasicRepositoryConnector-repo.maven.apache.org-0-0] INFO  o.e.m.c.i.e.AbstractTransferListenerAdapter - Downloaded https://repo.maven.apache.org/maven2/org/springframework/boot/spring-boot-starter-test/4.0.6/spring-boot-starter-test-4.0.6.jar
2026-05-18 12:03:58,526 [BasicRepositoryConnector-repo.maven.apache.org-0-4] INFO  o.e.m.c.i.e.AbstractTransferListenerAdapter - Downloading https://repo.maven.apache.org/maven2/org/springframework/boot/spring-boot-test/4.0.6/spring-boot-test-4.0.6.jar
2026-05-18 12:03:58,593 [BasicRepositoryConnector-repo.maven.apache.org-0-0] INFO  o.e.m.c.i.e.AbstractTransferListenerAdapter - Downloading https://repo.maven.apache.org/maven2/org/springframework/boot/spring-boot-test-autoconfigure/4.0.6/spring-boot-test-autoconfigure-4.0.6.jar
2026-05-18 12:03:58,632 [BasicRepositoryConnector-repo.maven.apache.org-0-4] INFO  o.e.m.c.i.e.AbstractTransferListenerAdapter - Downloaded https://repo.maven.apache.org/maven2/org/springframework/boot/spring-boot-test/4.0.6/spring-boot-test-4.0.6.jar
2026-05-18 12:03:58,700 [BasicRepositoryConnector-repo.maven.apache.org-0-4] INFO  o.e.m.c.i.e.AbstractTransferListenerAdapter - Downloading https://repo.maven.apache.org/maven2/org/springframework/spring-test/7.0.7/spring-test-7.0.7.jar
2026-05-18 12:03:58,960 [BasicRepositoryConnector-repo.maven.apache.org-0-2] INFO  o.e.m.c.i.e.AbstractTransferListenerAdapter - Downloaded https://repo.maven.apache.org/maven2/org/projectlombok/lombok/1.18.46/lombok-1.18.46.jar
2026-05-18 12:03:59,008 [BasicRepositoryConnector-repo.maven.apache.org-0-0] INFO  o.e.m.c.i.e.AbstractTransferListenerAdapter - Downloaded https://repo.maven.apache.org/maven2/org/springframework/boot/spring-boot-test-autoconfigure/4.0.6/spring-boot-test-autoconfigure-4.0.6.jar
2026-05-18 12:03:59,022 [BasicRepositoryConnector-repo.maven.apache.org-0-2] INFO  o.e.m.c.i.e.AbstractTransferListenerAdapter - Downloading https://repo.maven.apache.org/maven2/org/springframework/boot/spring-boot-starter-jdbc-test/4.0.6/spring-boot-starter-jdbc-test-4.0.6.jar
2026-05-18 12:03:59,063 [BasicRepositoryConnector-repo.maven.apache.org-0-2] INFO  o.e.m.c.i.e.AbstractTransferListenerAdapter - Downloaded https://repo.maven.apache.org/maven2/org/springframework/boot/spring-boot-starter-jdbc-test/4.0.6/spring-boot-starter-jdbc-test-4.0.6.jar
2026-05-18 12:03:59,065 [BasicRepositoryConnector-repo.maven.apache.org-0-0] INFO  o.e.m.c.i.e.AbstractTransferListenerAdapter - Downloading https://repo.maven.apache.org/maven2/org/springframework/boot/spring-boot-jdbc-test/4.0.6/spring-boot-jdbc-test-4.0.6.jar
2026-05-18 12:03:59,132 [BasicRepositoryConnector-repo.maven.apache.org-0-2] INFO  o.e.m.c.i.e.AbstractTransferListenerAdapter - Downloading https://repo.maven.apache.org/maven2/org/springframework/boot/spring-boot-data-jpa-test/4.0.6/spring-boot-data-jpa-test-4.0.6.jar
2026-05-18 12:03:59,228 [BasicRepositoryConnector-repo.maven.apache.org-0-4] INFO  o.e.m.c.i.e.AbstractTransferListenerAdapter - Downloaded https://repo.maven.apache.org/maven2/org/springframework/spring-test/7.0.7/spring-test-7.0.7.jar
2026-05-18 12:03:59,246 [BasicRepositoryConnector-repo.maven.apache.org-0-3] INFO  o.e.m.c.i.e.AbstractTransferListenerAdapter - Downloaded https://repo.maven.apache.org/maven2/com/mysql/mysql-connector-j/9.7.0/mysql-connector-j-9.7.0.jar
2026-05-18 12:03:59,255 [BasicRepositoryConnector-repo.maven.apache.org-0-2] INFO  o.e.m.c.i.e.AbstractTransferListenerAdapter - Downloaded https://repo.maven.apache.org/maven2/org/springframework/boot/spring-boot-data-jpa-test/4.0.6/spring-boot-data-jpa-test-4.0.6.jar
2026-05-18 12:03:59,284 [BasicRepositoryConnector-repo.maven.apache.org-0-4] INFO  o.e.m.c.i.e.AbstractTransferListenerAdapter - Downloading https://repo.maven.apache.org/maven2/org/springframework/boot/spring-boot-jpa-test/4.0.6/spring-boot-jpa-test-4.0.6.jar
2026-05-18 12:03:59,309 [BasicRepositoryConnector-repo.maven.apache.org-0-3] INFO  o.e.m.c.i.e.AbstractTransferListenerAdapter - Downloading https://repo.maven.apache.org/maven2/org/springframework/boot/spring-boot-starter-security-test/4.0.6/spring-boot-starter-security-test-4.0.6.jar
2026-05-18 12:03:59,323 [BasicRepositoryConnector-repo.maven.apache.org-0-2] INFO  o.e.m.c.i.e.AbstractTransferListenerAdapter - Downloading https://repo.maven.apache.org/maven2/org/springframework/boot/spring-boot-security-test/4.0.6/spring-boot-security-test-4.0.6.jar
2026-05-18 12:03:59,327 [BasicRepositoryConnector-repo.maven.apache.org-0-0] INFO  o.e.m.c.i.e.AbstractTransferListenerAdapter - Downloaded https://repo.maven.apache.org/maven2/org/springframework/boot/spring-boot-jdbc-test/4.0.6/spring-boot-jdbc-test-4.0.6.jar
2026-05-18 12:03:59,353 [BasicRepositoryConnector-repo.maven.apache.org-0-3] INFO  o.e.m.c.i.e.AbstractTransferListenerAdapter - Downloaded https://repo.maven.apache.org/maven2/org/springframework/boot/spring-boot-starter-security-test/4.0.6/spring-boot-starter-security-test-4.0.6.jar
2026-05-18 12:03:59,398 [BasicRepositoryConnector-repo.maven.apache.org-0-4] INFO  o.e.m.c.i.e.AbstractTransferListenerAdapter - Downloaded https://repo.maven.apache.org/maven2/org/springframework/boot/spring-boot-jpa-test/4.0.6/spring-boot-jpa-test-4.0.6.jar
2026-05-18 12:03:59,415 [BasicRepositoryConnector-repo.maven.apache.org-0-3] INFO  o.e.m.c.i.e.AbstractTransferListenerAdapter - Downloading https://repo.maven.apache.org/maven2/org/springframework/boot/spring-boot-starter-webmvc-test/4.0.6/spring-boot-starter-webmvc-test-4.0.6.jar
2026-05-18 12:03:59,437 [BasicRepositoryConnector-repo.maven.apache.org-0-0] INFO  o.e.m.c.i.e.AbstractTransferListenerAdapter - Downloading https://repo.maven.apache.org/maven2/org/springframework/security/spring-security-test/7.0.5/spring-security-test-7.0.5.jar
2026-05-18 12:03:59,456 [BasicRepositoryConnector-repo.maven.apache.org-0-3] INFO  o.e.m.c.i.e.AbstractTransferListenerAdapter - Downloaded https://repo.maven.apache.org/maven2/org/springframework/boot/spring-boot-starter-webmvc-test/4.0.6/spring-boot-starter-webmvc-test-4.0.6.jar
2026-05-18 12:03:59,459 [BasicRepositoryConnector-repo.maven.apache.org-0-4] INFO  o.e.m.c.i.e.AbstractTransferListenerAdapter - Downloading https://repo.maven.apache.org/maven2/org/springframework/boot/spring-boot-starter-jackson-test/4.0.6/spring-boot-starter-jackson-test-4.0.6.jar
2026-05-18 12:03:59,480 [BasicRepositoryConnector-repo.maven.apache.org-0-0] INFO  o.e.m.c.i.e.AbstractTransferListenerAdapter - Downloaded https://repo.maven.apache.org/maven2/org/springframework/security/spring-security-test/7.0.5/spring-security-test-7.0.5.jar
2026-05-18 12:03:59,501 [BasicRepositoryConnector-repo.maven.apache.org-0-4] INFO  o.e.m.c.i.e.AbstractTransferListenerAdapter - Downloaded https://repo.maven.apache.org/maven2/org/springframework/boot/spring-boot-starter-jackson-test/4.0.6/spring-boot-starter-jackson-test-4.0.6.jar
2026-05-18 12:03:59,506 [BasicRepositoryConnector-repo.maven.apache.org-0-2] INFO  o.e.m.c.i.e.AbstractTransferListenerAdapter - Downloaded https://repo.maven.apache.org/maven2/org/springframework/boot/spring-boot-security-test/4.0.6/spring-boot-security-test-4.0.6.jar
2026-05-18 12:03:59,517 [BasicRepositoryConnector-repo.maven.apache.org-0-3] INFO  o.e.m.c.i.e.AbstractTransferListenerAdapter - Downloading https://repo.maven.apache.org/maven2/org/springframework/boot/spring-boot-webmvc-test/4.0.6/spring-boot-webmvc-test-4.0.6.jar
2026-05-18 12:03:59,531 [BasicRepositoryConnector-repo.maven.apache.org-0-0] INFO  o.e.m.c.i.e.AbstractTransferListenerAdapter - Downloading https://repo.maven.apache.org/maven2/org/springframework/boot/spring-boot-web-server/4.0.6/spring-boot-web-server-4.0.6.jar
2026-05-18 12:03:59,567 [BasicRepositoryConnector-repo.maven.apache.org-0-4] INFO  o.e.m.c.i.e.AbstractTransferListenerAdapter - Downloading https://repo.maven.apache.org/maven2/org/springframework/boot/spring-boot-resttestclient/4.0.6/spring-boot-resttestclient-4.0.6.jar
2026-05-18 12:03:59,617 [BasicRepositoryConnector-repo.maven.apache.org-0-0] INFO  o.e.m.c.i.e.AbstractTransferListenerAdapter - Downloaded https://repo.maven.apache.org/maven2/org/springframework/boot/spring-boot-web-server/4.0.6/spring-boot-web-server-4.0.6.jar
2026-05-18 12:03:59,958 [BasicRepositoryConnector-repo.maven.apache.org-0-4] INFO  o.e.m.c.i.e.AbstractTransferListenerAdapter - Downloaded https://repo.maven.apache.org/maven2/org/springframework/boot/spring-boot-resttestclient/4.0.6/spring-boot-resttestclient-4.0.6.jar
2026-05-18 12:04:00,038 [BasicRepositoryConnector-repo.maven.apache.org-0-3] INFO  o.e.m.c.i.e.AbstractTransferListenerAdapter - Downloaded https://repo.maven.apache.org/maven2/org/springframework/boot/spring-boot-webmvc-test/4.0.6/spring-boot-webmvc-test-4.0.6.jar
2026-05-18 12:04:00,153 [BasicRepositoryConnector-repo.maven.apache.org-0-1] INFO  o.e.m.c.i.e.AbstractTransferListenerAdapter - Downloaded https://repo.maven.apache.org/maven2/org/apache/tomcat/embed/tomcat-embed-core/11.0.21/tomcat-embed-core-11.0.21.jar
2026-05-18 12:04:02,824 [Worker-20: Update Maven projects configuration] INFO  o.e.m.j.i.AbstractJavaProjectConfigurator - Adding source folder /QuickMart/src/main/java
2026-05-18 12:04:02,826 [Worker-20: Update Maven projects configuration] INFO  o.e.m.j.i.AbstractJavaProjectConfigurator - Adding resource folder /QuickMart/src/main/resources
2026-05-18 12:04:02,834 [Worker-20: Update Maven projects configuration] INFO  o.e.m.j.i.AbstractJavaProjectConfigurator - Adding resource folder /QuickMart/src/main/resources
2026-05-18 12:04:02,845 [Worker-20: Update Maven projects configuration] INFO  o.e.m.j.i.AbstractJavaProjectConfigurator - Adding source folder /QuickMart/src/test/java
2026-05-18 12:04:02,846 [Worker-20: Update Maven projects configuration] INFO  o.e.m.j.i.AbstractJavaProjectConfigurator - Adding resource folder /QuickMart/src/test/resources
2026-05-18 12:04:03,063 [Worker-15: Download sources and javadoc] INFO  o.e.m.c.i.e.AbstractTransferListenerAdapter - Downloading https://repo.maven.apache.org/maven2/org/springframework/boot/spring-boot-starter-data-jpa/4.0.6/spring-boot-starter-data-jpa-4.0.6-sources.jar
2026-05-18 12:04:03,073 [Worker-15: Download sources and javadoc] INFO  o.e.m.c.i.e.AbstractTransferListenerAdapter - Downloaded https://repo.maven.apache.org/maven2/org/springframework/boot/spring-boot-starter-data-jpa/4.0.6/spring-boot-starter-data-jpa-4.0.6-sources.jar
2026-05-18 12:04:03,078 [Worker-15: Download sources and javadoc] INFO  o.e.m.j.internal.DownloadSourcesJob - Downloaded sources for org.springframework.boot:spring-boot-starter-data-jpa:4.0.6
2026-05-18 12:04:03,237 [Worker-15: Download sources and javadoc] INFO  o.e.m.c.i.e.AbstractTransferListenerAdapter - Downloading https://repo.maven.apache.org/maven2/org/springframework/boot/spring-boot-starter/4.0.6/spring-boot-starter-4.0.6-sources.jar
2026-05-18 12:04:03,252 [Worker-15: Download sources and javadoc] INFO  o.e.m.c.i.e.AbstractTransferListenerAdapter - Downloaded https://repo.maven.apache.org/maven2/org/springframework/boot/spring-boot-starter/4.0.6/spring-boot-starter-4.0.6-sources.jar
2026-05-18 12:04:03,258 [Worker-15: Download sources and javadoc] INFO  o.e.m.j.internal.DownloadSourcesJob - Downloaded sources for org.springframework.boot:spring-boot-starter:4.0.6
2026-05-18 12:04:03,387 [Worker-15: Download sources and javadoc] INFO  o.e.m.c.i.e.AbstractTransferListenerAdapter - Downloading https://repo.maven.apache.org/maven2/org/springframework/boot/spring-boot-starter-logging/4.0.6/spring-boot-starter-logging-4.0.6-sources.jar
2026-05-18 12:04:03,406 [Worker-15: Download sources and javadoc] INFO  o.e.m.c.i.e.AbstractTransferListenerAdapter - Downloaded https://repo.maven.apache.org/maven2/org/springframework/boot/spring-boot-starter-logging/4.0.6/spring-boot-starter-logging-4.0.6-sources.jar
2026-05-18 12:04:03,413 [Worker-15: Download sources and javadoc] INFO  o.e.m.j.internal.DownloadSourcesJob - Downloaded sources for org.springframework.boot:spring-boot-starter-logging:4.0.6
2026-05-18 12:04:03,561 [Worker-15: Download sources and javadoc] INFO  o.e.m.c.i.e.AbstractTransferListenerAdapter - Downloading https://repo.maven.apache.org/maven2/org/apache/logging/log4j/log4j-to-slf4j/2.25.4/log4j-to-slf4j-2.25.4-sources.jar
2026-05-18 12:04:03,931 [Worker-15: Download sources and javadoc] INFO  o.e.m.c.i.e.AbstractTransferListenerAdapter - Downloaded https://repo.maven.apache.org/maven2/org/apache/logging/log4j/log4j-to-slf4j/2.25.4/log4j-to-slf4j-2.25.4-sources.jar
2026-05-18 12:04:03,938 [Worker-15: Download sources and javadoc] INFO  o.e.m.j.internal.DownloadSourcesJob - Downloaded sources for org.apache.logging.log4j:log4j-to-slf4j:2.25.4
2026-05-18 12:04:04,105 [Worker-15: Download sources and javadoc] INFO  o.e.m.c.i.e.AbstractTransferListenerAdapter - Downloading https://repo.maven.apache.org/maven2/org/apache/logging/log4j/log4j-api/2.25.4/log4j-api-2.25.4-sources.jar
2026-05-18 12:04:04,280 [Worker-15: Download sources and javadoc] INFO  o.e.m.c.i.e.AbstractTransferListenerAdapter - Downloaded https://repo.maven.apache.org/maven2/org/apache/logging/log4j/log4j-api/2.25.4/log4j-api-2.25.4-sources.jar
2026-05-18 12:04:04,286 [Worker-15: Download sources and javadoc] INFO  o.e.m.j.internal.DownloadSourcesJob - Downloaded sources for org.apache.logging.log4j:log4j-api:2.25.4
2026-05-18 12:04:04,432 [Worker-15: Download sources and javadoc] INFO  o.e.m.c.i.e.AbstractTransferListenerAdapter - Downloading https://repo.maven.apache.org/maven2/org/springframework/boot/spring-boot-autoconfigure/4.0.6/spring-boot-autoconfigure-4.0.6-sources.jar
2026-05-18 12:04:04,584 [Worker-15: Download sources and javadoc] INFO  o.e.m.c.i.e.AbstractTransferListenerAdapter - Downloaded https://repo.maven.apache.org/maven2/org/springframework/boot/spring-boot-autoconfigure/4.0.6/spring-boot-autoconfigure-4.0.6-sources.jar
2026-05-18 12:04:04,590 [Worker-15: Download sources and javadoc] INFO  o.e.m.j.internal.DownloadSourcesJob - Downloaded sources for org.springframework.boot:spring-boot-autoconfigure:4.0.6
2026-05-18 12:04:04,747 [Worker-15: Download sources and javadoc] INFO  o.e.m.c.i.e.AbstractTransferListenerAdapter - Downloading https://repo.maven.apache.org/maven2/org/springframework/boot/spring-boot-starter-jdbc/4.0.6/spring-boot-starter-jdbc-4.0.6-sources.jar
2026-05-18 12:04:04,782 [Worker-15: Download sources and javadoc] INFO  o.e.m.c.i.e.AbstractTransferListenerAdapter - Downloaded https://repo.maven.apache.org/maven2/org/springframework/boot/spring-boot-starter-jdbc/4.0.6/spring-boot-starter-jdbc-4.0.6-sources.jar
2026-05-18 12:04:04,787 [Worker-15: Download sources and javadoc] INFO  o.e.m.j.internal.DownloadSourcesJob - Downloaded sources for org.springframework.boot:spring-boot-starter-jdbc:4.0.6
2026-05-18 12:04:04,926 [Worker-15: Download sources and javadoc] INFO  o.e.m.c.i.e.AbstractTransferListenerAdapter - Downloading https://repo.maven.apache.org/maven2/org/springframework/boot/spring-boot-data-jpa/4.0.6/spring-boot-data-jpa-4.0.6-sources.jar
2026-05-18 12:04:05,064 [Worker-15: Download sources and javadoc] INFO  o.e.m.c.i.e.AbstractTransferListenerAdapter - Downloaded https://repo.maven.apache.org/maven2/org/springframework/boot/spring-boot-data-jpa/4.0.6/spring-boot-data-jpa-4.0.6-sources.jar
2026-05-18 12:04:05,069 [Worker-15: Download sources and javadoc] INFO  o.e.m.j.internal.DownloadSourcesJob - Downloaded sources for org.springframework.boot:spring-boot-data-jpa:4.0.6
2026-05-18 12:04:05,214 [Worker-15: Download sources and javadoc] INFO  o.e.m.c.i.e.AbstractTransferListenerAdapter - Downloading https://repo.maven.apache.org/maven2/org/springframework/boot/spring-boot-data-commons/4.0.6/spring-boot-data-commons-4.0.6-sources.jar
2026-05-18 12:04:05,629 [Worker-15: Download sources and javadoc] INFO  o.e.m.c.i.e.AbstractTransferListenerAdapter - Downloaded https://repo.maven.apache.org/maven2/org/springframework/boot/spring-boot-data-commons/4.0.6/spring-boot-data-commons-4.0.6-sources.jar
2026-05-18 12:04:05,635 [Worker-15: Download sources and javadoc] INFO  o.e.m.j.internal.DownloadSourcesJob - Downloaded sources for org.springframework.boot:spring-boot-data-commons:4.0.6
2026-05-18 12:04:05,812 [Worker-15: Download sources and javadoc] INFO  o.e.m.c.i.e.AbstractTransferListenerAdapter - Downloading https://repo.maven.apache.org/maven2/org/springframework/boot/spring-boot-persistence/4.0.6/spring-boot-persistence-4.0.6-sources.jar
2026-05-18 12:04:06,088 [Worker-15: Download sources and javadoc] INFO  o.e.m.c.i.e.AbstractTransferListenerAdapter - Downloaded https://repo.maven.apache.org/maven2/org/springframework/boot/spring-boot-persistence/4.0.6/spring-boot-persistence-4.0.6-sources.jar
2026-05-18 12:04:06,095 [Worker-15: Download sources and javadoc] INFO  o.e.m.j.internal.DownloadSourcesJob - Downloaded sources for org.springframework.boot:spring-boot-persistence:4.0.6
2026-05-18 12:04:06,277 [Worker-15: Download sources and javadoc] INFO  o.e.m.c.i.e.AbstractTransferListenerAdapter - Downloading https://repo.maven.apache.org/maven2/org/springframework/data/spring-data-commons/4.0.5/spring-data-commons-4.0.5-sources.jar
2026-05-18 12:04:06,503 [Worker-20: Update Maven projects configuration] INFO  o.e.m.c.i.p.ProjectConfigurationManager - Update completed for 1 poms: local refresh takes 0.00 sec, refresh facades takes 30.00 sec, update config takes 4.00 sec 
2026-05-18 12:04:06,563 [Worker-15: Download sources and javadoc] INFO  o.e.m.c.i.e.AbstractTransferListenerAdapter - Downloaded https://repo.maven.apache.org/maven2/org/springframework/data/spring-data-commons/4.0.5/spring-data-commons-4.0.5-sources.jar
2026-05-18 12:04:06,571 [Worker-15: Download sources and javadoc] INFO  o.e.m.j.internal.DownloadSourcesJob - Downloaded sources for org.springframework.data:spring-data-commons:4.0.5
2026-05-18 12:04:06,696 [Worker-15: Download sources and javadoc] INFO  o.e.m.c.i.e.AbstractTransferListenerAdapter - Downloading https://repo.maven.apache.org/maven2/org/springframework/boot/spring-boot-hibernate/4.0.6/spring-boot-hibernate-4.0.6-sources.jar
2026-05-18 12:04:06,813 [Worker-14: Building] INFO  o.a.m.s.f.DefaultMavenResourcesFiltering - Copying 1 resource from src\main\resources to target\classes
2026-05-18 12:04:06,836 [Worker-14: Building] INFO  o.a.m.s.f.DefaultMavenResourcesFiltering - Copying 0 resource from src\main\resources to target\classes
2026-05-18 12:04:06,842 [Worker-14: Building] INFO  o.a.m.s.f.DefaultMavenResourcesFiltering - skip non existing resourceDirectory D:\Pranav All study Material\marktetplace\QuickMart\src\test\resources
2026-05-18 12:04:07,077 [Worker-15: Download sources and javadoc] INFO  o.e.m.c.i.e.AbstractTransferListenerAdapter - Downloaded https://repo.maven.apache.org/maven2/org/springframework/boot/spring-boot-hibernate/4.0.6/spring-boot-hibernate-4.0.6-sources.jar
2026-05-18 12:04:07,083 [Worker-15: Download sources and javadoc] INFO  o.e.m.j.internal.DownloadSourcesJob - Downloaded sources for org.springframework.boot:spring-boot-hibernate:4.0.6
2026-05-18 12:04:07,226 [Worker-15: Download sources and javadoc] INFO  o.e.m.c.i.e.AbstractTransferListenerAdapter - Downloading https://repo.maven.apache.org/maven2/org/springframework/boot/spring-boot-jpa/4.0.6/spring-boot-jpa-4.0.6-sources.jar
2026-05-18 12:04:07,544 [Worker-15: Download sources and javadoc] INFO  o.e.m.c.i.e.AbstractTransferListenerAdapter - Downloaded https://repo.maven.apache.org/maven2/org/springframework/boot/spring-boot-jpa/4.0.6/spring-boot-jpa-4.0.6-sources.jar
2026-05-18 12:04:07,551 [Worker-15: Download sources and javadoc] INFO  o.e.m.j.internal.DownloadSourcesJob - Downloaded sources for org.springframework.boot:spring-boot-jpa:4.0.6
2026-05-18 12:04:07,706 [Worker-15: Download sources and javadoc] INFO  o.e.m.c.i.e.AbstractTransferListenerAdapter - Downloading https://repo.maven.apache.org/maven2/org/hibernate/orm/hibernate-core/7.2.12.Final/hibernate-core-7.2.12.Final-sources.jar
2026-05-18 12:04:08,965 [Worker-15: Download sources and javadoc] INFO  o.e.m.c.i.e.AbstractTransferListenerAdapter - Downloaded https://repo.maven.apache.org/maven2/org/hibernate/orm/hibernate-core/7.2.12.Final/hibernate-core-7.2.12.Final-sources.jar
2026-05-18 12:04:08,971 [Worker-15: Download sources and javadoc] INFO  o.e.m.j.internal.DownloadSourcesJob - Downloaded sources for org.hibernate.orm:hibernate-core:7.2.12.Final
2026-05-18 12:04:09,124 [Worker-15: Download sources and javadoc] INFO  o.e.m.c.i.e.AbstractTransferListenerAdapter - Downloading https://repo.maven.apache.org/maven2/org/springframework/spring-orm/7.0.7/spring-orm-7.0.7-sources.jar
2026-05-18 12:04:09,240 [Worker-15: Download sources and javadoc] INFO  o.e.m.c.i.e.AbstractTransferListenerAdapter - Downloaded https://repo.maven.apache.org/maven2/org/springframework/spring-orm/7.0.7/spring-orm-7.0.7-sources.jar
2026-05-18 12:04:09,245 [Worker-15: Download sources and javadoc] INFO  o.e.m.j.internal.DownloadSourcesJob - Downloaded sources for org.springframework:spring-orm:7.0.7
2026-05-18 12:04:09,378 [Worker-15: Download sources and javadoc] INFO  o.e.m.c.i.e.AbstractTransferListenerAdapter - Downloading https://repo.maven.apache.org/maven2/org/springframework/data/spring-data-jpa/4.0.5/spring-data-jpa-4.0.5-sources.jar
2026-05-18 12:04:09,609 [Worker-15: Download sources and javadoc] INFO  o.e.m.c.i.e.AbstractTransferListenerAdapter - Downloaded https://repo.maven.apache.org/maven2/org/springframework/data/spring-data-jpa/4.0.5/spring-data-jpa-4.0.5-sources.jar
2026-05-18 12:04:09,615 [Worker-15: Download sources and javadoc] INFO  o.e.m.j.internal.DownloadSourcesJob - Downloaded sources for org.springframework.data:spring-data-jpa:4.0.5
2026-05-18 12:04:09,771 [Worker-15: Download sources and javadoc] INFO  o.e.m.c.i.e.AbstractTransferListenerAdapter - Downloading https://repo.maven.apache.org/maven2/org/springframework/spring-context/7.0.7/spring-context-7.0.7-sources.jar
2026-05-18 12:04:10,088 [Worker-15: Download sources and javadoc] INFO  o.e.m.c.i.e.AbstractTransferListenerAdapter - Downloaded https://repo.maven.apache.org/maven2/org/springframework/spring-context/7.0.7/spring-context-7.0.7-sources.jar
2026-05-18 12:04:10,092 [Worker-15: Download sources and javadoc] INFO  o.e.m.j.internal.DownloadSourcesJob - Downloaded sources for org.springframework:spring-context:7.0.7
2026-05-18 12:04:10,248 [Worker-15: Download sources and javadoc] INFO  o.e.m.c.i.e.AbstractTransferListenerAdapter - Downloading https://repo.maven.apache.org/maven2/org/springframework/spring-tx/7.0.7/spring-tx-7.0.7-sources.jar
2026-05-18 12:04:10,458 [Worker-15: Download sources and javadoc] INFO  o.e.m.c.i.e.AbstractTransferListenerAdapter - Downloaded https://repo.maven.apache.org/maven2/org/springframework/spring-tx/7.0.7/spring-tx-7.0.7-sources.jar
2026-05-18 12:04:10,463 [Worker-15: Download sources and javadoc] INFO  o.e.m.j.internal.DownloadSourcesJob - Downloaded sources for org.springframework:spring-tx:7.0.7
2026-05-18 12:04:10,610 [Worker-15: Download sources and javadoc] INFO  o.e.m.c.i.e.AbstractTransferListenerAdapter - Downloading https://repo.maven.apache.org/maven2/org/springframework/spring-aspects/7.0.7/spring-aspects-7.0.7-sources.jar
2026-05-18 12:04:11,144 [Worker-15: Download sources and javadoc] INFO  o.e.m.c.i.e.AbstractTransferListenerAdapter - Downloaded https://repo.maven.apache.org/maven2/org/springframework/spring-aspects/7.0.7/spring-aspects-7.0.7-sources.jar
2026-05-18 12:04:11,148 [Worker-15: Download sources and javadoc] INFO  o.e.m.j.internal.DownloadSourcesJob - Downloaded sources for org.springframework:spring-aspects:7.0.7
2026-05-18 12:04:11,281 [Worker-15: Download sources and javadoc] INFO  o.e.m.c.i.e.AbstractTransferListenerAdapter - Downloading https://repo.maven.apache.org/maven2/org/springframework/boot/spring-boot-jdbc/4.0.6/spring-boot-jdbc-4.0.6-sources.jar
2026-05-18 12:04:11,359 [Worker-15: Download sources and javadoc] INFO  o.e.m.c.i.e.AbstractTransferListenerAdapter - Downloaded https://repo.maven.apache.org/maven2/org/springframework/boot/spring-boot-jdbc/4.0.6/spring-boot-jdbc-4.0.6-sources.jar
2026-05-18 12:04:11,364 [Worker-15: Download sources and javadoc] INFO  o.e.m.j.internal.DownloadSourcesJob - Downloaded sources for org.springframework.boot:spring-boot-jdbc:4.0.6
2026-05-18 12:04:11,517 [Worker-15: Download sources and javadoc] INFO  o.e.m.c.i.e.AbstractTransferListenerAdapter - Downloading https://repo.maven.apache.org/maven2/org/springframework/boot/spring-boot/4.0.6/spring-boot-4.0.6-sources.jar
2026-05-18 12:04:11,776 [Worker-15: Download sources and javadoc] INFO  o.e.m.c.i.e.AbstractTransferListenerAdapter - Downloaded https://repo.maven.apache.org/maven2/org/springframework/boot/spring-boot/4.0.6/spring-boot-4.0.6-sources.jar
2026-05-18 12:04:11,785 [Worker-15: Download sources and javadoc] INFO  o.e.m.j.internal.DownloadSourcesJob - Downloaded sources for org.springframework.boot:spring-boot:4.0.6
2026-05-18 12:04:11,952 [Worker-15: Download sources and javadoc] INFO  o.e.m.c.i.e.AbstractTransferListenerAdapter - Downloading https://repo.maven.apache.org/maven2/org/springframework/boot/spring-boot-sql/4.0.6/spring-boot-sql-4.0.6-sources.jar
2026-05-18 12:04:12,423 [Worker-15: Download sources and javadoc] INFO  o.e.m.c.i.e.AbstractTransferListenerAdapter - Downloaded https://repo.maven.apache.org/maven2/org/springframework/boot/spring-boot-sql/4.0.6/spring-boot-sql-4.0.6-sources.jar
2026-05-18 12:04:12,428 [Worker-15: Download sources and javadoc] INFO  o.e.m.j.internal.DownloadSourcesJob - Downloaded sources for org.springframework.boot:spring-boot-sql:4.0.6
2026-05-18 12:04:12,586 [Worker-15: Download sources and javadoc] INFO  o.e.m.c.i.e.AbstractTransferListenerAdapter - Downloading https://repo.maven.apache.org/maven2/org/springframework/boot/spring-boot-transaction/4.0.6/spring-boot-transaction-4.0.6-sources.jar
2026-05-18 12:04:12,807 [Worker-15: Download sources and javadoc] INFO  o.e.m.c.i.e.AbstractTransferListenerAdapter - Downloaded https://repo.maven.apache.org/maven2/org/springframework/boot/spring-boot-transaction/4.0.6/spring-boot-transaction-4.0.6-sources.jar
2026-05-18 12:04:12,812 [Worker-15: Download sources and javadoc] INFO  o.e.m.j.internal.DownloadSourcesJob - Downloaded sources for org.springframework.boot:spring-boot-transaction:4.0.6
2026-05-18 12:04:12,954 [Worker-15: Download sources and javadoc] INFO  o.e.m.c.i.e.AbstractTransferListenerAdapter - Downloading https://repo.maven.apache.org/maven2/org/springframework/spring-jdbc/7.0.7/spring-jdbc-7.0.7-sources.jar
2026-05-18 12:04:13,189 [Worker-15: Download sources and javadoc] INFO  o.e.m.c.i.e.AbstractTransferListenerAdapter - Downloaded https://repo.maven.apache.org/maven2/org/springframework/spring-jdbc/7.0.7/spring-jdbc-7.0.7-sources.jar
2026-05-18 12:04:13,194 [Worker-15: Download sources and javadoc] INFO  o.e.m.j.internal.DownloadSourcesJob - Downloaded sources for org.springframework:spring-jdbc:7.0.7
2026-05-18 12:04:13,326 [Worker-15: Download sources and javadoc] INFO  o.e.m.c.i.e.AbstractTransferListenerAdapter - Downloading https://repo.maven.apache.org/maven2/org/springframework/boot/spring-boot-starter-security/4.0.6/spring-boot-starter-security-4.0.6-sources.jar
2026-05-18 12:04:13,339 [Worker-15: Download sources and javadoc] INFO  o.e.m.c.i.e.AbstractTransferListenerAdapter - Downloaded https://repo.maven.apache.org/maven2/org/springframework/boot/spring-boot-starter-security/4.0.6/spring-boot-starter-security-4.0.6-sources.jar
2026-05-18 12:04:13,344 [Worker-15: Download sources and javadoc] INFO  o.e.m.j.internal.DownloadSourcesJob - Downloaded sources for org.springframework.boot:spring-boot-starter-security:4.0.6
2026-05-18 12:04:13,490 [Worker-15: Download sources and javadoc] INFO  o.e.m.c.i.e.AbstractTransferListenerAdapter - Downloading https://repo.maven.apache.org/maven2/org/springframework/boot/spring-boot-security/4.0.6/spring-boot-security-4.0.6-sources.jar
2026-05-18 12:04:13,569 [Worker-15: Download sources and javadoc] INFO  o.e.m.c.i.e.AbstractTransferListenerAdapter - Downloaded https://repo.maven.apache.org/maven2/org/springframework/boot/spring-boot-security/4.0.6/spring-boot-security-4.0.6-sources.jar
2026-05-18 12:04:13,575 [Worker-15: Download sources and javadoc] INFO  o.e.m.j.internal.DownloadSourcesJob - Downloaded sources for org.springframework.boot:spring-boot-security:4.0.6
2026-05-18 12:04:13,718 [Worker-15: Download sources and javadoc] INFO  o.e.m.c.i.e.AbstractTransferListenerAdapter - Downloading https://repo.maven.apache.org/maven2/org/springframework/security/spring-security-config/7.0.5/spring-security-config-7.0.5-sources.jar
2026-05-18 12:04:13,986 [Worker-15: Download sources and javadoc] INFO  o.e.m.c.i.e.AbstractTransferListenerAdapter - Downloaded https://repo.maven.apache.org/maven2/org/springframework/security/spring-security-config/7.0.5/spring-security-config-7.0.5-sources.jar
2026-05-18 12:04:13,991 [Worker-15: Download sources and javadoc] INFO  o.e.m.j.internal.DownloadSourcesJob - Downloaded sources for org.springframework.security:spring-security-config:7.0.5
2026-05-18 12:04:14,159 [Worker-15: Download sources and javadoc] INFO  o.e.m.c.i.e.AbstractTransferListenerAdapter - Downloading https://repo.maven.apache.org/maven2/org/springframework/security/spring-security-core/7.0.5/spring-security-core-7.0.5-sources.jar
2026-05-18 12:04:14,389 [Worker-15: Download sources and javadoc] INFO  o.e.m.c.i.e.AbstractTransferListenerAdapter - Downloaded https://repo.maven.apache.org/maven2/org/springframework/security/spring-security-core/7.0.5/spring-security-core-7.0.5-sources.jar
2026-05-18 12:04:14,393 [Worker-15: Download sources and javadoc] INFO  o.e.m.j.internal.DownloadSourcesJob - Downloaded sources for org.springframework.security:spring-security-core:7.0.5
2026-05-18 12:04:14,520 [Worker-15: Download sources and javadoc] INFO  o.e.m.c.i.e.AbstractTransferListenerAdapter - Downloading https://repo.maven.apache.org/maven2/org/springframework/security/spring-security-crypto/7.0.5/spring-security-crypto-7.0.5-sources.jar
2026-05-18 12:04:14,619 [Worker-15: Download sources and javadoc] INFO  o.e.m.c.i.e.AbstractTransferListenerAdapter - Downloaded https://repo.maven.apache.org/maven2/org/springframework/security/spring-security-crypto/7.0.5/spring-security-crypto-7.0.5-sources.jar
2026-05-18 12:04:14,625 [Worker-15: Download sources and javadoc] INFO  o.e.m.j.internal.DownloadSourcesJob - Downloaded sources for org.springframework.security:spring-security-crypto:7.0.5
2026-05-18 12:04:14,772 [Worker-15: Download sources and javadoc] INFO  o.e.m.c.i.e.AbstractTransferListenerAdapter - Downloading https://repo.maven.apache.org/maven2/org/springframework/security/spring-security-web/7.0.5/spring-security-web-7.0.5-sources.jar
2026-05-18 12:04:15,070 [Worker-15: Download sources and javadoc] INFO  o.e.m.c.i.e.AbstractTransferListenerAdapter - Downloaded https://repo.maven.apache.org/maven2/org/springframework/security/spring-security-web/7.0.5/spring-security-web-7.0.5-sources.jar
2026-05-18 12:04:15,075 [Worker-15: Download sources and javadoc] INFO  o.e.m.j.internal.DownloadSourcesJob - Downloaded sources for org.springframework.security:spring-security-web:7.0.5
2026-05-18 12:04:15,223 [Worker-15: Download sources and javadoc] INFO  o.e.m.c.i.e.AbstractTransferListenerAdapter - Downloading https://repo.maven.apache.org/maven2/org/springframework/spring-expression/7.0.7/spring-expression-7.0.7-sources.jar
2026-05-18 12:04:15,395 [Worker-15: Download sources and javadoc] INFO  o.e.m.c.i.e.AbstractTransferListenerAdapter - Downloaded https://repo.maven.apache.org/maven2/org/springframework/spring-expression/7.0.7/spring-expression-7.0.7-sources.jar
2026-05-18 12:04:15,400 [Worker-15: Download sources and javadoc] INFO  o.e.m.j.internal.DownloadSourcesJob - Downloaded sources for org.springframework:spring-expression:7.0.7
2026-05-18 12:04:15,551 [Worker-15: Download sources and javadoc] INFO  o.e.m.c.i.e.AbstractTransferListenerAdapter - Downloading https://repo.maven.apache.org/maven2/org/springframework/spring-aop/7.0.7/spring-aop-7.0.7-sources.jar
2026-05-18 12:04:15,731 [Worker-15: Download sources and javadoc] INFO  o.e.m.c.i.e.AbstractTransferListenerAdapter - Downloaded https://repo.maven.apache.org/maven2/org/springframework/spring-aop/7.0.7/spring-aop-7.0.7-sources.jar
2026-05-18 12:04:15,738 [Worker-15: Download sources and javadoc] INFO  o.e.m.j.internal.DownloadSourcesJob - Downloaded sources for org.springframework:spring-aop:7.0.7
2026-05-18 12:04:15,883 [Worker-15: Download sources and javadoc] INFO  o.e.m.c.i.e.AbstractTransferListenerAdapter - Downloading https://repo.maven.apache.org/maven2/org/springframework/spring-beans/7.0.7/spring-beans-7.0.7-sources.jar
2026-05-18 12:04:16,135 [Worker-15: Download sources and javadoc] INFO  o.e.m.c.i.e.AbstractTransferListenerAdapter - Downloaded https://repo.maven.apache.org/maven2/org/springframework/spring-beans/7.0.7/spring-beans-7.0.7-sources.jar
2026-05-18 12:04:16,140 [Worker-15: Download sources and javadoc] INFO  o.e.m.j.internal.DownloadSourcesJob - Downloaded sources for org.springframework:spring-beans:7.0.7
2026-05-18 12:04:16,280 [Worker-15: Download sources and javadoc] INFO  o.e.m.c.i.e.AbstractTransferListenerAdapter - Downloading https://repo.maven.apache.org/maven2/org/springframework/spring-core/7.0.7/spring-core-7.0.7-sources.jar
2026-05-18 12:04:16,530 [Worker-15: Download sources and javadoc] INFO  o.e.m.c.i.e.AbstractTransferListenerAdapter - Downloaded https://repo.maven.apache.org/maven2/org/springframework/spring-core/7.0.7/spring-core-7.0.7-sources.jar
2026-05-18 12:04:16,534 [Worker-15: Download sources and javadoc] INFO  o.e.m.j.internal.DownloadSourcesJob - Downloaded sources for org.springframework:spring-core:7.0.7
2026-05-18 12:04:16,666 [Worker-15: Download sources and javadoc] INFO  o.e.m.c.i.e.AbstractTransferListenerAdapter - Downloading https://repo.maven.apache.org/maven2/org/springframework/boot/spring-boot-starter-webmvc/4.0.6/spring-boot-starter-webmvc-4.0.6-sources.jar
2026-05-18 12:04:16,691 [Worker-15: Download sources and javadoc] INFO  o.e.m.c.i.e.AbstractTransferListenerAdapter - Downloaded https://repo.maven.apache.org/maven2/org/springframework/boot/spring-boot-starter-webmvc/4.0.6/spring-boot-starter-webmvc-4.0.6-sources.jar
2026-05-18 12:04:16,701 [Worker-15: Download sources and javadoc] INFO  o.e.m.j.internal.DownloadSourcesJob - Downloaded sources for org.springframework.boot:spring-boot-starter-webmvc:4.0.6
2026-05-18 12:04:16,852 [Worker-15: Download sources and javadoc] INFO  o.e.m.c.i.e.AbstractTransferListenerAdapter - Downloading https://repo.maven.apache.org/maven2/org/springframework/boot/spring-boot-starter-jackson/4.0.6/spring-boot-starter-jackson-4.0.6-sources.jar
2026-05-18 12:04:16,876 [Worker-15: Download sources and javadoc] INFO  o.e.m.c.i.e.AbstractTransferListenerAdapter - Downloaded https://repo.maven.apache.org/maven2/org/springframework/boot/spring-boot-starter-jackson/4.0.6/spring-boot-starter-jackson-4.0.6-sources.jar
2026-05-18 12:04:16,882 [Worker-15: Download sources and javadoc] INFO  o.e.m.j.internal.DownloadSourcesJob - Downloaded sources for org.springframework.boot:spring-boot-starter-jackson:4.0.6
2026-05-18 12:04:17,032 [Worker-15: Download sources and javadoc] INFO  o.e.m.c.i.e.AbstractTransferListenerAdapter - Downloading https://repo.maven.apache.org/maven2/org/springframework/boot/spring-boot-jackson/4.0.6/spring-boot-jackson-4.0.6-sources.jar
2026-05-18 12:04:17,505 [Worker-15: Download sources and javadoc] INFO  o.e.m.c.i.e.AbstractTransferListenerAdapter - Downloaded https://repo.maven.apache.org/maven2/org/springframework/boot/spring-boot-jackson/4.0.6/spring-boot-jackson-4.0.6-sources.jar
2026-05-18 12:04:17,511 [Worker-15: Download sources and javadoc] INFO  o.e.m.j.internal.DownloadSourcesJob - Downloaded sources for org.springframework.boot:spring-boot-jackson:4.0.6
2026-05-18 12:04:17,664 [Worker-15: Download sources and javadoc] INFO  o.e.m.c.i.e.AbstractTransferListenerAdapter - Downloading https://repo.maven.apache.org/maven2/tools/jackson/core/jackson-databind/3.1.2/jackson-databind-3.1.2-sources.jar
2026-05-18 12:04:17,968 [Worker-15: Download sources and javadoc] INFO  o.e.m.c.i.e.AbstractTransferListenerAdapter - Downloaded https://repo.maven.apache.org/maven2/tools/jackson/core/jackson-databind/3.1.2/jackson-databind-3.1.2-sources.jar
2026-05-18 12:04:17,973 [Worker-15: Download sources and javadoc] INFO  o.e.m.j.internal.DownloadSourcesJob - Downloaded sources for tools.jackson.core:jackson-databind:3.1.2
2026-05-18 12:04:18,135 [Worker-15: Download sources and javadoc] INFO  o.e.m.c.i.e.AbstractTransferListenerAdapter - Downloading https://repo.maven.apache.org/maven2/tools/jackson/core/jackson-core/3.1.2/jackson-core-3.1.2-sources.jar
2026-05-18 12:04:18,353 [Worker-15: Download sources and javadoc] INFO  o.e.m.c.i.e.AbstractTransferListenerAdapter - Downloaded https://repo.maven.apache.org/maven2/tools/jackson/core/jackson-core/3.1.2/jackson-core-3.1.2-sources.jar
2026-05-18 12:04:18,359 [Worker-15: Download sources and javadoc] INFO  o.e.m.j.internal.DownloadSourcesJob - Downloaded sources for tools.jackson.core:jackson-core:3.1.2
2026-05-18 12:04:18,500 [Worker-15: Download sources and javadoc] INFO  o.e.m.c.i.e.AbstractTransferListenerAdapter - Downloading https://repo.maven.apache.org/maven2/org/springframework/boot/spring-boot-starter-tomcat/4.0.6/spring-boot-starter-tomcat-4.0.6-sources.jar
2026-05-18 12:04:18,522 [Worker-15: Download sources and javadoc] INFO  o.e.m.c.i.e.AbstractTransferListenerAdapter - Downloaded https://repo.maven.apache.org/maven2/org/springframework/boot/spring-boot-starter-tomcat/4.0.6/spring-boot-starter-tomcat-4.0.6-sources.jar
2026-05-18 12:04:18,531 [Worker-15: Download sources and javadoc] INFO  o.e.m.j.internal.DownloadSourcesJob - Downloaded sources for org.springframework.boot:spring-boot-starter-tomcat:4.0.6
2026-05-18 12:04:18,689 [Worker-15: Download sources and javadoc] INFO  o.e.m.c.i.e.AbstractTransferListenerAdapter - Downloading https://repo.maven.apache.org/maven2/org/springframework/boot/spring-boot-starter-tomcat-runtime/4.0.6/spring-boot-starter-tomcat-runtime-4.0.6-sources.jar
2026-05-18 12:04:18,705 [Worker-15: Download sources and javadoc] INFO  o.e.m.c.i.e.AbstractTransferListenerAdapter - Downloaded https://repo.maven.apache.org/maven2/org/springframework/boot/spring-boot-starter-tomcat-runtime/4.0.6/spring-boot-starter-tomcat-runtime-4.0.6-sources.jar
2026-05-18 12:04:18,718 [Worker-15: Download sources and javadoc] INFO  o.e.m.j.internal.DownloadSourcesJob - Downloaded sources for org.springframework.boot:spring-boot-starter-tomcat-runtime:4.0.6
2026-05-18 12:04:18,867 [Worker-15: Download sources and javadoc] INFO  o.e.m.c.i.e.AbstractTransferListenerAdapter - Downloading https://repo.maven.apache.org/maven2/org/apache/tomcat/embed/tomcat-embed-core/11.0.21/tomcat-embed-core-11.0.21-sources.jar
2026-05-18 12:04:19,303 [Worker-15: Download sources and javadoc] INFO  o.e.m.c.i.e.AbstractTransferListenerAdapter - Downloaded https://repo.maven.apache.org/maven2/org/apache/tomcat/embed/tomcat-embed-core/11.0.21/tomcat-embed-core-11.0.21-sources.jar
2026-05-18 12:04:19,308 [Worker-15: Download sources and javadoc] INFO  o.e.m.j.internal.DownloadSourcesJob - Downloaded sources for org.apache.tomcat.embed:tomcat-embed-core:11.0.21
2026-05-18 12:04:19,448 [Worker-15: Download sources and javadoc] INFO  o.e.m.c.i.e.AbstractTransferListenerAdapter - Downloading https://repo.maven.apache.org/maven2/org/apache/tomcat/embed/tomcat-embed-el/11.0.21/tomcat-embed-el-11.0.21-sources.jar
2026-05-18 12:04:19,600 [Worker-15: Download sources and javadoc] INFO  o.e.m.c.i.e.AbstractTransferListenerAdapter - Downloaded https://repo.maven.apache.org/maven2/org/apache/tomcat/embed/tomcat-embed-el/11.0.21/tomcat-embed-el-11.0.21-sources.jar
2026-05-18 12:04:19,605 [Worker-15: Download sources and javadoc] INFO  o.e.m.j.internal.DownloadSourcesJob - Downloaded sources for org.apache.tomcat.embed:tomcat-embed-el:11.0.21
2026-05-18 12:04:19,744 [Worker-15: Download sources and javadoc] INFO  o.e.m.c.i.e.AbstractTransferListenerAdapter - Downloading https://repo.maven.apache.org/maven2/org/apache/tomcat/embed/tomcat-embed-websocket/11.0.21/tomcat-embed-websocket-11.0.21-sources.jar
2026-05-18 12:04:19,904 [Worker-15: Download sources and javadoc] INFO  o.e.m.c.i.e.AbstractTransferListenerAdapter - Downloaded https://repo.maven.apache.org/maven2/org/apache/tomcat/embed/tomcat-embed-websocket/11.0.21/tomcat-embed-websocket-11.0.21-sources.jar
2026-05-18 12:04:19,910 [Worker-15: Download sources and javadoc] INFO  o.e.m.j.internal.DownloadSourcesJob - Downloaded sources for org.apache.tomcat.embed:tomcat-embed-websocket:11.0.21
2026-05-18 12:04:20,050 [Worker-15: Download sources and javadoc] INFO  o.e.m.c.i.e.AbstractTransferListenerAdapter - Downloading https://repo.maven.apache.org/maven2/org/springframework/boot/spring-boot-tomcat/4.0.6/spring-boot-tomcat-4.0.6-sources.jar
2026-05-18 12:04:20,141 [Worker-15: Download sources and javadoc] INFO  o.e.m.c.i.e.AbstractTransferListenerAdapter - Downloaded https://repo.maven.apache.org/maven2/org/springframework/boot/spring-boot-tomcat/4.0.6/spring-boot-tomcat-4.0.6-sources.jar
2026-05-18 12:04:20,148 [Worker-15: Download sources and javadoc] INFO  o.e.m.j.internal.DownloadSourcesJob - Downloaded sources for org.springframework.boot:spring-boot-tomcat:4.0.6
2026-05-18 12:04:20,293 [Worker-15: Download sources and javadoc] INFO  o.e.m.c.i.e.AbstractTransferListenerAdapter - Downloading https://repo.maven.apache.org/maven2/org/springframework/boot/spring-boot-http-converter/4.0.6/spring-boot-http-converter-4.0.6-sources.jar
2026-05-18 12:04:20,763 [Worker-15: Download sources and javadoc] INFO  o.e.m.c.i.e.AbstractTransferListenerAdapter - Downloaded https://repo.maven.apache.org/maven2/org/springframework/boot/spring-boot-http-converter/4.0.6/spring-boot-http-converter-4.0.6-sources.jar
2026-05-18 12:04:20,767 [Worker-15: Download sources and javadoc] INFO  o.e.m.j.internal.DownloadSourcesJob - Downloaded sources for org.springframework.boot:spring-boot-http-converter:4.0.6
2026-05-18 12:04:20,914 [Worker-15: Download sources and javadoc] INFO  o.e.m.c.i.e.AbstractTransferListenerAdapter - Downloading https://repo.maven.apache.org/maven2/org/springframework/spring-web/7.0.7/spring-web-7.0.7-sources.jar
2026-05-18 12:04:21,239 [Worker-15: Download sources and javadoc] INFO  o.e.m.c.i.e.AbstractTransferListenerAdapter - Downloaded https://repo.maven.apache.org/maven2/org/springframework/spring-web/7.0.7/spring-web-7.0.7-sources.jar
2026-05-18 12:04:21,245 [Worker-15: Download sources and javadoc] INFO  o.e.m.j.internal.DownloadSourcesJob - Downloaded sources for org.springframework:spring-web:7.0.7
2026-05-18 12:04:21,383 [Worker-15: Download sources and javadoc] INFO  o.e.m.c.i.e.AbstractTransferListenerAdapter - Downloading https://repo.maven.apache.org/maven2/io/micrometer/micrometer-observation/1.16.5/micrometer-observation-1.16.5-sources.jar
2026-05-18 12:04:21,463 [Worker-15: Download sources and javadoc] INFO  o.e.m.c.i.e.AbstractTransferListenerAdapter - Downloaded https://repo.maven.apache.org/maven2/io/micrometer/micrometer-observation/1.16.5/micrometer-observation-1.16.5-sources.jar
2026-05-18 12:04:21,469 [Worker-15: Download sources and javadoc] INFO  o.e.m.j.internal.DownloadSourcesJob - Downloaded sources for io.micrometer:micrometer-observation:1.16.5
2026-05-18 12:04:21,642 [Worker-15: Download sources and javadoc] INFO  o.e.m.c.i.e.AbstractTransferListenerAdapter - Downloading https://repo.maven.apache.org/maven2/io/micrometer/micrometer-commons/1.16.5/micrometer-commons-1.16.5-sources.jar
2026-05-18 12:04:22,350 [Worker-15: Download sources and javadoc] INFO  o.e.m.c.i.e.AbstractTransferListenerAdapter - Downloaded https://repo.maven.apache.org/maven2/io/micrometer/micrometer-commons/1.16.5/micrometer-commons-1.16.5-sources.jar
2026-05-18 12:04:22,354 [Worker-15: Download sources and javadoc] INFO  o.e.m.j.internal.DownloadSourcesJob - Downloaded sources for io.micrometer:micrometer-commons:1.16.5
2026-05-18 12:04:22,498 [Worker-15: Download sources and javadoc] INFO  o.e.m.c.i.e.AbstractTransferListenerAdapter - Downloading https://repo.maven.apache.org/maven2/org/springframework/boot/spring-boot-webmvc/4.0.6/spring-boot-webmvc-4.0.6-sources.jar
2026-05-18 12:04:22,575 [Worker-15: Download sources and javadoc] INFO  o.e.m.c.i.e.AbstractTransferListenerAdapter - Downloaded https://repo.maven.apache.org/maven2/org/springframework/boot/spring-boot-webmvc/4.0.6/spring-boot-webmvc-4.0.6-sources.jar
2026-05-18 12:04:22,580 [Worker-15: Download sources and javadoc] INFO  o.e.m.j.internal.DownloadSourcesJob - Downloaded sources for org.springframework.boot:spring-boot-webmvc:4.0.6
2026-05-18 12:04:22,708 [Worker-15: Download sources and javadoc] INFO  o.e.m.c.i.e.AbstractTransferListenerAdapter - Downloading https://repo.maven.apache.org/maven2/org/springframework/boot/spring-boot-servlet/4.0.6/spring-boot-servlet-4.0.6-sources.jar
2026-05-18 12:04:23,483 [Worker-15: Download sources and javadoc] INFO  o.e.m.c.i.e.AbstractTransferListenerAdapter - Downloaded https://repo.maven.apache.org/maven2/org/springframework/boot/spring-boot-servlet/4.0.6/spring-boot-servlet-4.0.6-sources.jar
2026-05-18 12:04:23,487 [Worker-15: Download sources and javadoc] INFO  o.e.m.j.internal.DownloadSourcesJob - Downloaded sources for org.springframework.boot:spring-boot-servlet:4.0.6
2026-05-18 12:04:23,639 [Worker-15: Download sources and javadoc] INFO  o.e.m.c.i.e.AbstractTransferListenerAdapter - Downloading https://repo.maven.apache.org/maven2/org/springframework/spring-webmvc/7.0.7/spring-webmvc-7.0.7-sources.jar
2026-05-18 12:04:23,851 [Worker-15: Download sources and javadoc] INFO  o.e.m.c.i.e.AbstractTransferListenerAdapter - Downloaded https://repo.maven.apache.org/maven2/org/springframework/spring-webmvc/7.0.7/spring-webmvc-7.0.7-sources.jar
2026-05-18 12:04:23,856 [Worker-15: Download sources and javadoc] INFO  o.e.m.j.internal.DownloadSourcesJob - Downloaded sources for org.springframework:spring-webmvc:7.0.7
2026-05-18 12:04:24,004 [Worker-15: Download sources and javadoc] INFO  o.e.m.c.i.e.AbstractTransferListenerAdapter - Downloading https://repo.maven.apache.org/maven2/com/mysql/mysql-connector-j/9.7.0/mysql-connector-j-9.7.0-sources.jar
2026-05-18 12:04:24,303 [Worker-15: Download sources and javadoc] INFO  o.e.m.c.i.e.AbstractTransferListenerAdapter - Downloaded https://repo.maven.apache.org/maven2/com/mysql/mysql-connector-j/9.7.0/mysql-connector-j-9.7.0-sources.jar
2026-05-18 12:04:24,309 [Worker-15: Download sources and javadoc] INFO  o.e.m.j.internal.DownloadSourcesJob - Downloaded sources for com.mysql:mysql-connector-j:9.7.0
2026-05-18 12:04:24,462 [Worker-15: Download sources and javadoc] INFO  o.e.m.c.i.e.AbstractTransferListenerAdapter - Downloading https://repo.maven.apache.org/maven2/org/projectlombok/lombok/1.18.46/lombok-1.18.46-sources.jar
2026-05-18 12:04:24,737 [Worker-15: Download sources and javadoc] INFO  o.e.m.c.i.e.AbstractTransferListenerAdapter - Downloaded https://repo.maven.apache.org/maven2/org/projectlombok/lombok/1.18.46/lombok-1.18.46-sources.jar
2026-05-18 12:04:24,743 [Worker-15: Download sources and javadoc] INFO  o.e.m.j.internal.DownloadSourcesJob - Downloaded sources for org.projectlombok:lombok:1.18.46
2026-05-18 12:04:24,900 [Worker-15: Download sources and javadoc] INFO  o.e.m.c.i.e.AbstractTransferListenerAdapter - Downloading https://repo.maven.apache.org/maven2/org/springframework/boot/spring-boot-starter-data-jpa-test/4.0.6/spring-boot-starter-data-jpa-test-4.0.6-sources.jar
2026-05-18 12:04:24,919 [Worker-15: Download sources and javadoc] INFO  o.e.m.c.i.e.AbstractTransferListenerAdapter - Downloaded https://repo.maven.apache.org/maven2/org/springframework/boot/spring-boot-starter-data-jpa-test/4.0.6/spring-boot-starter-data-jpa-test-4.0.6-sources.jar
2026-05-18 12:04:24,930 [Worker-15: Download sources and javadoc] INFO  o.e.m.j.internal.DownloadSourcesJob - Downloaded sources for org.springframework.boot:spring-boot-starter-data-jpa-test:4.0.6
2026-05-18 12:04:25,091 [Worker-15: Download sources and javadoc] INFO  o.e.m.c.i.e.AbstractTransferListenerAdapter - Downloading https://repo.maven.apache.org/maven2/org/springframework/boot/spring-boot-starter-test/4.0.6/spring-boot-starter-test-4.0.6-sources.jar
2026-05-18 12:04:25,115 [Worker-15: Download sources and javadoc] INFO  o.e.m.c.i.e.AbstractTransferListenerAdapter - Downloaded https://repo.maven.apache.org/maven2/org/springframework/boot/spring-boot-starter-test/4.0.6/spring-boot-starter-test-4.0.6-sources.jar
2026-05-18 12:04:25,127 [Worker-15: Download sources and javadoc] INFO  o.e.m.j.internal.DownloadSourcesJob - Downloaded sources for org.springframework.boot:spring-boot-starter-test:4.0.6
2026-05-18 12:04:25,283 [Worker-15: Download sources and javadoc] INFO  o.e.m.c.i.e.AbstractTransferListenerAdapter - Downloading https://repo.maven.apache.org/maven2/org/springframework/boot/spring-boot-test/4.0.6/spring-boot-test-4.0.6-sources.jar
2026-05-18 12:04:25,417 [Worker-15: Download sources and javadoc] INFO  o.e.m.c.i.e.AbstractTransferListenerAdapter - Downloaded https://repo.maven.apache.org/maven2/org/springframework/boot/spring-boot-test/4.0.6/spring-boot-test-4.0.6-sources.jar
2026-05-18 12:04:25,426 [Worker-15: Download sources and javadoc] INFO  o.e.m.j.internal.DownloadSourcesJob - Downloaded sources for org.springframework.boot:spring-boot-test:4.0.6
2026-05-18 12:04:25,588 [Worker-15: Download sources and javadoc] INFO  o.e.m.c.i.e.AbstractTransferListenerAdapter - Downloading https://repo.maven.apache.org/maven2/org/springframework/boot/spring-boot-test-autoconfigure/4.0.6/spring-boot-test-autoconfigure-4.0.6-sources.jar
2026-05-18 12:04:25,959 [Worker-15: Download sources and javadoc] INFO  o.e.m.c.i.e.AbstractTransferListenerAdapter - Downloaded https://repo.maven.apache.org/maven2/org/springframework/boot/spring-boot-test-autoconfigure/4.0.6/spring-boot-test-autoconfigure-4.0.6-sources.jar
2026-05-18 12:04:25,967 [Worker-15: Download sources and javadoc] INFO  o.e.m.j.internal.DownloadSourcesJob - Downloaded sources for org.springframework.boot:spring-boot-test-autoconfigure:4.0.6
2026-05-18 12:04:26,102 [Worker-15: Download sources and javadoc] INFO  o.e.m.c.i.e.AbstractTransferListenerAdapter - Downloading https://repo.maven.apache.org/maven2/org/springframework/spring-test/7.0.7/spring-test-7.0.7-sources.jar
2026-05-18 12:04:26,384 [Worker-15: Download sources and javadoc] INFO  o.e.m.c.i.e.AbstractTransferListenerAdapter - Downloaded https://repo.maven.apache.org/maven2/org/springframework/spring-test/7.0.7/spring-test-7.0.7-sources.jar
2026-05-18 12:04:26,392 [Worker-15: Download sources and javadoc] INFO  o.e.m.j.internal.DownloadSourcesJob - Downloaded sources for org.springframework:spring-test:7.0.7
2026-05-18 12:04:26,540 [Worker-15: Download sources and javadoc] INFO  o.e.m.c.i.e.AbstractTransferListenerAdapter - Downloading https://repo.maven.apache.org/maven2/org/springframework/boot/spring-boot-starter-jdbc-test/4.0.6/spring-boot-starter-jdbc-test-4.0.6-sources.jar
2026-05-18 12:04:26,605 [Worker-15: Download sources and javadoc] INFO  o.e.m.c.i.e.AbstractTransferListenerAdapter - Downloaded https://repo.maven.apache.org/maven2/org/springframework/boot/spring-boot-starter-jdbc-test/4.0.6/spring-boot-starter-jdbc-test-4.0.6-sources.jar
2026-05-18 12:04:26,610 [Worker-15: Download sources and javadoc] INFO  o.e.m.j.internal.DownloadSourcesJob - Downloaded sources for org.springframework.boot:spring-boot-starter-jdbc-test:4.0.6
2026-05-18 12:04:26,757 [Worker-15: Download sources and javadoc] INFO  o.e.m.c.i.e.AbstractTransferListenerAdapter - Downloading https://repo.maven.apache.org/maven2/org/springframework/boot/spring-boot-jdbc-test/4.0.6/spring-boot-jdbc-test-4.0.6-sources.jar
2026-05-18 12:04:26,980 [Worker-15: Download sources and javadoc] INFO  o.e.m.c.i.e.AbstractTransferListenerAdapter - Downloaded https://repo.maven.apache.org/maven2/org/springframework/boot/spring-boot-jdbc-test/4.0.6/spring-boot-jdbc-test-4.0.6-sources.jar
2026-05-18 12:04:26,985 [Worker-15: Download sources and javadoc] INFO  o.e.m.j.internal.DownloadSourcesJob - Downloaded sources for org.springframework.boot:spring-boot-jdbc-test:4.0.6
2026-05-18 12:04:27,125 [Worker-15: Download sources and javadoc] INFO  o.e.m.c.i.e.AbstractTransferListenerAdapter - Downloading https://repo.maven.apache.org/maven2/org/springframework/boot/spring-boot-data-jpa-test/4.0.6/spring-boot-data-jpa-test-4.0.6-sources.jar
2026-05-18 12:04:27,307 [Worker-15: Download sources and javadoc] INFO  o.e.m.c.i.e.AbstractTransferListenerAdapter - Downloaded https://repo.maven.apache.org/maven2/org/springframework/boot/spring-boot-data-jpa-test/4.0.6/spring-boot-data-jpa-test-4.0.6-sources.jar
2026-05-18 12:04:27,311 [Worker-15: Download sources and javadoc] INFO  o.e.m.j.internal.DownloadSourcesJob - Downloaded sources for org.springframework.boot:spring-boot-data-jpa-test:4.0.6
2026-05-18 12:04:27,448 [Worker-15: Download sources and javadoc] INFO  o.e.m.c.i.e.AbstractTransferListenerAdapter - Downloading https://repo.maven.apache.org/maven2/org/springframework/boot/spring-boot-jpa-test/4.0.6/spring-boot-jpa-test-4.0.6-sources.jar
2026-05-18 12:04:27,609 [Worker-15: Download sources and javadoc] INFO  o.e.m.c.i.e.AbstractTransferListenerAdapter - Downloaded https://repo.maven.apache.org/maven2/org/springframework/boot/spring-boot-jpa-test/4.0.6/spring-boot-jpa-test-4.0.6-sources.jar
2026-05-18 12:04:27,617 [Worker-15: Download sources and javadoc] INFO  o.e.m.j.internal.DownloadSourcesJob - Downloaded sources for org.springframework.boot:spring-boot-jpa-test:4.0.6
2026-05-18 12:04:27,749 [Worker-15: Download sources and javadoc] INFO  o.e.m.c.i.e.AbstractTransferListenerAdapter - Downloading https://repo.maven.apache.org/maven2/org/springframework/boot/spring-boot-starter-security-test/4.0.6/spring-boot-starter-security-test-4.0.6-sources.jar
2026-05-18 12:04:27,770 [Worker-15: Download sources and javadoc] INFO  o.e.m.c.i.e.AbstractTransferListenerAdapter - Downloaded https://repo.maven.apache.org/maven2/org/springframework/boot/spring-boot-starter-security-test/4.0.6/spring-boot-starter-security-test-4.0.6-sources.jar
2026-05-18 12:04:27,779 [Worker-15: Download sources and javadoc] INFO  o.e.m.j.internal.DownloadSourcesJob - Downloaded sources for org.springframework.boot:spring-boot-starter-security-test:4.0.6
2026-05-18 12:04:27,895 [Worker-15: Download sources and javadoc] INFO  o.e.m.c.i.e.AbstractTransferListenerAdapter - Downloading https://repo.maven.apache.org/maven2/org/springframework/boot/spring-boot-security-test/4.0.6/spring-boot-security-test-4.0.6-sources.jar
2026-05-18 12:04:28,111 [Worker-15: Download sources and javadoc] INFO  o.e.m.c.i.e.AbstractTransferListenerAdapter - Downloaded https://repo.maven.apache.org/maven2/org/springframework/boot/spring-boot-security-test/4.0.6/spring-boot-security-test-4.0.6-sources.jar
2026-05-18 12:04:28,114 [Worker-15: Download sources and javadoc] INFO  o.e.m.j.internal.DownloadSourcesJob - Downloaded sources for org.springframework.boot:spring-boot-security-test:4.0.6
2026-05-18 12:04:28,266 [Worker-15: Download sources and javadoc] INFO  o.e.m.c.i.e.AbstractTransferListenerAdapter - Downloading https://repo.maven.apache.org/maven2/org/springframework/security/spring-security-test/7.0.5/spring-security-test-7.0.5-sources.jar
2026-05-18 12:04:28,360 [Worker-15: Download sources and javadoc] INFO  o.e.m.c.i.e.AbstractTransferListenerAdapter - Downloaded https://repo.maven.apache.org/maven2/org/springframework/security/spring-security-test/7.0.5/spring-security-test-7.0.5-sources.jar
2026-05-18 12:04:28,365 [Worker-15: Download sources and javadoc] INFO  o.e.m.j.internal.DownloadSourcesJob - Downloaded sources for org.springframework.security:spring-security-test:7.0.5
2026-05-18 12:04:28,506 [Worker-15: Download sources and javadoc] INFO  o.e.m.c.i.e.AbstractTransferListenerAdapter - Downloading https://repo.maven.apache.org/maven2/org/springframework/boot/spring-boot-starter-webmvc-test/4.0.6/spring-boot-starter-webmvc-test-4.0.6-sources.jar
2026-05-18 12:04:28,534 [Worker-15: Download sources and javadoc] INFO  o.e.m.c.i.e.AbstractTransferListenerAdapter - Downloaded https://repo.maven.apache.org/maven2/org/springframework/boot/spring-boot-starter-webmvc-test/4.0.6/spring-boot-starter-webmvc-test-4.0.6-sources.jar
2026-05-18 12:04:28,545 [Worker-15: Download sources and javadoc] INFO  o.e.m.j.internal.DownloadSourcesJob - Downloaded sources for org.springframework.boot:spring-boot-starter-webmvc-test:4.0.6
2026-05-18 12:04:28,702 [Worker-15: Download sources and javadoc] INFO  o.e.m.c.i.e.AbstractTransferListenerAdapter - Downloading https://repo.maven.apache.org/maven2/org/springframework/boot/spring-boot-starter-jackson-test/4.0.6/spring-boot-starter-jackson-test-4.0.6-sources.jar
2026-05-18 12:04:28,714 [Worker-15: Download sources and javadoc] INFO  o.e.m.c.i.e.AbstractTransferListenerAdapter - Downloaded https://repo.maven.apache.org/maven2/org/springframework/boot/spring-boot-starter-jackson-test/4.0.6/spring-boot-starter-jackson-test-4.0.6-sources.jar
2026-05-18 12:04:28,718 [Worker-15: Download sources and javadoc] INFO  o.e.m.j.internal.DownloadSourcesJob - Downloaded sources for org.springframework.boot:spring-boot-starter-jackson-test:4.0.6
2026-05-18 12:04:28,866 [Worker-15: Download sources and javadoc] INFO  o.e.m.c.i.e.AbstractTransferListenerAdapter - Downloading https://repo.maven.apache.org/maven2/org/springframework/boot/spring-boot-webmvc-test/4.0.6/spring-boot-webmvc-test-4.0.6-sources.jar
2026-05-18 12:04:29,325 [Worker-15: Download sources and javadoc] INFO  o.e.m.c.i.e.AbstractTransferListenerAdapter - Downloaded https://repo.maven.apache.org/maven2/org/springframework/boot/spring-boot-webmvc-test/4.0.6/spring-boot-webmvc-test-4.0.6-sources.jar
2026-05-18 12:04:29,329 [Worker-15: Download sources and javadoc] INFO  o.e.m.j.internal.DownloadSourcesJob - Downloaded sources for org.springframework.boot:spring-boot-webmvc-test:4.0.6
2026-05-18 12:04:29,488 [Worker-15: Download sources and javadoc] INFO  o.e.m.c.i.e.AbstractTransferListenerAdapter - Downloading https://repo.maven.apache.org/maven2/org/springframework/boot/spring-boot-web-server/4.0.6/spring-boot-web-server-4.0.6-sources.jar
2026-05-18 12:04:29,613 [Worker-15: Download sources and javadoc] INFO  o.e.m.c.i.e.AbstractTransferListenerAdapter - Downloaded https://repo.maven.apache.org/maven2/org/springframework/boot/spring-boot-web-server/4.0.6/spring-boot-web-server-4.0.6-sources.jar
2026-05-18 12:04:29,621 [Worker-15: Download sources and javadoc] INFO  o.e.m.j.internal.DownloadSourcesJob - Downloaded sources for org.springframework.boot:spring-boot-web-server:4.0.6
2026-05-18 12:04:29,797 [Worker-15: Download sources and javadoc] INFO  o.e.m.c.i.e.AbstractTransferListenerAdapter - Downloading https://repo.maven.apache.org/maven2/org/springframework/boot/spring-boot-resttestclient/4.0.6/spring-boot-resttestclient-4.0.6-sources.jar
2026-05-18 12:04:30,138 [Worker-15: Download sources and javadoc] INFO  o.e.m.c.i.e.AbstractTransferListenerAdapter - Downloaded https://repo.maven.apache.org/maven2/org/springframework/boot/spring-boot-resttestclient/4.0.6/spring-boot-resttestclient-4.0.6-sources.jar
2026-05-18 12:04:30,143 [Worker-15: Download sources and javadoc] INFO  o.e.m.j.internal.DownloadSourcesJob - Downloaded sources for org.springframework.boot:spring-boot-resttestclient:4.0.6
2026-05-18 12:05:41,636 [Worker-10: Building] INFO  o.a.m.s.f.DefaultMavenResourcesFiltering - Copying 1 resource from src\main\resources to target\classes
2026-05-18 12:05:41,639 [Worker-10: Building] INFO  o.a.m.s.f.DefaultMavenResourcesFiltering - Copying 0 resource from src\main\resources to target\classes
2026-05-18 12:05:41,642 [Worker-10: Building] INFO  o.a.m.s.f.DefaultMavenResourcesFiltering - skip non existing resourceDirectory D:\Pranav All study Material\marktetplace\QuickMart\src\test\resources
2026-05-18 12:05:52,911 [Worker-8: Building] INFO  o.a.m.s.f.DefaultMavenResourcesFiltering - Copying 1 resource from src\main\resources to target\classes
2026-05-18 12:05:52,916 [Worker-8: Building] INFO  o.a.m.s.f.DefaultMavenResourcesFiltering - Copying 0 resource from src\main\resources to target\classes
2026-05-18 12:05:52,920 [Worker-8: Building] INFO  o.a.m.s.f.DefaultMavenResourcesFiltering - skip non existing resourceDirectory D:\Pranav All study Material\marktetplace\QuickMart\src\test\resources
2026-05-18 12:07:52,053 [Worker-15: Building] INFO  o.a.m.s.f.DefaultMavenResourcesFiltering - Copying 1 resource from src\main\resources to target\classes
2026-05-18 12:07:52,061 [Worker-15: Building] INFO  o.a.m.s.f.DefaultMavenResourcesFiltering - Copying 0 resource from src\main\resources to target\classes
2026-05-18 12:07:52,065 [Worker-15: Building] INFO  o.a.m.s.f.DefaultMavenResourcesFiltering - skip non existing resourceDirectory D:\Pranav All study Material\marktetplace\QuickMart\src\test\resources
2026-05-18 12:08:12,787 [Worker-8: Building] INFO  o.a.m.s.f.DefaultMavenResourcesFiltering - Copying 1 resource from src\main\resources to target\classes
2026-05-18 12:08:12,793 [Worker-8: Building] INFO  o.a.m.s.f.DefaultMavenResourcesFiltering - Copying 0 resource from src\main\resources to target\classes
2026-05-18 12:08:12,797 [Worker-8: Building] INFO  o.a.m.s.f.DefaultMavenResourcesFiltering - skip non existing resourceDirectory D:\Pranav All study Material\marktetplace\QuickMart\src\test\resources
2026-05-18 12:08:40,149 [Worker-5: Building] INFO  o.a.m.s.f.DefaultMavenResourcesFiltering - Copying 1 resource from src\main\resources to target\classes
2026-05-18 12:08:40,155 [Worker-5: Building] INFO  o.a.m.s.f.DefaultMavenResourcesFiltering - Copying 0 resource from src\main\resources to target\classes
2026-05-18 12:08:40,159 [Worker-5: Building] INFO  o.a.m.s.f.DefaultMavenResourcesFiltering - skip non existing resourceDirectory D:\Pranav All study Material\marktetplace\QuickMart\src\test\resources
2026-05-18 12:08:53,202 [Worker-23: Building] INFO  o.a.m.s.f.DefaultMavenResourcesFiltering - Copying 1 resource from src\main\resources to target\classes
2026-05-18 12:08:53,209 [Worker-23: Building] INFO  o.a.m.s.f.DefaultMavenResourcesFiltering - Copying 0 resource from src\main\resources to target\classes
2026-05-18 12:08:53,212 [Worker-23: Building] INFO  o.a.m.s.f.DefaultMavenResourcesFiltering - skip non existing resourceDirectory D:\Pranav All study Material\marktetplace\QuickMart\src\test\resources
2026-05-18 12:09:12,443 [Worker-18: Building] INFO  o.a.m.s.f.DefaultMavenResourcesFiltering - Copying 1 resource from src\main\resources to target\classes
2026-05-18 12:09:12,449 [Worker-18: Building] INFO  o.a.m.s.f.DefaultMavenResourcesFiltering - Copying 0 resource from src\main\resources to target\classes
2026-05-18 12:09:12,453 [Worker-18: Building] INFO  o.a.m.s.f.DefaultMavenResourcesFiltering - skip non existing resourceDirectory D:\Pranav All study Material\marktetplace\QuickMart\src\test\resources
2026-05-18 12:09:33,478 [Worker-16: Building] INFO  o.a.m.s.f.DefaultMavenResourcesFiltering - Copying 1 resource from src\main\resources to target\classes
2026-05-18 12:09:33,485 [Worker-16: Building] INFO  o.a.m.s.f.DefaultMavenResourcesFiltering - Copying 0 resource from src\main\resources to target\classes
2026-05-18 12:09:33,489 [Worker-16: Building] INFO  o.a.m.s.f.DefaultMavenResourcesFiltering - skip non existing resourceDirectory D:\Pranav All study Material\marktetplace\QuickMart\src\test\resources
2026-05-18 12:11:40,195 [Worker-23: Building] INFO  o.a.m.s.f.DefaultMavenResourcesFiltering - Copying 1 resource from src\main\resources to target\classes
2026-05-18 12:11:40,213 [Worker-23: Building] INFO  o.a.m.s.f.DefaultMavenResourcesFiltering - Copying 0 resource from src\main\resources to target\classes
2026-05-18 12:11:40,219 [Worker-23: Building] INFO  o.a.m.s.f.DefaultMavenResourcesFiltering - skip non existing resourceDirectory D:\Pranav All study Material\marktetplace\QuickMart\src\test\resources
2026-05-18 12:11:54,133 [Worker-14: Building] INFO  o.a.m.s.f.DefaultMavenResourcesFiltering - Copying 1 resource from src\main\resources to target\classes
2026-05-18 12:11:54,140 [Worker-14: Building] INFO  o.a.m.s.f.DefaultMavenResourcesFiltering - Copying 0 resource from src\main\resources to target\classes
2026-05-18 12:11:54,147 [Worker-14: Building] INFO  o.a.m.s.f.DefaultMavenResourcesFiltering - skip non existing resourceDirectory D:\Pranav All study Material\marktetplace\QuickMart\src\test\resources
2026-05-18 12:12:07,685 [Worker-5: Building] INFO  o.a.m.s.f.DefaultMavenResourcesFiltering - Copying 1 resource from src\main\resources to target\classes
2026-05-18 12:12:07,691 [Worker-5: Building] INFO  o.a.m.s.f.DefaultMavenResourcesFiltering - Copying 0 resource from src\main\resources to target\classes
2026-05-18 12:12:07,694 [Worker-5: Building] INFO  o.a.m.s.f.DefaultMavenResourcesFiltering - skip non existing resourceDirectory D:\Pranav All study Material\marktetplace\QuickMart\src\test\resources
2026-05-18 12:12:18,829 [Worker-5: Building] INFO  o.a.m.s.f.DefaultMavenResourcesFiltering - Copying 1 resource from src\main\resources to target\classes
2026-05-18 12:12:18,835 [Worker-5: Building] INFO  o.a.m.s.f.DefaultMavenResourcesFiltering - Copying 0 resource from src\main\resources to target\classes
2026-05-18 12:12:18,840 [Worker-5: Building] INFO  o.a.m.s.f.DefaultMavenResourcesFiltering - skip non existing resourceDirectory D:\Pranav All study Material\marktetplace\QuickMart\src\test\resources
2026-05-18 12:12:34,566 [Worker-23: Building] INFO  o.a.m.s.f.DefaultMavenResourcesFiltering - Copying 1 resource from src\main\resources to target\classes
2026-05-18 12:12:34,573 [Worker-23: Building] INFO  o.a.m.s.f.DefaultMavenResourcesFiltering - Copying 0 resource from src\main\resources to target\classes
2026-05-18 12:12:34,578 [Worker-23: Building] INFO  o.a.m.s.f.DefaultMavenResourcesFiltering - skip non existing resourceDirectory D:\Pranav All study Material\marktetplace\QuickMart\src\test\resources
2026-05-18 12:13:23,640 [Worker-6: Building] INFO  o.a.m.s.f.DefaultMavenResourcesFiltering - Copying 1 resource from src\main\resources to target\classes
2026-05-18 12:13:23,647 [Worker-6: Building] INFO  o.a.m.s.f.DefaultMavenResourcesFiltering - Copying 0 resource from src\main\resources to target\classes
2026-05-18 12:13:23,650 [Worker-6: Building] INFO  o.a.m.s.f.DefaultMavenResourcesFiltering - skip non existing resourceDirectory D:\Pranav All study Material\marktetplace\QuickMart\src\test\resources
2026-05-18 12:13:58,646 [Worker-14: Building] INFO  o.a.m.s.f.DefaultMavenResourcesFiltering - Copying 1 resource from src\main\resources to target\classes
2026-05-18 12:13:58,660 [Worker-14: Building] INFO  o.a.m.s.f.DefaultMavenResourcesFiltering - Copying 0 resource from src\main\resources to target\classes
2026-05-18 12:13:58,663 [Worker-14: Building] INFO  o.a.m.s.f.DefaultMavenResourcesFiltering - skip non existing resourceDirectory D:\Pranav All study Material\marktetplace\QuickMart\src\test\resources
2026-05-18 12:14:10,086 [Worker-10: Building] INFO  o.a.m.s.f.DefaultMavenResourcesFiltering - Copying 1 resource from src\main\resources to target\classes
2026-05-18 12:14:10,103 [Worker-10: Building] INFO  o.a.m.s.f.DefaultMavenResourcesFiltering - Copying 0 resource from src\main\resources to target\classes
2026-05-18 12:14:10,106 [Worker-10: Building] INFO  o.a.m.s.f.DefaultMavenResourcesFiltering - skip non existing resourceDirectory D:\Pranav All study Material\marktetplace\QuickMart\src\test\resources
2026-05-18 12:14:54,043 [Worker-6: Building] INFO  o.a.m.s.f.DefaultMavenResourcesFiltering - Copying 1 resource from src\main\resources to target\classes
2026-05-18 12:14:54,069 [Worker-6: Building] INFO  o.a.m.s.f.DefaultMavenResourcesFiltering - Copying 0 resource from src\main\resources to target\classes
2026-05-18 12:14:54,073 [Worker-6: Building] INFO  o.a.m.s.f.DefaultMavenResourcesFiltering - skip non existing resourceDirectory D:\Pranav All study Material\marktetplace\QuickMart\src\test\resources
2026-05-18 12:15:00,577 [Worker-23: Building] INFO  o.a.m.s.f.DefaultMavenResourcesFiltering - Copying 1 resource from src\main\resources to target\classes
2026-05-18 12:15:00,584 [Worker-23: Building] INFO  o.a.m.s.f.DefaultMavenResourcesFiltering - Copying 0 resource from src\main\resources to target\classes
2026-05-18 12:15:00,588 [Worker-23: Building] INFO  o.a.m.s.f.DefaultMavenResourcesFiltering - skip non existing resourceDirectory D:\Pranav All study Material\marktetplace\QuickMart\src\test\resources
2026-05-18 12:15:08,664 [Worker-23: Building] INFO  o.a.m.s.f.DefaultMavenResourcesFiltering - Copying 1 resource from src\main\resources to target\classes
2026-05-18 12:15:08,669 [Worker-23: Building] INFO  o.a.m.s.f.DefaultMavenResourcesFiltering - Copying 0 resource from src\main\resources to target\classes
2026-05-18 12:15:08,673 [Worker-23: Building] INFO  o.a.m.s.f.DefaultMavenResourcesFiltering - skip non existing resourceDirectory D:\Pranav All study Material\marktetplace\QuickMart\src\test\resources
2026-05-18 12:15:37,672 [Worker-23: Building] INFO  o.a.m.s.f.DefaultMavenResourcesFiltering - Copying 1 resource from src\main\resources to target\classes
2026-05-18 12:15:37,688 [Worker-23: Building] INFO  o.a.m.s.f.DefaultMavenResourcesFiltering - Copying 0 resource from src\main\resources to target\classes
2026-05-18 12:15:37,695 [Worker-23: Building] INFO  o.a.m.s.f.DefaultMavenResourcesFiltering - skip non existing resourceDirectory D:\Pranav All study Material\marktetplace\QuickMart\src\test\resources
2026-05-18 12:15:57,145 [Worker-23: Building] INFO  o.a.m.s.f.DefaultMavenResourcesFiltering - Copying 1 resource from src\main\resources to target\classes
2026-05-18 12:15:57,150 [Worker-23: Building] INFO  o.a.m.s.f.DefaultMavenResourcesFiltering - Copying 0 resource from src\main\resources to target\classes
2026-05-18 12:15:57,154 [Worker-23: Building] INFO  o.a.m.s.f.DefaultMavenResourcesFiltering - skip non existing resourceDirectory D:\Pranav All study Material\marktetplace\QuickMart\src\test\resources
2026-05-18 12:16:20,006 [Worker-14: Building] INFO  o.a.m.s.f.DefaultMavenResourcesFiltering - Copying 1 resource from src\main\resources to target\classes
2026-05-18 12:16:20,012 [Worker-14: Building] INFO  o.a.m.s.f.DefaultMavenResourcesFiltering - Copying 0 resource from src\main\resources to target\classes
2026-05-18 12:16:20,015 [Worker-14: Building] INFO  o.a.m.s.f.DefaultMavenResourcesFiltering - skip non existing resourceDirectory D:\Pranav All study Material\marktetplace\QuickMart\src\test\resources
2026-05-18 12:16:51,623 [Worker-10: Building] INFO  o.a.m.s.f.DefaultMavenResourcesFiltering - Copying 1 resource from src\main\resources to target\classes
2026-05-18 12:16:51,632 [Worker-10: Building] INFO  o.a.m.s.f.DefaultMavenResourcesFiltering - Copying 0 resource from src\main\resources to target\classes
2026-05-18 12:16:51,637 [Worker-10: Building] INFO  o.a.m.s.f.DefaultMavenResourcesFiltering - skip non existing resourceDirectory D:\Pranav All study Material\marktetplace\QuickMart\src\test\resources
2026-05-18 12:18:09,825 [Worker-32: Building] INFO  o.a.m.s.f.DefaultMavenResourcesFiltering - Copying 1 resource from src\main\resources to target\classes
2026-05-18 12:18:09,833 [Worker-32: Building] INFO  o.a.m.s.f.DefaultMavenResourcesFiltering - Copying 0 resource from src\main\resources to target\classes
2026-05-18 12:18:09,837 [Worker-32: Building] INFO  o.a.m.s.f.DefaultMavenResourcesFiltering - skip non existing resourceDirectory D:\Pranav All study Material\marktetplace\QuickMart\src\test\resources
2026-05-18 12:19:13,809 [Worker-32: Building] INFO  o.a.m.s.f.DefaultMavenResourcesFiltering - Copying 1 resource from src\main\resources to target\classes
2026-05-18 12:19:13,826 [Worker-32: Building] INFO  o.a.m.s.f.DefaultMavenResourcesFiltering - Copying 0 resource from src\main\resources to target\classes
2026-05-18 12:19:13,831 [Worker-32: Building] INFO  o.a.m.s.f.DefaultMavenResourcesFiltering - skip non existing resourceDirectory D:\Pranav All study Material\marktetplace\QuickMart\src\test\resources
2026-05-18 12:20:41,585 [Worker-33: Launching MarketplaceApplication] INFO  o.a.m.s.f.DefaultMavenResourcesFiltering - Copying 1 resource from src\main\resources to target\classes
2026-05-18 12:20:41,604 [Worker-33: Launching MarketplaceApplication] INFO  o.a.m.s.f.DefaultMavenResourcesFiltering - Copying 0 resource from src\main\resources to target\classes
2026-05-18 12:20:41,608 [Worker-33: Launching MarketplaceApplication] INFO  o.a.m.s.f.DefaultMavenResourcesFiltering - skip non existing resourceDirectory D:\Pranav All study Material\marktetplace\QuickMart\src\test\resources
2026-05-18 12:21:29,283 [Worker-6: Building] INFO  o.a.m.s.f.DefaultMavenResourcesFiltering - Copying 1 resource from src\main\resources to target\classes
2026-05-18 12:21:29,289 [Worker-6: Building] INFO  o.a.m.s.f.DefaultMavenResourcesFiltering - Copying 0 resource from src\main\resources to target\classes
2026-05-18 12:21:29,292 [Worker-6: Building] INFO  o.a.m.s.f.DefaultMavenResourcesFiltering - skip non existing resourceDirectory D:\Pranav All study Material\marktetplace\QuickMart\src\test\resources
2026-05-18 12:21:31,302 [Worker-34: Building] INFO  o.a.m.s.f.DefaultMavenResourcesFiltering - Copying 1 resource from src\main\resources to target\classes
2026-05-18 12:21:31,343 [Worker-34: Building] INFO  o.a.m.s.f.DefaultMavenResourcesFiltering - Copying 0 resource from src\main\resources to target\classes
2026-05-18 12:21:31,347 [Worker-34: Building] INFO  o.a.m.s.f.DefaultMavenResourcesFiltering - skip non existing resourceDirectory D:\Pranav All study Material\marktetplace\QuickMart\src\test\resources
2026-05-18 12:21:44,930 [Worker-14: Building] INFO  o.a.m.s.f.DefaultMavenResourcesFiltering - Copying 1 resource from src\main\resources to target\classes
2026-05-18 12:21:44,948 [Worker-14: Building] INFO  o.a.m.s.f.DefaultMavenResourcesFiltering - Copying 0 resource from src\main\resources to target\classes
2026-05-18 12:21:44,951 [Worker-14: Building] INFO  o.a.m.s.f.DefaultMavenResourcesFiltering - skip non existing resourceDirectory D:\Pranav All study Material\marktetplace\QuickMart\src\test\resources
2026-05-18 12:21:55,503 [Worker-6: Building] INFO  o.a.m.s.f.DefaultMavenResourcesFiltering - Copying 1 resource from src\main\resources to target\classes
2026-05-18 12:21:55,519 [Worker-6: Building] INFO  o.a.m.s.f.DefaultMavenResourcesFiltering - Copying 0 resource from src\main\resources to target\classes
2026-05-18 12:21:55,523 [Worker-6: Building] INFO  o.a.m.s.f.DefaultMavenResourcesFiltering - skip non existing resourceDirectory D:\Pranav All study Material\marktetplace\QuickMart\src\test\resources
2026-05-18 12:22:08,041 [Worker-14: Building] INFO  o.a.m.s.f.DefaultMavenResourcesFiltering - Copying 1 resource from src\main\resources to target\classes
2026-05-18 12:22:08,049 [Worker-14: Building] INFO  o.a.m.s.f.DefaultMavenResourcesFiltering - Copying 0 resource from src\main\resources to target\classes
2026-05-18 12:22:08,055 [Worker-14: Building] INFO  o.a.m.s.f.DefaultMavenResourcesFiltering - skip non existing resourceDirectory D:\Pranav All study Material\marktetplace\QuickMart\src\test\resources
2026-05-18 12:22:21,863 [Worker-6: Building] INFO  o.a.m.s.f.DefaultMavenResourcesFiltering - Copying 1 resource from src\main\resources to target\classes
2026-05-18 12:22:21,882 [Worker-6: Building] INFO  o.a.m.s.f.DefaultMavenResourcesFiltering - Copying 0 resource from src\main\resources to target\classes
2026-05-18 12:22:21,887 [Worker-6: Building] INFO  o.a.m.s.f.DefaultMavenResourcesFiltering - skip non existing resourceDirectory D:\Pranav All study Material\marktetplace\QuickMart\src\test\resources
2026-05-18 12:22:42,605 [Worker-28: Building] INFO  o.a.m.s.f.DefaultMavenResourcesFiltering - Copying 1 resource from src\main\resources to target\classes
2026-05-18 12:22:42,622 [Worker-28: Building] INFO  o.a.m.s.f.DefaultMavenResourcesFiltering - Copying 0 resource from src\main\resources to target\classes
2026-05-18 12:22:42,626 [Worker-28: Building] INFO  o.a.m.s.f.DefaultMavenResourcesFiltering - skip non existing resourceDirectory D:\Pranav All study Material\marktetplace\QuickMart\src\test\resources
2026-05-18 12:22:55,787 [Worker-34: Building] INFO  o.a.m.s.f.DefaultMavenResourcesFiltering - Copying 1 resource from src\main\resources to target\classes
2026-05-18 12:22:55,797 [Worker-34: Building] INFO  o.a.m.s.f.DefaultMavenResourcesFiltering - Copying 0 resource from src\main\resources to target\classes
2026-05-18 12:22:55,800 [Worker-34: Building] INFO  o.a.m.s.f.DefaultMavenResourcesFiltering - skip non existing resourceDirectory D:\Pranav All study Material\marktetplace\QuickMart\src\test\resources
2026-05-18 12:22:57,861 [Worker-14: Building] INFO  o.a.m.s.f.DefaultMavenResourcesFiltering - Copying 1 resource from src\main\resources to target\classes
2026-05-18 12:22:57,868 [Worker-14: Building] INFO  o.a.m.s.f.DefaultMavenResourcesFiltering - Copying 0 resource from src\main\resources to target\classes
2026-05-18 12:22:57,872 [Worker-14: Building] INFO  o.a.m.s.f.DefaultMavenResourcesFiltering - skip non existing resourceDirectory D:\Pranav All study Material\marktetplace\QuickMart\src\test\resources
2026-05-18 12:23:24,150 [Worker-10: Building] INFO  o.a.m.s.f.DefaultMavenResourcesFiltering - Copying 1 resource from src\main\resources to target\classes
2026-05-18 12:23:24,156 [Worker-10: Building] INFO  o.a.m.s.f.DefaultMavenResourcesFiltering - Copying 0 resource from src\main\resources to target\classes
2026-05-18 12:23:24,159 [Worker-10: Building] INFO  o.a.m.s.f.DefaultMavenResourcesFiltering - skip non existing resourceDirectory D:\Pranav All study Material\marktetplace\QuickMart\src\test\resources
2026-05-18 12:23:33,089 [Worker-6: Building] INFO  o.a.m.s.f.DefaultMavenResourcesFiltering - Copying 1 resource from src\main\resources to target\classes
2026-05-18 12:23:33,095 [Worker-6: Building] INFO  o.a.m.s.f.DefaultMavenResourcesFiltering - Copying 0 resource from src\main\resources to target\classes
2026-05-18 12:23:33,098 [Worker-6: Building] INFO  o.a.m.s.f.DefaultMavenResourcesFiltering - skip non existing resourceDirectory D:\Pranav All study Material\marktetplace\QuickMart\src\test\resources
2026-05-18 12:23:55,920 [Worker-10: Building] INFO  o.a.m.s.f.DefaultMavenResourcesFiltering - Copying 1 resource from src\main\resources to target\classes
2026-05-18 12:23:55,926 [Worker-10: Building] INFO  o.a.m.s.f.DefaultMavenResourcesFiltering - Copying 0 resource from src\main\resources to target\classes
2026-05-18 12:23:55,929 [Worker-10: Building] INFO  o.a.m.s.f.DefaultMavenResourcesFiltering - skip non existing resourceDirectory D:\Pranav All study Material\marktetplace\QuickMart\src\test\resources
2026-05-18 12:24:25,543 [Worker-10: Building] INFO  o.a.m.s.f.DefaultMavenResourcesFiltering - Copying 1 resource from src\main\resources to target\classes
2026-05-18 12:24:25,551 [Worker-10: Building] INFO  o.a.m.s.f.DefaultMavenResourcesFiltering - Copying 0 resource from src\main\resources to target\classes
2026-05-18 12:24:25,554 [Worker-10: Building] INFO  o.a.m.s.f.DefaultMavenResourcesFiltering - skip non existing resourceDirectory D:\Pranav All study Material\marktetplace\QuickMart\src\test\resources
2026-05-18 12:24:45,332 [Worker-14: Building] INFO  o.a.m.s.f.DefaultMavenResourcesFiltering - Copying 1 resource from src\main\resources to target\classes
2026-05-18 12:24:45,338 [Worker-14: Building] INFO  o.a.m.s.f.DefaultMavenResourcesFiltering - Copying 0 resource from src\main\resources to target\classes
2026-05-18 12:24:45,342 [Worker-14: Building] INFO  o.a.m.s.f.DefaultMavenResourcesFiltering - skip non existing resourceDirectory D:\Pranav All study Material\marktetplace\QuickMart\src\test\resources
2026-05-18 12:25:15,890 [Worker-28: Building] INFO  o.a.m.s.f.DefaultMavenResourcesFiltering - Copying 1 resource from src\main\resources to target\classes
2026-05-18 12:25:15,895 [Worker-28: Building] INFO  o.a.m.s.f.DefaultMavenResourcesFiltering - Copying 0 resource from src\main\resources to target\classes
2026-05-18 12:25:15,899 [Worker-28: Building] INFO  o.a.m.s.f.DefaultMavenResourcesFiltering - skip non existing resourceDirectory D:\Pranav All study Material\marktetplace\QuickMart\src\test\resources
2026-05-18 12:25:24,151 [Worker-14: Building] INFO  o.a.m.s.f.DefaultMavenResourcesFiltering - Copying 1 resource from src\main\resources to target\classes
2026-05-18 12:25:24,157 [Worker-14: Building] INFO  o.a.m.s.f.DefaultMavenResourcesFiltering - Copying 0 resource from src\main\resources to target\classes
2026-05-18 12:25:24,160 [Worker-14: Building] INFO  o.a.m.s.f.DefaultMavenResourcesFiltering - skip non existing resourceDirectory D:\Pranav All study Material\marktetplace\QuickMart\src\test\resources
2026-05-18 12:25:38,908 [Worker-6: Building] INFO  o.a.m.s.f.DefaultMavenResourcesFiltering - Copying 1 resource from src\main\resources to target\classes
2026-05-18 12:25:38,915 [Worker-6: Building] INFO  o.a.m.s.f.DefaultMavenResourcesFiltering - Copying 0 resource from src\main\resources to target\classes
2026-05-18 12:25:38,919 [Worker-6: Building] INFO  o.a.m.s.f.DefaultMavenResourcesFiltering - skip non existing resourceDirectory D:\Pranav All study Material\marktetplace\QuickMart\src\test\resources
2026-05-18 12:25:55,991 [Worker-34: Building] INFO  o.a.m.s.f.DefaultMavenResourcesFiltering - Copying 1 resource from src\main\resources to target\classes
2026-05-18 12:25:55,998 [Worker-34: Building] INFO  o.a.m.s.f.DefaultMavenResourcesFiltering - Copying 0 resource from src\main\resources to target\classes
2026-05-18 12:25:56,001 [Worker-34: Building] INFO  o.a.m.s.f.DefaultMavenResourcesFiltering - skip non existing resourceDirectory D:\Pranav All study Material\marktetplace\QuickMart\src\test\resources
2026-05-18 12:26:13,307 [Worker-6: Building] INFO  o.a.m.s.f.DefaultMavenResourcesFiltering - Copying 1 resource from src\main\resources to target\classes
2026-05-18 12:26:13,314 [Worker-6: Building] INFO  o.a.m.s.f.DefaultMavenResourcesFiltering - Copying 0 resource from src\main\resources to target\classes
2026-05-18 12:26:13,317 [Worker-6: Building] INFO  o.a.m.s.f.DefaultMavenResourcesFiltering - skip non existing resourceDirectory D:\Pranav All study Material\marktetplace\QuickMart\src\test\resources
2026-05-18 12:26:25,443 [Worker-6: Building] INFO  o.a.m.s.f.DefaultMavenResourcesFiltering - Copying 1 resource from src\main\resources to target\classes
2026-05-18 12:26:25,452 [Worker-6: Building] INFO  o.a.m.s.f.DefaultMavenResourcesFiltering - Copying 0 resource from src\main\resources to target\classes
2026-05-18 12:26:25,455 [Worker-6: Building] INFO  o.a.m.s.f.DefaultMavenResourcesFiltering - skip non existing resourceDirectory D:\Pranav All study Material\marktetplace\QuickMart\src\test\resources
2026-05-18 12:26:56,131 [Worker-10: Building] INFO  o.a.m.s.f.DefaultMavenResourcesFiltering - Copying 1 resource from src\main\resources to target\classes
2026-05-18 12:26:56,141 [Worker-10: Building] INFO  o.a.m.s.f.DefaultMavenResourcesFiltering - Copying 0 resource from src\main\resources to target\classes
2026-05-18 12:26:56,146 [Worker-10: Building] INFO  o.a.m.s.f.DefaultMavenResourcesFiltering - skip non existing resourceDirectory D:\Pranav All study Material\marktetplace\QuickMart\src\test\resources
2026-05-18 12:27:26,683 [Worker-33: Building] INFO  o.a.m.s.f.DefaultMavenResourcesFiltering - Copying 1 resource from src\main\resources to target\classes
2026-05-18 12:27:26,719 [Worker-33: Building] INFO  o.a.m.s.f.DefaultMavenResourcesFiltering - Copying 0 resource from src\main\resources to target\classes
2026-05-18 12:27:26,722 [Worker-33: Building] INFO  o.a.m.s.f.DefaultMavenResourcesFiltering - skip non existing resourceDirectory D:\Pranav All study Material\marktetplace\QuickMart\src\test\resources
2026-05-18 12:27:50,122 [Worker-33: Building] INFO  o.a.m.s.f.DefaultMavenResourcesFiltering - Copying 1 resource from src\main\resources to target\classes
2026-05-18 12:27:50,147 [Worker-33: Building] INFO  o.a.m.s.f.DefaultMavenResourcesFiltering - Copying 0 resource from src\main\resources to target\classes
2026-05-18 12:27:50,149 [Worker-33: Building] INFO  o.a.m.s.f.DefaultMavenResourcesFiltering - skip non existing resourceDirectory D:\Pranav All study Material\marktetplace\QuickMart\src\test\resources
2026-05-18 12:28:16,205 [Worker-33: Building] INFO  o.a.m.s.f.DefaultMavenResourcesFiltering - Copying 1 resource from src\main\resources to target\classes
2026-05-18 12:28:16,212 [Worker-33: Building] INFO  o.a.m.s.f.DefaultMavenResourcesFiltering - Copying 0 resource from src\main\resources to target\classes
2026-05-18 12:28:16,215 [Worker-33: Building] INFO  o.a.m.s.f.DefaultMavenResourcesFiltering - skip non existing resourceDirectory D:\Pranav All study Material\marktetplace\QuickMart\src\test\resources
2026-05-18 12:28:39,558 [Worker-34: Building] INFO  o.a.m.s.f.DefaultMavenResourcesFiltering - Copying 1 resource from src\main\resources to target\classes
2026-05-18 12:28:39,565 [Worker-34: Building] INFO  o.a.m.s.f.DefaultMavenResourcesFiltering - Copying 0 resource from src\main\resources to target\classes
2026-05-18 12:28:39,568 [Worker-34: Building] INFO  o.a.m.s.f.DefaultMavenResourcesFiltering - skip non existing resourceDirectory D:\Pranav All study Material\marktetplace\QuickMart\src\test\resources
2026-05-18 12:29:08,118 [Worker-6: Building] INFO  o.a.m.s.f.DefaultMavenResourcesFiltering - Copying 1 resource from src\main\resources to target\classes
2026-05-18 12:29:08,165 [Worker-6: Building] INFO  o.a.m.s.f.DefaultMavenResourcesFiltering - Copying 0 resource from src\main\resources to target\classes
2026-05-18 12:29:08,168 [Worker-6: Building] INFO  o.a.m.s.f.DefaultMavenResourcesFiltering - skip non existing resourceDirectory D:\Pranav All study Material\marktetplace\QuickMart\src\test\resources
2026-05-18 12:29:25,601 [Worker-6: Building] INFO  o.a.m.s.f.DefaultMavenResourcesFiltering - Copying 1 resource from src\main\resources to target\classes
2026-05-18 12:29:25,637 [Worker-6: Building] INFO  o.a.m.s.f.DefaultMavenResourcesFiltering - Copying 0 resource from src\main\resources to target\classes
2026-05-18 12:29:25,640 [Worker-6: Building] INFO  o.a.m.s.f.DefaultMavenResourcesFiltering - skip non existing resourceDirectory D:\Pranav All study Material\marktetplace\QuickMart\src\test\resources
2026-05-18 12:29:33,592 [Worker-28: Building] INFO  o.a.m.s.f.DefaultMavenResourcesFiltering - Copying 1 resource from src\main\resources to target\classes
2026-05-18 12:29:33,629 [Worker-28: Building] INFO  o.a.m.s.f.DefaultMavenResourcesFiltering - Copying 0 resource from src\main\resources to target\classes
2026-05-18 12:29:33,632 [Worker-28: Building] INFO  o.a.m.s.f.DefaultMavenResourcesFiltering - skip non existing resourceDirectory D:\Pranav All study Material\marktetplace\QuickMart\src\test\resources
2026-05-18 12:33:25,463 [Worker-35: Building] INFO  o.a.m.s.f.DefaultMavenResourcesFiltering - Copying 1 resource from src\main\resources to target\classes
2026-05-18 12:33:25,559 [Worker-35: Building] INFO  o.a.m.s.f.DefaultMavenResourcesFiltering - Copying 0 resource from src\main\resources to target\classes
2026-05-18 12:33:25,573 [Worker-35: Building] INFO  o.a.m.s.f.DefaultMavenResourcesFiltering - skip non existing resourceDirectory D:\Pranav All study Material\marktetplace\QuickMart\src\test\resources
2026-05-18 12:33:26,716 [Worker-35: Building] INFO  o.a.m.s.f.DefaultMavenResourcesFiltering - Copying 1 resource from src\main\resources to target\classes
2026-05-18 12:33:26,846 [Worker-35: Building] INFO  o.a.m.s.f.DefaultMavenResourcesFiltering - Copying 0 resource from src\main\resources to target\classes
2026-05-18 12:33:26,851 [Worker-35: Building] INFO  o.a.m.s.f.DefaultMavenResourcesFiltering - skip non existing resourceDirectory D:\Pranav All study Material\marktetplace\QuickMart\src\test\resources
2026-05-18 12:34:22,064 [Worker-28: Building] INFO  o.a.m.s.f.DefaultMavenResourcesFiltering - Copying 1 resource from src\main\resources to target\classes
2026-05-18 12:34:22,125 [Worker-28: Building] INFO  o.a.m.s.f.DefaultMavenResourcesFiltering - Copying 0 resource from src\main\resources to target\classes
2026-05-18 12:34:22,130 [Worker-28: Building] INFO  o.a.m.s.f.DefaultMavenResourcesFiltering - skip non existing resourceDirectory D:\Pranav All study Material\marktetplace\QuickMart\src\test\resources
2026-05-18 12:40:44,663 [Worker-39: Building] INFO  o.a.m.s.f.DefaultMavenResourcesFiltering - Copying 1 resource from src\main\resources to target\classes
2026-05-18 12:40:44,702 [Worker-39: Building] INFO  o.a.m.s.f.DefaultMavenResourcesFiltering - Copying 0 resource from src\main\resources to target\classes
2026-05-18 12:40:44,708 [Worker-39: Building] INFO  o.a.m.s.f.DefaultMavenResourcesFiltering - skip non existing resourceDirectory D:\Pranav All study Material\marktetplace\QuickMart\src\test\resources
2026-05-18 12:40:50,132 [Worker-39: Launching MarketplaceApplication] INFO  o.a.m.s.f.DefaultMavenResourcesFiltering - Copying 1 resource from src\main\resources to target\classes
2026-05-18 12:40:50,200 [Worker-39: Launching MarketplaceApplication] INFO  o.a.m.s.f.DefaultMavenResourcesFiltering - Copying 0 resource from src\main\resources to target\classes
2026-05-18 12:40:50,210 [Worker-39: Launching MarketplaceApplication] INFO  o.a.m.s.f.DefaultMavenResourcesFiltering - skip non existing resourceDirectory D:\Pranav All study Material\marktetplace\QuickMart\src\test\resources
2026-05-18 13:08:45,358 [Worker-45: Building] INFO  o.a.m.s.f.DefaultMavenResourcesFiltering - Copying 1 resource from src\main\resources to target\classes
2026-05-18 13:08:45,388 [Worker-45: Building] INFO  o.a.m.s.f.DefaultMavenResourcesFiltering - Copying 0 resource from src\main\resources to target\classes
2026-05-18 13:08:45,393 [Worker-45: Building] INFO  o.a.m.s.f.DefaultMavenResourcesFiltering - skip non existing resourceDirectory D:\Pranav All study Material\marktetplace\QuickMart\src\test\resources
2026-05-18 13:09:31,313 [Worker-46: Building] INFO  o.a.m.s.f.DefaultMavenResourcesFiltering - Copying 1 resource from src\main\resources to target\classes
2026-05-18 13:09:31,356 [Worker-46: Building] INFO  o.a.m.s.f.DefaultMavenResourcesFiltering - Copying 0 resource from src\main\resources to target\classes
2026-05-18 13:09:31,359 [Worker-46: Building] INFO  o.a.m.s.f.DefaultMavenResourcesFiltering - skip non existing resourceDirectory D:\Pranav All study Material\marktetplace\QuickMart\src\test\resources
2026-05-18 13:09:43,947 [Worker-47: Building] INFO  o.a.m.s.f.DefaultMavenResourcesFiltering - Copying 1 resource from src\main\resources to target\classes
2026-05-18 13:09:43,966 [Worker-47: Building] INFO  o.a.m.s.f.DefaultMavenResourcesFiltering - Copying 0 resource from src\main\resources to target\classes
2026-05-18 13:09:43,972 [Worker-47: Building] INFO  o.a.m.s.f.DefaultMavenResourcesFiltering - skip non existing resourceDirectory D:\Pranav All study Material\marktetplace\QuickMart\src\test\resources
2026-05-18 13:20:07,301 [Worker-52: Building] INFO  o.a.m.s.f.DefaultMavenResourcesFiltering - Copying 1 resource from src\main\resources to target\classes
2026-05-18 13:20:07,381 [Worker-52: Building] INFO  o.a.m.s.f.DefaultMavenResourcesFiltering - Copying 0 resource from src\main\resources to target\classes
2026-05-18 13:20:07,392 [Worker-52: Building] INFO  o.a.m.s.f.DefaultMavenResourcesFiltering - skip non existing resourceDirectory D:\Pranav All study Material\marktetplace\QuickMart\src\test\resources
2026-05-18 13:20:45,890 [Worker-55: Building] INFO  o.a.m.s.f.DefaultMavenResourcesFiltering - Copying 1 resource from src\main\resources to target\classes
2026-05-18 13:20:45,947 [Worker-55: Building] INFO  o.a.m.s.f.DefaultMavenResourcesFiltering - Copying 0 resource from src\main\resources to target\classes
2026-05-18 13:20:45,951 [Worker-55: Building] INFO  o.a.m.s.f.DefaultMavenResourcesFiltering - skip non existing resourceDirectory D:\Pranav All study Material\marktetplace\QuickMart\src\test\resources
2026-05-18 13:23:13,407 [Worker-50: Building] INFO  o.a.m.s.f.DefaultMavenResourcesFiltering - Copying 1 resource from src\main\resources to target\classes
2026-05-18 13:23:13,426 [Worker-50: Building] INFO  o.a.m.s.f.DefaultMavenResourcesFiltering - Copying 0 resource from src\main\resources to target\classes
2026-05-18 13:23:13,432 [Worker-50: Building] INFO  o.a.m.s.f.DefaultMavenResourcesFiltering - skip non existing resourceDirectory D:\Pranav All study Material\marktetplace\QuickMart\src\test\resources
2026-05-18 13:27:12,005 [Worker-58: Building] INFO  o.a.m.s.f.DefaultMavenResourcesFiltering - Copying 1 resource from src\main\resources to target\classes
2026-05-18 13:27:12,031 [Worker-58: Building] INFO  o.a.m.s.f.DefaultMavenResourcesFiltering - Copying 0 resource from src\main\resources to target\classes
2026-05-18 13:27:12,037 [Worker-58: Building] INFO  o.a.m.s.f.DefaultMavenResourcesFiltering - skip non existing resourceDirectory D:\Pranav All study Material\marktetplace\QuickMart\src\test\resources
2026-05-18 13:31:42,084 [Worker-1: Loading available Gradle versions] INFO  o.e.b.c.i.u.g.PublishedGradleVersions - Gradle version information cache is up-to-date. Trying to read.
2026-05-18 13:40:45,714 [Worker-24: Building] INFO  o.a.m.s.f.DefaultMavenResourcesFiltering - Copying 1 resource from src\main\resources to target\classes
2026-05-18 13:40:45,754 [Worker-24: Building] INFO  o.a.m.s.f.DefaultMavenResourcesFiltering - Copying 0 resource from src\main\resources to target\classes
2026-05-18 13:40:45,759 [Worker-24: Building] INFO  o.a.m.s.f.DefaultMavenResourcesFiltering - skip non existing resourceDirectory D:\Pranav All study Material\marktetplace\QuickMart\src\test\resources
2026-05-18 13:41:12,030 [Worker-32: Building] INFO  o.a.m.s.f.DefaultMavenResourcesFiltering - Copying 1 resource from src\main\resources to target\classes
2026-05-18 13:41:12,039 [Worker-32: Building] INFO  o.a.m.s.f.DefaultMavenResourcesFiltering - Copying 0 resource from src\main\resources to target\classes
2026-05-18 13:41:12,044 [Worker-32: Building] INFO  o.a.m.s.f.DefaultMavenResourcesFiltering - skip non existing resourceDirectory D:\Pranav All study Material\marktetplace\QuickMart\src\test\resources
2026-05-18 13:42:18,486 [Worker-5: Building] INFO  o.a.m.s.f.DefaultMavenResourcesFiltering - Copying 1 resource from src\main\resources to target\classes
2026-05-18 13:42:18,493 [Worker-5: Building] INFO  o.a.m.s.f.DefaultMavenResourcesFiltering - Copying 0 resource from src\main\resources to target\classes
2026-05-18 13:42:18,504 [Worker-5: Building] INFO  o.a.m.s.f.DefaultMavenResourcesFiltering - skip non existing resourceDirectory D:\Pranav All study Material\marktetplace\QuickMart\src\test\resources
2026-05-18 13:43:04,575 [Worker-32: Building] INFO  o.a.m.s.f.DefaultMavenResourcesFiltering - Copying 1 resource from src\main\resources to target\classes
2026-05-18 13:43:04,587 [Worker-32: Building] INFO  o.a.m.s.f.DefaultMavenResourcesFiltering - Copying 0 resource from src\main\resources to target\classes
2026-05-18 13:43:04,590 [Worker-32: Building] INFO  o.a.m.s.f.DefaultMavenResourcesFiltering - skip non existing resourceDirectory D:\Pranav All study Material\marktetplace\QuickMart\src\test\resources
2026-05-18 13:43:23,072 [Worker-24: Building] INFO  o.a.m.s.f.DefaultMavenResourcesFiltering - Copying 1 resource from src\main\resources to target\classes
2026-05-18 13:43:23,077 [Worker-24: Building] INFO  o.a.m.s.f.DefaultMavenResourcesFiltering - Copying 0 resource from src\main\resources to target\classes
2026-05-18 13:43:23,080 [Worker-24: Building] INFO  o.a.m.s.f.DefaultMavenResourcesFiltering - skip non existing resourceDirectory D:\Pranav All study Material\marktetplace\QuickMart\src\test\resources
2026-05-18 13:45:15,573 [Worker-31: Building] INFO  o.a.m.s.f.DefaultMavenResourcesFiltering - Copying 1 resource from src\main\resources to target\classes
2026-05-18 13:45:15,627 [Worker-31: Building] INFO  o.a.m.s.f.DefaultMavenResourcesFiltering - Copying 0 resource from src\main\resources to target\classes
2026-05-18 13:45:15,632 [Worker-31: Building] INFO  o.a.m.s.f.DefaultMavenResourcesFiltering - skip non existing resourceDirectory D:\Pranav All study Material\marktetplace\QuickMart\src\test\resources
2026-05-18 13:50:51,373 [Worker-35: Building] INFO  o.a.m.s.f.DefaultMavenResourcesFiltering - Copying 1 resource from src\main\resources to target\classes
2026-05-18 13:50:51,416 [Worker-35: Building] INFO  o.a.m.s.f.DefaultMavenResourcesFiltering - Copying 0 resource from src\main\resources to target\classes
2026-05-18 13:50:51,421 [Worker-35: Building] INFO  o.a.m.s.f.DefaultMavenResourcesFiltering - skip non existing resourceDirectory D:\Pranav All study Material\marktetplace\QuickMart\src\test\resources
2026-05-18 13:51:08,197 [Worker-31: Building] INFO  o.a.m.s.f.DefaultMavenResourcesFiltering - Copying 1 resource from src\main\resources to target\classes
2026-05-18 13:51:08,204 [Worker-31: Building] INFO  o.a.m.s.f.DefaultMavenResourcesFiltering - Copying 0 resource from src\main\resources to target\classes
2026-05-18 13:51:08,208 [Worker-31: Building] INFO  o.a.m.s.f.DefaultMavenResourcesFiltering - skip non existing resourceDirectory D:\Pranav All study Material\marktetplace\QuickMart\src\test\resources
2026-05-18 13:51:24,439 [Worker-35: Building] INFO  o.a.m.s.f.DefaultMavenResourcesFiltering - Copying 1 resource from src\main\resources to target\classes
2026-05-18 13:51:24,445 [Worker-35: Building] INFO  o.a.m.s.f.DefaultMavenResourcesFiltering - Copying 0 resource from src\main\resources to target\classes
2026-05-18 13:51:24,449 [Worker-35: Building] INFO  o.a.m.s.f.DefaultMavenResourcesFiltering - skip non existing resourceDirectory D:\Pranav All study Material\marktetplace\QuickMart\src\test\resources
2026-05-18 13:52:20,828 [Worker-36: Building] INFO  o.a.m.s.f.DefaultMavenResourcesFiltering - Copying 1 resource from src\main\resources to target\classes
2026-05-18 13:52:20,842 [Worker-36: Building] INFO  o.a.m.s.f.DefaultMavenResourcesFiltering - Copying 0 resource from src\main\resources to target\classes
2026-05-18 13:52:20,847 [Worker-36: Building] INFO  o.a.m.s.f.DefaultMavenResourcesFiltering - skip non existing resourceDirectory D:\Pranav All study Material\marktetplace\QuickMart\src\test\resources
2026-05-18 13:52:37,682 [Worker-34: Building] INFO  o.a.m.s.f.DefaultMavenResourcesFiltering - Copying 1 resource from src\main\resources to target\classes
2026-05-18 13:52:37,688 [Worker-34: Building] INFO  o.a.m.s.f.DefaultMavenResourcesFiltering - Copying 0 resource from src\main\resources to target\classes
2026-05-18 13:52:37,695 [Worker-34: Building] INFO  o.a.m.s.f.DefaultMavenResourcesFiltering - skip non existing resourceDirectory D:\Pranav All study Material\marktetplace\QuickMart\src\test\resources
2026-05-18 13:52:49,374 [Worker-36: Building] INFO  o.a.m.s.f.DefaultMavenResourcesFiltering - Copying 1 resource from src\main\resources to target\classes
2026-05-18 13:52:49,379 [Worker-36: Building] INFO  o.a.m.s.f.DefaultMavenResourcesFiltering - Copying 0 resource from src\main\resources to target\classes
2026-05-18 13:52:49,382 [Worker-36: Building] INFO  o.a.m.s.f.DefaultMavenResourcesFiltering - skip non existing resourceDirectory D:\Pranav All study Material\marktetplace\QuickMart\src\test\resources
2026-05-18 13:53:00,016 [Worker-34: Building] INFO  o.a.m.s.f.DefaultMavenResourcesFiltering - Copying 1 resource from src\main\resources to target\classes
2026-05-18 13:53:00,021 [Worker-34: Building] INFO  o.a.m.s.f.DefaultMavenResourcesFiltering - Copying 0 resource from src\main\resources to target\classes
2026-05-18 13:53:00,025 [Worker-34: Building] INFO  o.a.m.s.f.DefaultMavenResourcesFiltering - skip non existing resourceDirectory D:\Pranav All study Material\marktetplace\QuickMart\src\test\resources
2026-05-18 13:53:17,188 [Worker-34: Building] INFO  o.a.m.s.f.DefaultMavenResourcesFiltering - Copying 1 resource from src\main\resources to target\classes
2026-05-18 13:53:17,195 [Worker-34: Building] INFO  o.a.m.s.f.DefaultMavenResourcesFiltering - Copying 0 resource from src\main\resources to target\classes
2026-05-18 13:53:17,199 [Worker-34: Building] INFO  o.a.m.s.f.DefaultMavenResourcesFiltering - skip non existing resourceDirectory D:\Pranav All study Material\marktetplace\QuickMart\src\test\resources
2026-05-18 13:53:24,571 [Worker-24: Building] INFO  o.a.m.s.f.DefaultMavenResourcesFiltering - Copying 1 resource from src\main\resources to target\classes
2026-05-18 13:53:24,577 [Worker-24: Building] INFO  o.a.m.s.f.DefaultMavenResourcesFiltering - Copying 0 resource from src\main\resources to target\classes
2026-05-18 13:53:24,582 [Worker-24: Building] INFO  o.a.m.s.f.DefaultMavenResourcesFiltering - skip non existing resourceDirectory D:\Pranav All study Material\marktetplace\QuickMart\src\test\resources
2026-05-18 13:58:41,461 [Worker-37: Building] INFO  o.a.m.s.f.DefaultMavenResourcesFiltering - Copying 1 resource from src\main\resources to target\classes
2026-05-18 13:58:41,498 [Worker-37: Building] INFO  o.a.m.s.f.DefaultMavenResourcesFiltering - Copying 0 resource from src\main\resources to target\classes
2026-05-18 13:58:41,502 [Worker-37: Building] INFO  o.a.m.s.f.DefaultMavenResourcesFiltering - skip non existing resourceDirectory D:\Pranav All study Material\marktetplace\QuickMart\src\test\resources
2026-05-18 13:58:52,706 [Worker-35: Building] INFO  o.a.m.s.f.DefaultMavenResourcesFiltering - Copying 1 resource from src\main\resources to target\classes
2026-05-18 13:58:52,713 [Worker-35: Building] INFO  o.a.m.s.f.DefaultMavenResourcesFiltering - Copying 0 resource from src\main\resources to target\classes
2026-05-18 13:58:52,717 [Worker-35: Building] INFO  o.a.m.s.f.DefaultMavenResourcesFiltering - skip non existing resourceDirectory D:\Pranav All study Material\marktetplace\QuickMart\src\test\resources
2026-05-18 13:59:03,889 [Worker-34: Building] INFO  o.a.m.s.f.DefaultMavenResourcesFiltering - Copying 1 resource from src\main\resources to target\classes
2026-05-18 13:59:03,897 [Worker-34: Building] INFO  o.a.m.s.f.DefaultMavenResourcesFiltering - Copying 0 resource from src\main\resources to target\classes
2026-05-18 13:59:03,900 [Worker-34: Building] INFO  o.a.m.s.f.DefaultMavenResourcesFiltering - skip non existing resourceDirectory D:\Pranav All study Material\marktetplace\QuickMart\src\test\resources
2026-05-18 13:59:12,992 [Worker-24: Building] INFO  o.a.m.s.f.DefaultMavenResourcesFiltering - Copying 1 resource from src\main\resources to target\classes
2026-05-18 13:59:12,998 [Worker-24: Building] INFO  o.a.m.s.f.DefaultMavenResourcesFiltering - Copying 0 resource from src\main\resources to target\classes
2026-05-18 13:59:13,003 [Worker-24: Building] INFO  o.a.m.s.f.DefaultMavenResourcesFiltering - skip non existing resourceDirectory D:\Pranav All study Material\marktetplace\QuickMart\src\test\resources
2026-05-18 14:07:15,062 [Worker-42: Building] INFO  o.a.m.s.f.DefaultMavenResourcesFiltering - Copying 1 resource from src\main\resources to target\classes
2026-05-18 14:07:15,151 [Worker-42: Building] INFO  o.a.m.s.f.DefaultMavenResourcesFiltering - Copying 0 resource from src\main\resources to target\classes
2026-05-18 14:07:15,157 [Worker-42: Building] INFO  o.a.m.s.f.DefaultMavenResourcesFiltering - skip non existing resourceDirectory D:\Pranav All study Material\marktetplace\QuickMart\src\test\resources
2026-05-18 14:08:32,323 [Worker-41: Building] INFO  o.e.m.c.i.l.LifecycleMappingFactory - Using org.eclipse.m2e.jdt.JarLifecycleMapping lifecycle mapping for MavenProject: com.cca.marketplace:marketplace:0.0.1-SNAPSHOT @ D:\Pranav All study Material\marktetplace\QuickMart\pom.xml.
2026-05-18 14:08:35,914 [Worker-41: Building] INFO  o.a.m.s.f.DefaultMavenResourcesFiltering - Copying 0 resource from src\main\resources to target\classes
2026-05-18 14:08:35,915 [Worker-41: Building] INFO  o.a.m.s.f.DefaultMavenResourcesFiltering - Copying 0 resource from src\main\resources to target\classes
2026-05-18 14:08:35,920 [Worker-41: Building] INFO  o.a.m.s.f.DefaultMavenResourcesFiltering - skip non existing resourceDirectory D:\Pranav All study Material\marktetplace\QuickMart\src\test\resources
2026-05-18 14:08:36,355 [Worker-44: Updating Maven Project] INFO  o.e.m.c.i.p.ProjectConfigurationManager - Update started
2026-05-18 14:08:36,948 [Worker-44: Updating Maven Project] INFO  o.e.m.c.i.l.LifecycleMappingFactory - Using org.eclipse.m2e.jdt.JarLifecycleMapping lifecycle mapping for MavenProject: com.cca.marketplace:marketplace:0.0.1-SNAPSHOT @ D:\Pranav All study Material\marktetplace\QuickMart\pom.xml.
2026-05-18 14:08:37,926 [Worker-44: Updating Maven Project] INFO  o.e.m.j.i.AbstractJavaProjectConfigurator - Adding source folder /QuickMart/src/main/java
2026-05-18 14:08:37,930 [Worker-44: Updating Maven Project] INFO  o.e.m.j.i.AbstractJavaProjectConfigurator - Adding resource folder /QuickMart/src/main/resources
2026-05-18 14:08:37,931 [Worker-44: Updating Maven Project] INFO  o.e.m.j.i.AbstractJavaProjectConfigurator - Adding resource folder /QuickMart/src/main/resources
2026-05-18 14:08:37,932 [Worker-44: Updating Maven Project] INFO  o.e.m.j.i.AbstractJavaProjectConfigurator - Adding source folder /QuickMart/src/test/java
2026-05-18 14:08:37,934 [Worker-44: Updating Maven Project] INFO  o.e.m.j.i.AbstractJavaProjectConfigurator - Adding resource folder /QuickMart/src/test/resources
2026-05-18 14:08:38,460 [Worker-44: Updating Maven Project] INFO  o.e.m.c.i.p.ProjectConfigurationManager - Update completed for 1 poms: local refresh takes 0.00 sec, refresh facades takes 1.00 sec, update config takes 0.00 sec 
2026-05-18 14:08:39,101 [Worker-42: Building] INFO  o.a.m.s.f.DefaultMavenResourcesFiltering - Copying 1 resource from src\main\resources to target\classes
2026-05-18 14:08:39,127 [Worker-42: Building] INFO  o.a.m.s.f.DefaultMavenResourcesFiltering - Copying 0 resource from src\main\resources to target\classes
2026-05-18 14:08:39,133 [Worker-42: Building] INFO  o.a.m.s.f.DefaultMavenResourcesFiltering - skip non existing resourceDirectory D:\Pranav All study Material\marktetplace\QuickMart\src\test\resources
2026-05-18 14:08:57,666 [main] INFO  o.e.m2e.actions.ExecutePomAction - Creating new launch configuration
2026-05-18 14:09:18,211 [Worker-41: Building] INFO  o.e.m.c.i.l.LifecycleMappingFactory - Using org.eclipse.m2e.jdt.JarLifecycleMapping lifecycle mapping for MavenProject: com.cca.marketplace:marketplace:0.0.1-SNAPSHOT @ D:\Pranav All study Material\marktetplace\QuickMart\pom.xml.
2026-05-18 14:09:19,057 [Worker-41: Building] INFO  o.a.m.s.f.DefaultMavenResourcesFiltering - Copying 0 resource from src\main\resources to target\classes
2026-05-18 14:09:19,058 [Worker-41: Building] INFO  o.a.m.s.f.DefaultMavenResourcesFiltering - Copying 0 resource from src\main\resources to target\classes
2026-05-18 14:09:19,064 [Worker-41: Building] INFO  o.a.m.s.f.DefaultMavenResourcesFiltering - skip non existing resourceDirectory D:\Pranav All study Material\marktetplace\QuickMart\src\test\resources
2026-05-18 14:09:22,636 [Worker-31: Launching QuickMart] INFO  o.eclipse.m2e.core.internal.Bundles - getClasspathEntries(Bundle=org.eclipse.m2e.maven.runtime_3.9.900.20250220-2013 [637])
2026-05-18 14:09:22,641 [Worker-31: Launching QuickMart] INFO  o.eclipse.m2e.core.internal.Bundles - 	Entry: C:\Users\hp\.p2\pool\plugins\org.eclipse.m2e.maven.runtime_3.9.900.20250220-2013
2026-05-18 14:09:22,643 [Worker-31: Launching QuickMart] INFO  o.eclipse.m2e.core.internal.Bundles - 	Entry: C:\Users\hp\.p2\pool\plugins\org.eclipse.m2e.maven.runtime_3.9.900.20250220-2013\jars\aopalliance-1.0.jar
2026-05-18 14:09:22,643 [Worker-31: Launching QuickMart] INFO  o.eclipse.m2e.core.internal.Bundles - 	Entry: C:\Users\hp\.p2\pool\plugins\org.eclipse.m2e.maven.runtime_3.9.900.20250220-2013\jars\guice-5.1.0.jar
2026-05-18 14:09:22,644 [Worker-31: Launching QuickMart] INFO  o.eclipse.m2e.core.internal.Bundles - 	Entry: C:\Users\hp\.p2\pool\plugins\org.eclipse.m2e.maven.runtime_3.9.900.20250220-2013\jars\httpclient-4.5.14.jar
2026-05-18 14:09:22,644 [Worker-31: Launching QuickMart] INFO  o.eclipse.m2e.core.internal.Bundles - 	Entry: C:\Users\hp\.p2\pool\plugins\org.eclipse.m2e.maven.runtime_3.9.900.20250220-2013\jars\httpcore-4.4.16.jar
2026-05-18 14:09:22,645 [Worker-31: Launching QuickMart] INFO  o.eclipse.m2e.core.internal.Bundles - 	Entry: C:\Users\hp\.p2\pool\plugins\org.eclipse.m2e.maven.runtime_3.9.900.20250220-2013\jars\jansi-2.4.1.jar
2026-05-18 14:09:22,645 [Worker-31: Launching QuickMart] INFO  o.eclipse.m2e.core.internal.Bundles - 	Entry: C:\Users\hp\.p2\pool\plugins\org.eclipse.m2e.maven.runtime_3.9.900.20250220-2013\jars\jcl-over-slf4j-1.7.36.jar
2026-05-18 14:09:22,646 [Worker-31: Launching QuickMart] INFO  o.eclipse.m2e.core.internal.Bundles - 	Entry: C:\Users\hp\.p2\pool\plugins\org.eclipse.m2e.maven.runtime_3.9.900.20250220-2013\jars\maven-artifact-3.9.9.jar
2026-05-18 14:09:22,647 [Worker-31: Launching QuickMart] INFO  o.eclipse.m2e.core.internal.Bundles - 	Entry: C:\Users\hp\.p2\pool\plugins\org.eclipse.m2e.maven.runtime_3.9.900.20250220-2013\jars\maven-builder-support-3.9.9.jar
2026-05-18 14:09:22,647 [Worker-31: Launching QuickMart] INFO  o.eclipse.m2e.core.internal.Bundles - 	Entry: C:\Users\hp\.p2\pool\plugins\org.eclipse.m2e.maven.runtime_3.9.900.20250220-2013\jars\maven-compat-3.9.9.jar
2026-05-18 14:09:22,648 [Worker-31: Launching QuickMart] INFO  o.eclipse.m2e.core.internal.Bundles - 	Entry: C:\Users\hp\.p2\pool\plugins\org.eclipse.m2e.maven.runtime_3.9.900.20250220-2013\jars\maven-core-3.9.9.jar
2026-05-18 14:09:22,648 [Worker-31: Launching QuickMart] INFO  o.eclipse.m2e.core.internal.Bundles - 	Entry: C:\Users\hp\.p2\pool\plugins\org.eclipse.m2e.maven.runtime_3.9.900.20250220-2013\jars\maven-embedder-3.9.9.jar
2026-05-18 14:09:22,648 [Worker-31: Launching QuickMart] INFO  o.eclipse.m2e.core.internal.Bundles - 	Entry: C:\Users\hp\.p2\pool\plugins\org.eclipse.m2e.maven.runtime_3.9.900.20250220-2013\jars\maven-model-3.9.9.jar
2026-05-18 14:09:22,648 [Worker-31: Launching QuickMart] INFO  o.eclipse.m2e.core.internal.Bundles - 	Entry: C:\Users\hp\.p2\pool\plugins\org.eclipse.m2e.maven.runtime_3.9.900.20250220-2013\jars\maven-model-builder-3.9.9.jar
2026-05-18 14:09:22,649 [Worker-31: Launching QuickMart] INFO  o.eclipse.m2e.core.internal.Bundles - 	Entry: C:\Users\hp\.p2\pool\plugins\org.eclipse.m2e.maven.runtime_3.9.900.20250220-2013\jars\maven-plugin-api-3.9.9.jar
2026-05-18 14:09:22,649 [Worker-31: Launching QuickMart] INFO  o.eclipse.m2e.core.internal.Bundles - 	Entry: C:\Users\hp\.p2\pool\plugins\org.eclipse.m2e.maven.runtime_3.9.900.20250220-2013\jars\maven-repository-metadata-3.9.9.jar
2026-05-18 14:09:22,650 [Worker-31: Launching QuickMart] INFO  o.eclipse.m2e.core.internal.Bundles - 	Entry: C:\Users\hp\.p2\pool\plugins\org.eclipse.m2e.maven.runtime_3.9.900.20250220-2013\jars\maven-resolver-api-1.9.22.jar
2026-05-18 14:09:22,650 [Worker-31: Launching QuickMart] INFO  o.eclipse.m2e.core.internal.Bundles - 	Entry: C:\Users\hp\.p2\pool\plugins\org.eclipse.m2e.maven.runtime_3.9.900.20250220-2013\jars\maven-resolver-connector-basic-1.9.22.jar
2026-05-18 14:09:22,651 [Worker-31: Launching QuickMart] INFO  o.eclipse.m2e.core.internal.Bundles - 	Entry: C:\Users\hp\.p2\pool\plugins\org.eclipse.m2e.maven.runtime_3.9.900.20250220-2013\jars\maven-resolver-impl-1.9.22.jar
2026-05-18 14:09:22,651 [Worker-31: Launching QuickMart] INFO  o.eclipse.m2e.core.internal.Bundles - 	Entry: C:\Users\hp\.p2\pool\plugins\org.eclipse.m2e.maven.runtime_3.9.900.20250220-2013\jars\maven-resolver-named-locks-1.9.22.jar
2026-05-18 14:09:22,651 [Worker-31: Launching QuickMart] INFO  o.eclipse.m2e.core.internal.Bundles - 	Entry: C:\Users\hp\.p2\pool\plugins\org.eclipse.m2e.maven.runtime_3.9.900.20250220-2013\jars\maven-resolver-provider-3.9.9.jar
2026-05-18 14:09:22,652 [Worker-31: Launching QuickMart] INFO  o.eclipse.m2e.core.internal.Bundles - 	Entry: C:\Users\hp\.p2\pool\plugins\org.eclipse.m2e.maven.runtime_3.9.900.20250220-2013\jars\maven-resolver-spi-1.9.22.jar
2026-05-18 14:09:22,652 [Worker-31: Launching QuickMart] INFO  o.eclipse.m2e.core.internal.Bundles - 	Entry: C:\Users\hp\.p2\pool\plugins\org.eclipse.m2e.maven.runtime_3.9.900.20250220-2013\jars\maven-resolver-transport-file-1.9.22.jar
2026-05-18 14:09:22,653 [Worker-31: Launching QuickMart] INFO  o.eclipse.m2e.core.internal.Bundles - 	Entry: C:\Users\hp\.p2\pool\plugins\org.eclipse.m2e.maven.runtime_3.9.900.20250220-2013\jars\maven-resolver-transport-http-1.9.22.jar
2026-05-18 14:09:22,653 [Worker-31: Launching QuickMart] INFO  o.eclipse.m2e.core.internal.Bundles - 	Entry: C:\Users\hp\.p2\pool\plugins\org.eclipse.m2e.maven.runtime_3.9.900.20250220-2013\jars\maven-resolver-transport-wagon-1.9.22.jar
2026-05-18 14:09:22,654 [Worker-31: Launching QuickMart] INFO  o.eclipse.m2e.core.internal.Bundles - 	Entry: C:\Users\hp\.p2\pool\plugins\org.eclipse.m2e.maven.runtime_3.9.900.20250220-2013\jars\maven-resolver-util-1.9.22.jar
2026-05-18 14:09:22,654 [Worker-31: Launching QuickMart] INFO  o.eclipse.m2e.core.internal.Bundles - 	Entry: C:\Users\hp\.p2\pool\plugins\org.eclipse.m2e.maven.runtime_3.9.900.20250220-2013\jars\maven-settings-3.9.9.jar
2026-05-18 14:09:22,655 [Worker-31: Launching QuickMart] INFO  o.eclipse.m2e.core.internal.Bundles - 	Entry: C:\Users\hp\.p2\pool\plugins\org.eclipse.m2e.maven.runtime_3.9.900.20250220-2013\jars\maven-settings-builder-3.9.9.jar
2026-05-18 14:09:22,655 [Worker-31: Launching QuickMart] INFO  o.eclipse.m2e.core.internal.Bundles - 	Entry: C:\Users\hp\.p2\pool\plugins\org.eclipse.m2e.maven.runtime_3.9.900.20250220-2013\jars\maven-shared-utils-3.4.2.jar
2026-05-18 14:09:22,656 [Worker-31: Launching QuickMart] INFO  o.eclipse.m2e.core.internal.Bundles - 	Entry: C:\Users\hp\.p2\pool\plugins\org.eclipse.m2e.maven.runtime_3.9.900.20250220-2013\jars\org.eclipse.sisu.inject-0.9.0.M3.jar
2026-05-18 14:09:22,656 [Worker-31: Launching QuickMart] INFO  o.eclipse.m2e.core.internal.Bundles - 	Entry: C:\Users\hp\.p2\pool\plugins\org.eclipse.m2e.maven.runtime_3.9.900.20250220-2013\jars\org.eclipse.sisu.plexus-0.9.0.M3.jar
2026-05-18 14:09:22,657 [Worker-31: Launching QuickMart] INFO  o.eclipse.m2e.core.internal.Bundles - 	Entry: C:\Users\hp\.p2\pool\plugins\org.eclipse.m2e.maven.runtime_3.9.900.20250220-2013\jars\plexus-build-api-0.0.7.jar
2026-05-18 14:09:22,657 [Worker-31: Launching QuickMart] INFO  o.eclipse.m2e.core.internal.Bundles - 	Entry: C:\Users\hp\.p2\pool\plugins\org.eclipse.m2e.maven.runtime_3.9.900.20250220-2013\jars\plexus-build-api-1.2.0.jar
2026-05-18 14:09:22,658 [Worker-31: Launching QuickMart] INFO  o.eclipse.m2e.core.internal.Bundles - 	Entry: C:\Users\hp\.p2\pool\plugins\org.eclipse.m2e.maven.runtime_3.9.900.20250220-2013\jars\plexus-cipher-2.0.jar
2026-05-18 14:09:22,658 [Worker-31: Launching QuickMart] INFO  o.eclipse.m2e.core.internal.Bundles - 	Entry: C:\Users\hp\.p2\pool\plugins\org.eclipse.m2e.maven.runtime_3.9.900.20250220-2013\jars\plexus-classworlds-2.8.0.jar
2026-05-18 14:09:22,658 [Worker-31: Launching QuickMart] INFO  o.eclipse.m2e.core.internal.Bundles - 	Entry: C:\Users\hp\.p2\pool\plugins\org.eclipse.m2e.maven.runtime_3.9.900.20250220-2013\jars\plexus-component-annotations-2.1.0.jar
2026-05-18 14:09:22,658 [Worker-31: Launching QuickMart] INFO  o.eclipse.m2e.core.internal.Bundles - 	Entry: C:\Users\hp\.p2\pool\plugins\org.eclipse.m2e.maven.runtime_3.9.900.20250220-2013\jars\plexus-interpolation-1.27.jar
2026-05-18 14:09:22,659 [Worker-31: Launching QuickMart] INFO  o.eclipse.m2e.core.internal.Bundles - 	Entry: C:\Users\hp\.p2\pool\plugins\org.eclipse.m2e.maven.runtime_3.9.900.20250220-2013\jars\plexus-sec-dispatcher-2.0.jar
2026-05-18 14:09:22,659 [Worker-31: Launching QuickMart] INFO  o.eclipse.m2e.core.internal.Bundles - 	Entry: C:\Users\hp\.p2\pool\plugins\org.eclipse.m2e.maven.runtime_3.9.900.20250220-2013\jars\plexus-utils-3.5.1.jar
2026-05-18 14:09:22,659 [Worker-31: Launching QuickMart] INFO  o.eclipse.m2e.core.internal.Bundles - 	Entry: C:\Users\hp\.p2\pool\plugins\org.eclipse.m2e.maven.runtime_3.9.900.20250220-2013\jars\plexus-xml-3.0.1.jar
2026-05-18 14:09:22,659 [Worker-31: Launching QuickMart] INFO  o.eclipse.m2e.core.internal.Bundles - 	Entry: C:\Users\hp\.p2\pool\plugins\org.eclipse.m2e.maven.runtime_3.9.900.20250220-2013\jars\wagon-file-3.5.3.jar
2026-05-18 14:09:22,660 [Worker-31: Launching QuickMart] INFO  o.eclipse.m2e.core.internal.Bundles - 	Entry: C:\Users\hp\.p2\pool\plugins\org.eclipse.m2e.maven.runtime_3.9.900.20250220-2013\jars\wagon-http-3.5.3.jar
2026-05-18 14:09:22,660 [Worker-31: Launching QuickMart] INFO  o.eclipse.m2e.core.internal.Bundles - 	Entry: C:\Users\hp\.p2\pool\plugins\org.eclipse.m2e.maven.runtime_3.9.900.20250220-2013\jars\wagon-http-shared-3.5.3.jar
2026-05-18 14:09:22,660 [Worker-31: Launching QuickMart] INFO  o.eclipse.m2e.core.internal.Bundles - 	Entry: C:\Users\hp\.p2\pool\plugins\org.eclipse.m2e.maven.runtime_3.9.900.20250220-2013\jars\wagon-provider-api-3.5.3.jar
2026-05-18 14:09:22,663 [Worker-31: Launching QuickMart] INFO  o.eclipse.m2e.core.internal.Bundles - getClasspathEntries(Bundle=com.google.guava_33.4.8.jre [1007])
2026-05-18 14:09:22,663 [Worker-31: Launching QuickMart] INFO  o.eclipse.m2e.core.internal.Bundles - 	Entry: C:\Users\hp\.p2\pool\plugins\com.google.guava_33.4.8.jre.jar
2026-05-18 14:09:22,664 [Worker-31: Launching QuickMart] INFO  o.eclipse.m2e.core.internal.Bundles - getClasspathEntries(Bundle=slf4j.api_2.0.17 [1001])
2026-05-18 14:09:22,664 [Worker-31: Launching QuickMart] INFO  o.eclipse.m2e.core.internal.Bundles - 	Entry: C:\Users\hp\.p2\pool\plugins\slf4j.api_2.0.17.jar
2026-05-18 14:09:22,664 [Worker-31: Launching QuickMart] INFO  o.eclipse.m2e.core.internal.Bundles - getClasspathEntries(Bundle=jakarta.inject.jakarta.inject-api_1.0.5 [34])
2026-05-18 14:09:22,665 [Worker-31: Launching QuickMart] INFO  o.eclipse.m2e.core.internal.Bundles - 	Entry: C:\Users\hp\.p2\pool\plugins\jakarta.inject.jakarta.inject-api_1.0.5.jar
2026-05-18 14:09:22,665 [Worker-31: Launching QuickMart] INFO  o.eclipse.m2e.core.internal.Bundles - getClasspathEntries(Bundle=javax.annotation_1.3.5.v20200909-1856 [1012])
2026-05-18 14:09:22,665 [Worker-31: Launching QuickMart] INFO  o.eclipse.m2e.core.internal.Bundles - 	Entry: C:\Users\hp\.p2\pool\plugins\javax.annotation_1.3.5.v20200909-1856.jar
2026-05-18 14:09:22,665 [Worker-31: Launching QuickMart] INFO  o.eclipse.m2e.core.internal.Bundles - getClasspathEntries(Bundle=org.apache.commons.cli_1.9.0 [74])
2026-05-18 14:09:22,666 [Worker-31: Launching QuickMart] INFO  o.eclipse.m2e.core.internal.Bundles - 	Entry: C:\Users\hp\.p2\pool\plugins\org.apache.commons.cli_1.9.0.jar
2026-05-18 14:09:22,666 [Worker-31: Launching QuickMart] INFO  o.eclipse.m2e.core.internal.Bundles - getClasspathEntries(Bundle=org.apache.commons.commons-codec_1.16.0 [76])
2026-05-18 14:09:22,666 [Worker-31: Launching QuickMart] INFO  o.eclipse.m2e.core.internal.Bundles - 	Entry: C:\Users\hp\.p2\pool\plugins\org.apache.commons.commons-codec_1.16.0.jar
2026-05-18 14:09:22,667 [Worker-31: Launching QuickMart] INFO  o.eclipse.m2e.core.internal.Bundles - getClasspathEntries(Bundle=com.google.guava.failureaccess_1.0.3 [1008])
2026-05-18 14:09:22,667 [Worker-31: Launching QuickMart] INFO  o.eclipse.m2e.core.internal.Bundles - 	Entry: C:\Users\hp\.p2\pool\plugins\com.google.guava.failureaccess_1.0.3.jar
2026-05-18 14:09:22,671 [Worker-31: Launching QuickMart] INFO  o.e.m.i.launch.MavenLaunchDelegate - Run build in "D:\Pranav All study Material\marktetplace\QuickMart":
2026-05-18 14:09:22,672 [Worker-31: Launching QuickMart] INFO  o.e.m.i.launch.MavenLaunchDelegate -  mvn  -B -Dstyle.color=always 
2026-05-18 14:09:49,023 [Worker-46: Launching QuickMart] INFO  o.eclipse.m2e.core.internal.Bundles - getClasspathEntries(Bundle=org.eclipse.m2e.maven.runtime_3.9.900.20250220-2013 [637])
2026-05-18 14:09:49,026 [Worker-46: Launching QuickMart] INFO  o.eclipse.m2e.core.internal.Bundles - 	Entry: C:\Users\hp\.p2\pool\plugins\org.eclipse.m2e.maven.runtime_3.9.900.20250220-2013
2026-05-18 14:09:49,026 [Worker-46: Launching QuickMart] INFO  o.eclipse.m2e.core.internal.Bundles - 	Entry: C:\Users\hp\.p2\pool\plugins\org.eclipse.m2e.maven.runtime_3.9.900.20250220-2013\jars\aopalliance-1.0.jar
2026-05-18 14:09:49,027 [Worker-46: Launching QuickMart] INFO  o.eclipse.m2e.core.internal.Bundles - 	Entry: C:\Users\hp\.p2\pool\plugins\org.eclipse.m2e.maven.runtime_3.9.900.20250220-2013\jars\guice-5.1.0.jar
2026-05-18 14:09:49,027 [Worker-46: Launching QuickMart] INFO  o.eclipse.m2e.core.internal.Bundles - 	Entry: C:\Users\hp\.p2\pool\plugins\org.eclipse.m2e.maven.runtime_3.9.900.20250220-2013\jars\httpclient-4.5.14.jar
2026-05-18 14:09:49,028 [Worker-46: Launching QuickMart] INFO  o.eclipse.m2e.core.internal.Bundles - 	Entry: C:\Users\hp\.p2\pool\plugins\org.eclipse.m2e.maven.runtime_3.9.900.20250220-2013\jars\httpcore-4.4.16.jar
2026-05-18 14:09:49,029 [Worker-46: Launching QuickMart] INFO  o.eclipse.m2e.core.internal.Bundles - 	Entry: C:\Users\hp\.p2\pool\plugins\org.eclipse.m2e.maven.runtime_3.9.900.20250220-2013\jars\jansi-2.4.1.jar
2026-05-18 14:09:49,029 [Worker-46: Launching QuickMart] INFO  o.eclipse.m2e.core.internal.Bundles - 	Entry: C:\Users\hp\.p2\pool\plugins\org.eclipse.m2e.maven.runtime_3.9.900.20250220-2013\jars\jcl-over-slf4j-1.7.36.jar
2026-05-18 14:09:49,030 [Worker-46: Launching QuickMart] INFO  o.eclipse.m2e.core.internal.Bundles - 	Entry: C:\Users\hp\.p2\pool\plugins\org.eclipse.m2e.maven.runtime_3.9.900.20250220-2013\jars\maven-artifact-3.9.9.jar
2026-05-18 14:09:49,030 [Worker-46: Launching QuickMart] INFO  o.eclipse.m2e.core.internal.Bundles - 	Entry: C:\Users\hp\.p2\pool\plugins\org.eclipse.m2e.maven.runtime_3.9.900.20250220-2013\jars\maven-builder-support-3.9.9.jar
2026-05-18 14:09:49,030 [Worker-46: Launching QuickMart] INFO  o.eclipse.m2e.core.internal.Bundles - 	Entry: C:\Users\hp\.p2\pool\plugins\org.eclipse.m2e.maven.runtime_3.9.900.20250220-2013\jars\maven-compat-3.9.9.jar
2026-05-18 14:09:49,031 [Worker-46: Launching QuickMart] INFO  o.eclipse.m2e.core.internal.Bundles - 	Entry: C:\Users\hp\.p2\pool\plugins\org.eclipse.m2e.maven.runtime_3.9.900.20250220-2013\jars\maven-core-3.9.9.jar
2026-05-18 14:09:49,031 [Worker-46: Launching QuickMart] INFO  o.eclipse.m2e.core.internal.Bundles - 	Entry: C:\Users\hp\.p2\pool\plugins\org.eclipse.m2e.maven.runtime_3.9.900.20250220-2013\jars\maven-embedder-3.9.9.jar
2026-05-18 14:09:49,032 [Worker-46: Launching QuickMart] INFO  o.eclipse.m2e.core.internal.Bundles - 	Entry: C:\Users\hp\.p2\pool\plugins\org.eclipse.m2e.maven.runtime_3.9.900.20250220-2013\jars\maven-model-3.9.9.jar
2026-05-18 14:09:49,032 [Worker-46: Launching QuickMart] INFO  o.eclipse.m2e.core.internal.Bundles - 	Entry: C:\Users\hp\.p2\pool\plugins\org.eclipse.m2e.maven.runtime_3.9.900.20250220-2013\jars\maven-model-builder-3.9.9.jar
2026-05-18 14:09:49,032 [Worker-46: Launching QuickMart] INFO  o.eclipse.m2e.core.internal.Bundles - 	Entry: C:\Users\hp\.p2\pool\plugins\org.eclipse.m2e.maven.runtime_3.9.900.20250220-2013\jars\maven-plugin-api-3.9.9.jar
2026-05-18 14:09:49,033 [Worker-46: Launching QuickMart] INFO  o.eclipse.m2e.core.internal.Bundles - 	Entry: C:\Users\hp\.p2\pool\plugins\org.eclipse.m2e.maven.runtime_3.9.900.20250220-2013\jars\maven-repository-metadata-3.9.9.jar
2026-05-18 14:09:49,033 [Worker-46: Launching QuickMart] INFO  o.eclipse.m2e.core.internal.Bundles - 	Entry: C:\Users\hp\.p2\pool\plugins\org.eclipse.m2e.maven.runtime_3.9.900.20250220-2013\jars\maven-resolver-api-1.9.22.jar
2026-05-18 14:09:49,034 [Worker-46: Launching QuickMart] INFO  o.eclipse.m2e.core.internal.Bundles - 	Entry: C:\Users\hp\.p2\pool\plugins\org.eclipse.m2e.maven.runtime_3.9.900.20250220-2013\jars\maven-resolver-connector-basic-1.9.22.jar
2026-05-18 14:09:49,034 [Worker-46: Launching QuickMart] INFO  o.eclipse.m2e.core.internal.Bundles - 	Entry: C:\Users\hp\.p2\pool\plugins\org.eclipse.m2e.maven.runtime_3.9.900.20250220-2013\jars\maven-resolver-impl-1.9.22.jar
2026-05-18 14:09:49,035 [Worker-46: Launching QuickMart] INFO  o.eclipse.m2e.core.internal.Bundles - 	Entry: C:\Users\hp\.p2\pool\plugins\org.eclipse.m2e.maven.runtime_3.9.900.20250220-2013\jars\maven-resolver-named-locks-1.9.22.jar
2026-05-18 14:09:49,035 [Worker-46: Launching QuickMart] INFO  o.eclipse.m2e.core.internal.Bundles - 	Entry: C:\Users\hp\.p2\pool\plugins\org.eclipse.m2e.maven.runtime_3.9.900.20250220-2013\jars\maven-resolver-provider-3.9.9.jar
2026-05-18 14:09:49,036 [Worker-46: Launching QuickMart] INFO  o.eclipse.m2e.core.internal.Bundles - 	Entry: C:\Users\hp\.p2\pool\plugins\org.eclipse.m2e.maven.runtime_3.9.900.20250220-2013\jars\maven-resolver-spi-1.9.22.jar
2026-05-18 14:09:49,036 [Worker-46: Launching QuickMart] INFO  o.eclipse.m2e.core.internal.Bundles - 	Entry: C:\Users\hp\.p2\pool\plugins\org.eclipse.m2e.maven.runtime_3.9.900.20250220-2013\jars\maven-resolver-transport-file-1.9.22.jar
2026-05-18 14:09:49,037 [Worker-46: Launching QuickMart] INFO  o.eclipse.m2e.core.internal.Bundles - 	Entry: C:\Users\hp\.p2\pool\plugins\org.eclipse.m2e.maven.runtime_3.9.900.20250220-2013\jars\maven-resolver-transport-http-1.9.22.jar
2026-05-18 14:09:49,037 [Worker-46: Launching QuickMart] INFO  o.eclipse.m2e.core.internal.Bundles - 	Entry: C:\Users\hp\.p2\pool\plugins\org.eclipse.m2e.maven.runtime_3.9.900.20250220-2013\jars\maven-resolver-transport-wagon-1.9.22.jar
2026-05-18 14:09:49,037 [Worker-46: Launching QuickMart] INFO  o.eclipse.m2e.core.internal.Bundles - 	Entry: C:\Users\hp\.p2\pool\plugins\org.eclipse.m2e.maven.runtime_3.9.900.20250220-2013\jars\maven-resolver-util-1.9.22.jar
2026-05-18 14:09:49,038 [Worker-46: Launching QuickMart] INFO  o.eclipse.m2e.core.internal.Bundles - 	Entry: C:\Users\hp\.p2\pool\plugins\org.eclipse.m2e.maven.runtime_3.9.900.20250220-2013\jars\maven-settings-3.9.9.jar
2026-05-18 14:09:49,038 [Worker-46: Launching QuickMart] INFO  o.eclipse.m2e.core.internal.Bundles - 	Entry: C:\Users\hp\.p2\pool\plugins\org.eclipse.m2e.maven.runtime_3.9.900.20250220-2013\jars\maven-settings-builder-3.9.9.jar
2026-05-18 14:09:49,039 [Worker-46: Launching QuickMart] INFO  o.eclipse.m2e.core.internal.Bundles - 	Entry: C:\Users\hp\.p2\pool\plugins\org.eclipse.m2e.maven.runtime_3.9.900.20250220-2013\jars\maven-shared-utils-3.4.2.jar
2026-05-18 14:09:49,039 [Worker-46: Launching QuickMart] INFO  o.eclipse.m2e.core.internal.Bundles - 	Entry: C:\Users\hp\.p2\pool\plugins\org.eclipse.m2e.maven.runtime_3.9.900.20250220-2013\jars\org.eclipse.sisu.inject-0.9.0.M3.jar
2026-05-18 14:09:49,039 [Worker-46: Launching QuickMart] INFO  o.eclipse.m2e.core.internal.Bundles - 	Entry: C:\Users\hp\.p2\pool\plugins\org.eclipse.m2e.maven.runtime_3.9.900.20250220-2013\jars\org.eclipse.sisu.plexus-0.9.0.M3.jar
2026-05-18 14:09:49,040 [Worker-46: Launching QuickMart] INFO  o.eclipse.m2e.core.internal.Bundles - 	Entry: C:\Users\hp\.p2\pool\plugins\org.eclipse.m2e.maven.runtime_3.9.900.20250220-2013\jars\plexus-build-api-0.0.7.jar
2026-05-18 14:09:49,040 [Worker-46: Launching QuickMart] INFO  o.eclipse.m2e.core.internal.Bundles - 	Entry: C:\Users\hp\.p2\pool\plugins\org.eclipse.m2e.maven.runtime_3.9.900.20250220-2013\jars\plexus-build-api-1.2.0.jar
2026-05-18 14:09:49,041 [Worker-46: Launching QuickMart] INFO  o.eclipse.m2e.core.internal.Bundles - 	Entry: C:\Users\hp\.p2\pool\plugins\org.eclipse.m2e.maven.runtime_3.9.900.20250220-2013\jars\plexus-cipher-2.0.jar
2026-05-18 14:09:49,041 [Worker-46: Launching QuickMart] INFO  o.eclipse.m2e.core.internal.Bundles - 	Entry: C:\Users\hp\.p2\pool\plugins\org.eclipse.m2e.maven.runtime_3.9.900.20250220-2013\jars\plexus-classworlds-2.8.0.jar
2026-05-18 14:09:49,041 [Worker-46: Launching QuickMart] INFO  o.eclipse.m2e.core.internal.Bundles - 	Entry: C:\Users\hp\.p2\pool\plugins\org.eclipse.m2e.maven.runtime_3.9.900.20250220-2013\jars\plexus-component-annotations-2.1.0.jar
2026-05-18 14:09:49,042 [Worker-46: Launching QuickMart] INFO  o.eclipse.m2e.core.internal.Bundles - 	Entry: C:\Users\hp\.p2\pool\plugins\org.eclipse.m2e.maven.runtime_3.9.900.20250220-2013\jars\plexus-interpolation-1.27.jar
2026-05-18 14:09:49,042 [Worker-46: Launching QuickMart] INFO  o.eclipse.m2e.core.internal.Bundles - 	Entry: C:\Users\hp\.p2\pool\plugins\org.eclipse.m2e.maven.runtime_3.9.900.20250220-2013\jars\plexus-sec-dispatcher-2.0.jar
2026-05-18 14:09:49,042 [Worker-46: Launching QuickMart] INFO  o.eclipse.m2e.core.internal.Bundles - 	Entry: C:\Users\hp\.p2\pool\plugins\org.eclipse.m2e.maven.runtime_3.9.900.20250220-2013\jars\plexus-utils-3.5.1.jar
2026-05-18 14:09:49,043 [Worker-46: Launching QuickMart] INFO  o.eclipse.m2e.core.internal.Bundles - 	Entry: C:\Users\hp\.p2\pool\plugins\org.eclipse.m2e.maven.runtime_3.9.900.20250220-2013\jars\plexus-xml-3.0.1.jar
2026-05-18 14:09:49,043 [Worker-46: Launching QuickMart] INFO  o.eclipse.m2e.core.internal.Bundles - 	Entry: C:\Users\hp\.p2\pool\plugins\org.eclipse.m2e.maven.runtime_3.9.900.20250220-2013\jars\wagon-file-3.5.3.jar
2026-05-18 14:09:49,044 [Worker-46: Launching QuickMart] INFO  o.eclipse.m2e.core.internal.Bundles - 	Entry: C:\Users\hp\.p2\pool\plugins\org.eclipse.m2e.maven.runtime_3.9.900.20250220-2013\jars\wagon-http-3.5.3.jar
2026-05-18 14:09:49,044 [Worker-46: Launching QuickMart] INFO  o.eclipse.m2e.core.internal.Bundles - 	Entry: C:\Users\hp\.p2\pool\plugins\org.eclipse.m2e.maven.runtime_3.9.900.20250220-2013\jars\wagon-http-shared-3.5.3.jar
2026-05-18 14:09:49,044 [Worker-46: Launching QuickMart] INFO  o.eclipse.m2e.core.internal.Bundles - 	Entry: C:\Users\hp\.p2\pool\plugins\org.eclipse.m2e.maven.runtime_3.9.900.20250220-2013\jars\wagon-provider-api-3.5.3.jar
2026-05-18 14:09:49,045 [Worker-46: Launching QuickMart] INFO  o.eclipse.m2e.core.internal.Bundles - getClasspathEntries(Bundle=com.google.guava_33.4.8.jre [1007])
2026-05-18 14:09:49,046 [Worker-46: Launching QuickMart] INFO  o.eclipse.m2e.core.internal.Bundles - 	Entry: C:\Users\hp\.p2\pool\plugins\com.google.guava_33.4.8.jre.jar
2026-05-18 14:09:49,046 [Worker-46: Launching QuickMart] INFO  o.eclipse.m2e.core.internal.Bundles - getClasspathEntries(Bundle=slf4j.api_2.0.17 [1001])
2026-05-18 14:09:49,047 [Worker-46: Launching QuickMart] INFO  o.eclipse.m2e.core.internal.Bundles - 	Entry: C:\Users\hp\.p2\pool\plugins\slf4j.api_2.0.17.jar
2026-05-18 14:09:49,047 [Worker-46: Launching QuickMart] INFO  o.eclipse.m2e.core.internal.Bundles - getClasspathEntries(Bundle=jakarta.inject.jakarta.inject-api_1.0.5 [34])
2026-05-18 14:09:49,048 [Worker-46: Launching QuickMart] INFO  o.eclipse.m2e.core.internal.Bundles - 	Entry: C:\Users\hp\.p2\pool\plugins\jakarta.inject.jakarta.inject-api_1.0.5.jar
2026-05-18 14:09:49,048 [Worker-46: Launching QuickMart] INFO  o.eclipse.m2e.core.internal.Bundles - getClasspathEntries(Bundle=javax.annotation_1.3.5.v20200909-1856 [1012])
2026-05-18 14:09:49,049 [Worker-46: Launching QuickMart] INFO  o.eclipse.m2e.core.internal.Bundles - 	Entry: C:\Users\hp\.p2\pool\plugins\javax.annotation_1.3.5.v20200909-1856.jar
2026-05-18 14:09:49,049 [Worker-46: Launching QuickMart] INFO  o.eclipse.m2e.core.internal.Bundles - getClasspathEntries(Bundle=org.apache.commons.cli_1.9.0 [74])
2026-05-18 14:09:49,049 [Worker-46: Launching QuickMart] INFO  o.eclipse.m2e.core.internal.Bundles - 	Entry: C:\Users\hp\.p2\pool\plugins\org.apache.commons.cli_1.9.0.jar
2026-05-18 14:09:49,049 [Worker-46: Launching QuickMart] INFO  o.eclipse.m2e.core.internal.Bundles - getClasspathEntries(Bundle=org.apache.commons.commons-codec_1.16.0 [76])
2026-05-18 14:09:49,050 [Worker-46: Launching QuickMart] INFO  o.eclipse.m2e.core.internal.Bundles - 	Entry: C:\Users\hp\.p2\pool\plugins\org.apache.commons.commons-codec_1.16.0.jar
2026-05-18 14:09:49,050 [Worker-46: Launching QuickMart] INFO  o.eclipse.m2e.core.internal.Bundles - getClasspathEntries(Bundle=com.google.guava.failureaccess_1.0.3 [1008])
2026-05-18 14:09:49,051 [Worker-46: Launching QuickMart] INFO  o.eclipse.m2e.core.internal.Bundles - 	Entry: C:\Users\hp\.p2\pool\plugins\com.google.guava.failureaccess_1.0.3.jar
2026-05-18 14:09:49,054 [Worker-46: Launching QuickMart] INFO  o.e.m.i.launch.MavenLaunchDelegate - Run build in "D:\Pranav All study Material\marktetplace\QuickMart":
2026-05-18 14:09:49,054 [Worker-46: Launching QuickMart] INFO  o.e.m.i.launch.MavenLaunchDelegate -  mvn  -B -Dstyle.color=always 
2026-05-18 14:11:47,298 [Worker-47: Building] INFO  o.e.m.c.i.e.AbstractTransferListenerAdapter - Downloading https://repo.maven.apache.org/maven2/org/springframework/boot/spring-boot-devtools/3.2.0/spring-boot-devtools-3.2.0.pom
2026-05-18 14:11:47,350 [Worker-47: Building] INFO  o.e.m.c.i.e.AbstractTransferListenerAdapter - Downloaded https://repo.maven.apache.org/maven2/org/springframework/boot/spring-boot-devtools/3.2.0/spring-boot-devtools-3.2.0.pom
2026-05-18 14:11:48,353 [Worker-47: Building] WARN  o.e.m.c.i.embedder.EclipseLogger - The artifact mysql:mysql-connector-java:jar:8.0.33 has been relocated to com.mysql:mysql-connector-j:jar:8.0.33: MySQL Connector/J artifacts moved to reverse-DNS compliant Maven 2+ coordinates.
2026-05-18 14:11:48,618 [Worker-47: Building] INFO  o.e.m.c.i.e.AbstractTransferListenerAdapter - Downloading https://repo.maven.apache.org/maven2/org/springframework/boot/spring-boot-devtools/3.2.0/spring-boot-devtools-3.2.0.jar
2026-05-18 14:11:48,753 [Worker-47: Building] INFO  o.e.m.c.i.e.AbstractTransferListenerAdapter - Downloaded https://repo.maven.apache.org/maven2/org/springframework/boot/spring-boot-devtools/3.2.0/spring-boot-devtools-3.2.0.jar
2026-05-18 14:11:49,247 [Worker-47: Building] INFO  o.e.m.c.i.e.AbstractTransferListenerAdapter - Downloading https://repo.maven.apache.org/maven2/org/apache/maven/plugins/maven-surefire-plugin/3.0.0-M7/maven-surefire-plugin-3.0.0-M7.jar
2026-05-18 14:11:49,508 [Worker-47: Building] INFO  o.e.m.c.i.e.AbstractTransferListenerAdapter - Downloaded https://repo.maven.apache.org/maven2/org/apache/maven/plugins/maven-surefire-plugin/3.0.0-M7/maven-surefire-plugin-3.0.0-M7.jar
2026-05-18 14:11:50,579 [Worker-47: Building] INFO  o.e.m.c.i.l.LifecycleMappingFactory - Using org.eclipse.m2e.jdt.JarLifecycleMapping lifecycle mapping for MavenProject: com.example:marketplace:1.0.0 @ D:\Pranav All study Material\marktetplace\QuickMart\pom.xml.
2026-05-18 14:11:50,591 [Worker-47: Building] WARN  o.e.m.c.i.embedder.EclipseLogger - The artifact mysql:mysql-connector-java:jar:8.0.33 has been relocated to com.mysql:mysql-connector-j:jar:8.0.33: MySQL Connector/J artifacts moved to reverse-DNS compliant Maven 2+ coordinates.
2026-05-18 14:11:54,467 [Worker-47: Building] INFO  o.a.m.s.f.DefaultMavenResourcesFiltering - Copying 0 resource from src\main\resources to target\classes
2026-05-18 14:11:54,468 [Worker-47: Building] INFO  o.a.m.s.f.DefaultMavenResourcesFiltering - Copying 0 resource from src\main\resources to target\classes
2026-05-18 14:11:54,474 [Worker-47: Building] INFO  o.a.m.s.f.DefaultMavenResourcesFiltering - skip non existing resourceDirectory D:\Pranav All study Material\marktetplace\QuickMart\src\test\resources
2026-05-18 14:11:54,539 [Worker-47: Building] INFO  o.e.m.c.i.e.AbstractTransferListenerAdapter - Downloading https://repo.maven.apache.org/maven2/org/apache/maven/plugins/maven-surefire-plugin/3.0.0-M7/maven-surefire-plugin-3.0.0-M7.pom
2026-05-18 14:11:54,570 [Worker-47: Building] INFO  o.e.m.c.i.e.AbstractTransferListenerAdapter - Downloaded https://repo.maven.apache.org/maven2/org/apache/maven/plugins/maven-surefire-plugin/3.0.0-M7/maven-surefire-plugin-3.0.0-M7.pom
2026-05-18 14:11:54,635 [Worker-47: Building] INFO  o.e.m.c.i.e.AbstractTransferListenerAdapter - Downloading https://repo.maven.apache.org/maven2/org/apache/maven/surefire/surefire/3.0.0-M7/surefire-3.0.0-M7.pom
2026-05-18 14:11:54,680 [Worker-47: Building] INFO  o.e.m.c.i.e.AbstractTransferListenerAdapter - Downloaded https://repo.maven.apache.org/maven2/org/apache/maven/surefire/surefire/3.0.0-M7/surefire-3.0.0-M7.pom
2026-05-18 14:11:55,219 [Worker-42: Download sources and javadoc] INFO  o.e.m.c.i.e.AbstractTransferListenerAdapter - Downloading https://repo.maven.apache.org/maven2/org/springframework/boot/spring-boot-starter-web/3.2.0/spring-boot-starter-web-3.2.0-sources.jar
2026-05-18 14:11:55,289 [Worker-42: Download sources and javadoc] INFO  o.e.m.c.i.e.AbstractTransferListenerAdapter - Downloaded https://repo.maven.apache.org/maven2/org/springframework/boot/spring-boot-starter-web/3.2.0/spring-boot-starter-web-3.2.0-sources.jar
2026-05-18 14:11:55,306 [Worker-42: Download sources and javadoc] INFO  o.e.m.j.internal.DownloadSourcesJob - Downloaded sources for org.springframework.boot:spring-boot-starter-web:3.2.0
2026-05-18 14:11:55,466 [Worker-42: Download sources and javadoc] INFO  o.e.m.c.i.e.AbstractTransferListenerAdapter - Downloading https://repo.maven.apache.org/maven2/org/springframework/boot/spring-boot-starter/3.2.0/spring-boot-starter-3.2.0-sources.jar
2026-05-18 14:11:55,523 [Worker-42: Download sources and javadoc] INFO  o.e.m.c.i.e.AbstractTransferListenerAdapter - Downloaded https://repo.maven.apache.org/maven2/org/springframework/boot/spring-boot-starter/3.2.0/spring-boot-starter-3.2.0-sources.jar
2026-05-18 14:11:55,528 [Worker-42: Download sources and javadoc] INFO  o.e.m.j.internal.DownloadSourcesJob - Downloaded sources for org.springframework.boot:spring-boot-starter:3.2.0
2026-05-18 14:11:55,672 [Worker-42: Download sources and javadoc] INFO  o.e.m.c.i.e.AbstractTransferListenerAdapter - Downloading https://repo.maven.apache.org/maven2/org/springframework/boot/spring-boot-starter-logging/3.2.0/spring-boot-starter-logging-3.2.0-sources.jar
2026-05-18 14:11:55,741 [Worker-42: Download sources and javadoc] INFO  o.e.m.c.i.e.AbstractTransferListenerAdapter - Downloaded https://repo.maven.apache.org/maven2/org/springframework/boot/spring-boot-starter-logging/3.2.0/spring-boot-starter-logging-3.2.0-sources.jar
2026-05-18 14:11:55,752 [Worker-42: Download sources and javadoc] INFO  o.e.m.j.internal.DownloadSourcesJob - Downloaded sources for org.springframework.boot:spring-boot-starter-logging:3.2.0
2026-05-18 14:11:55,935 [Worker-44: Updating Maven Project] INFO  o.e.m.c.i.p.ProjectConfigurationManager - Update started
2026-05-18 14:11:55,994 [Worker-42: Download sources and javadoc] INFO  o.e.m.c.i.e.AbstractTransferListenerAdapter - Downloading https://repo.maven.apache.org/maven2/ch/qos/logback/logback-classic/1.4.11/logback-classic-1.4.11-sources.jar
2026-05-18 14:11:56,167 [Worker-42: Download sources and javadoc] INFO  o.e.m.c.i.e.AbstractTransferListenerAdapter - Downloaded https://repo.maven.apache.org/maven2/ch/qos/logback/logback-classic/1.4.11/logback-classic-1.4.11-sources.jar
2026-05-18 14:11:56,177 [Worker-42: Download sources and javadoc] INFO  o.e.m.j.internal.DownloadSourcesJob - Downloaded sources for ch.qos.logback:logback-classic:1.4.11
2026-05-18 14:11:57,549 [Worker-42: Download sources and javadoc] WARN  o.e.m.c.i.embedder.EclipseLogger - The artifact mysql:mysql-connector-java:jar:8.0.33 has been relocated to com.mysql:mysql-connector-j:jar:8.0.33: MySQL Connector/J artifacts moved to reverse-DNS compliant Maven 2+ coordinates.
2026-05-18 14:11:57,728 [Worker-44: Updating Maven Project] INFO  o.e.m.c.i.l.LifecycleMappingFactory - Using org.eclipse.m2e.jdt.JarLifecycleMapping lifecycle mapping for MavenProject: com.example:marketplace:1.0.0 @ D:\Pranav All study Material\marktetplace\QuickMart\pom.xml.
2026-05-18 14:11:57,783 [Worker-42: Download sources and javadoc] INFO  o.e.m.c.i.e.AbstractTransferListenerAdapter - Downloading https://repo.maven.apache.org/maven2/ch/qos/logback/logback-core/1.4.11/logback-core-1.4.11-sources.jar
2026-05-18 14:11:57,947 [Worker-42: Download sources and javadoc] INFO  o.e.m.c.i.e.AbstractTransferListenerAdapter - Downloaded https://repo.maven.apache.org/maven2/ch/qos/logback/logback-core/1.4.11/logback-core-1.4.11-sources.jar
2026-05-18 14:11:57,954 [Worker-42: Download sources and javadoc] INFO  o.e.m.j.internal.DownloadSourcesJob - Downloaded sources for ch.qos.logback:logback-core:1.4.11
2026-05-18 14:11:58,108 [Worker-42: Download sources and javadoc] INFO  o.e.m.c.i.e.AbstractTransferListenerAdapter - Downloading https://repo.maven.apache.org/maven2/org/slf4j/jul-to-slf4j/2.0.9/jul-to-slf4j-2.0.9-sources.jar
2026-05-18 14:11:58,236 [Worker-42: Download sources and javadoc] INFO  o.e.m.c.i.e.AbstractTransferListenerAdapter - Downloaded https://repo.maven.apache.org/maven2/org/slf4j/jul-to-slf4j/2.0.9/jul-to-slf4j-2.0.9-sources.jar
2026-05-18 14:11:58,243 [Worker-42: Download sources and javadoc] INFO  o.e.m.j.internal.DownloadSourcesJob - Downloaded sources for org.slf4j:jul-to-slf4j:2.0.9
2026-05-18 14:11:58,298 [Worker-44: Updating Maven Project] WARN  o.e.m.c.i.embedder.EclipseLogger - The artifact mysql:mysql-connector-java:jar:8.0.33 has been relocated to com.mysql:mysql-connector-j:jar:8.0.33: MySQL Connector/J artifacts moved to reverse-DNS compliant Maven 2+ coordinates.
2026-05-18 14:11:58,410 [Worker-42: Download sources and javadoc] INFO  o.e.m.c.i.e.AbstractTransferListenerAdapter - Downloading https://repo.maven.apache.org/maven2/org/springframework/boot/spring-boot-starter-json/3.2.0/spring-boot-starter-json-3.2.0-sources.jar
2026-05-18 14:11:58,478 [Worker-42: Download sources and javadoc] INFO  o.e.m.c.i.e.AbstractTransferListenerAdapter - Downloaded https://repo.maven.apache.org/maven2/org/springframework/boot/spring-boot-starter-json/3.2.0/spring-boot-starter-json-3.2.0-sources.jar
2026-05-18 14:11:58,486 [Worker-42: Download sources and javadoc] INFO  o.e.m.j.internal.DownloadSourcesJob - Downloaded sources for org.springframework.boot:spring-boot-starter-json:3.2.0
2026-05-18 14:11:58,686 [Worker-42: Download sources and javadoc] INFO  o.e.m.c.i.e.AbstractTransferListenerAdapter - Downloading https://repo.maven.apache.org/maven2/com/fasterxml/jackson/core/jackson-databind/2.15.3/jackson-databind-2.15.3-sources.jar
2026-05-18 14:11:58,797 [Worker-44: Updating Maven Project] INFO  o.e.m.j.i.AbstractJavaProjectConfigurator - Adding source folder /QuickMart/src/main/java
2026-05-18 14:11:58,798 [Worker-44: Updating Maven Project] INFO  o.e.m.j.i.AbstractJavaProjectConfigurator - Adding resource folder /QuickMart/src/main/resources
2026-05-18 14:11:58,798 [Worker-44: Updating Maven Project] INFO  o.e.m.j.i.AbstractJavaProjectConfigurator - Adding resource folder /QuickMart/src/main/resources
2026-05-18 14:11:58,798 [Worker-44: Updating Maven Project] INFO  o.e.m.j.i.AbstractJavaProjectConfigurator - Adding source folder /QuickMart/src/test/java
2026-05-18 14:11:58,800 [Worker-44: Updating Maven Project] INFO  o.e.m.j.i.AbstractJavaProjectConfigurator - Adding resource folder /QuickMart/src/test/resources
2026-05-18 14:11:59,004 [Worker-42: Download sources and javadoc] INFO  o.e.m.c.i.e.AbstractTransferListenerAdapter - Downloaded https://repo.maven.apache.org/maven2/com/fasterxml/jackson/core/jackson-databind/2.15.3/jackson-databind-2.15.3-sources.jar
2026-05-18 14:11:59,027 [Worker-42: Download sources and javadoc] INFO  o.e.m.j.internal.DownloadSourcesJob - Downloaded sources for com.fasterxml.jackson.core:jackson-databind:2.15.3
2026-05-18 14:11:59,206 [Worker-42: Download sources and javadoc] INFO  o.e.m.c.i.e.AbstractTransferListenerAdapter - Downloading https://repo.maven.apache.org/maven2/com/fasterxml/jackson/core/jackson-annotations/2.15.3/jackson-annotations-2.15.3-sources.jar
2026-05-18 14:11:59,231 [Worker-44: Updating Maven Project] INFO  o.e.m.c.i.p.ProjectConfigurationManager - Update completed for 1 poms: local refresh takes 0.00 sec, refresh facades takes 2.00 sec, update config takes 0.00 sec 
2026-05-18 14:11:59,379 [Worker-42: Download sources and javadoc] INFO  o.e.m.c.i.e.AbstractTransferListenerAdapter - Downloaded https://repo.maven.apache.org/maven2/com/fasterxml/jackson/core/jackson-annotations/2.15.3/jackson-annotations-2.15.3-sources.jar
2026-05-18 14:11:59,388 [Worker-42: Download sources and javadoc] INFO  o.e.m.j.internal.DownloadSourcesJob - Downloaded sources for com.fasterxml.jackson.core:jackson-annotations:2.15.3
2026-05-18 14:11:59,546 [Worker-42: Download sources and javadoc] INFO  o.e.m.c.i.e.AbstractTransferListenerAdapter - Downloading https://repo.maven.apache.org/maven2/com/fasterxml/jackson/core/jackson-core/2.15.3/jackson-core-2.15.3-sources.jar
2026-05-18 14:11:59,738 [Worker-42: Download sources and javadoc] INFO  o.e.m.c.i.e.AbstractTransferListenerAdapter - Downloaded https://repo.maven.apache.org/maven2/com/fasterxml/jackson/core/jackson-core/2.15.3/jackson-core-2.15.3-sources.jar
2026-05-18 14:11:59,747 [Worker-42: Download sources and javadoc] INFO  o.e.m.j.internal.DownloadSourcesJob - Downloaded sources for com.fasterxml.jackson.core:jackson-core:2.15.3
2026-05-18 14:11:59,931 [Worker-42: Download sources and javadoc] INFO  o.e.m.c.i.e.AbstractTransferListenerAdapter - Downloading https://repo.maven.apache.org/maven2/com/fasterxml/jackson/datatype/jackson-datatype-jdk8/2.15.3/jackson-datatype-jdk8-2.15.3-sources.jar
2026-05-18 14:12:00,121 [Worker-44: Building] INFO  o.a.m.s.f.DefaultMavenResourcesFiltering - Copying 1 resource from src\main\resources to target\classes
2026-05-18 14:12:00,159 [Worker-44: Building] INFO  o.a.m.s.f.DefaultMavenResourcesFiltering - Copying 0 resource from src\main\resources to target\classes
2026-05-18 14:12:00,166 [Worker-44: Building] INFO  o.a.m.s.f.DefaultMavenResourcesFiltering - skip non existing resourceDirectory D:\Pranav All study Material\marktetplace\QuickMart\src\test\resources
2026-05-18 14:12:00,679 [Worker-42: Download sources and javadoc] INFO  o.e.m.c.i.e.AbstractTransferListenerAdapter - Downloaded https://repo.maven.apache.org/maven2/com/fasterxml/jackson/datatype/jackson-datatype-jdk8/2.15.3/jackson-datatype-jdk8-2.15.3-sources.jar
2026-05-18 14:12:00,685 [Worker-42: Download sources and javadoc] INFO  o.e.m.j.internal.DownloadSourcesJob - Downloaded sources for com.fasterxml.jackson.datatype:jackson-datatype-jdk8:2.15.3
2026-05-18 14:12:00,823 [Worker-42: Download sources and javadoc] INFO  o.e.m.c.i.e.AbstractTransferListenerAdapter - Downloading https://repo.maven.apache.org/maven2/com/fasterxml/jackson/datatype/jackson-datatype-jsr310/2.15.3/jackson-datatype-jsr310-2.15.3-sources.jar
2026-05-18 14:12:00,911 [Worker-42: Download sources and javadoc] INFO  o.e.m.c.i.e.AbstractTransferListenerAdapter - Downloaded https://repo.maven.apache.org/maven2/com/fasterxml/jackson/datatype/jackson-datatype-jsr310/2.15.3/jackson-datatype-jsr310-2.15.3-sources.jar
2026-05-18 14:12:00,917 [Worker-42: Download sources and javadoc] INFO  o.e.m.j.internal.DownloadSourcesJob - Downloaded sources for com.fasterxml.jackson.datatype:jackson-datatype-jsr310:2.15.3
2026-05-18 14:12:01,106 [Worker-42: Download sources and javadoc] INFO  o.e.m.c.i.e.AbstractTransferListenerAdapter - Downloading https://repo.maven.apache.org/maven2/com/fasterxml/jackson/module/jackson-module-parameter-names/2.15.3/jackson-module-parameter-names-2.15.3-sources.jar
2026-05-18 14:12:01,245 [Worker-42: Download sources and javadoc] INFO  o.e.m.c.i.e.AbstractTransferListenerAdapter - Downloaded https://repo.maven.apache.org/maven2/com/fasterxml/jackson/module/jackson-module-parameter-names/2.15.3/jackson-module-parameter-names-2.15.3-sources.jar
2026-05-18 14:12:01,252 [Worker-42: Download sources and javadoc] INFO  o.e.m.j.internal.DownloadSourcesJob - Downloaded sources for com.fasterxml.jackson.module:jackson-module-parameter-names:2.15.3
2026-05-18 14:12:01,458 [Worker-42: Download sources and javadoc] INFO  o.e.m.c.i.e.AbstractTransferListenerAdapter - Downloading https://repo.maven.apache.org/maven2/org/springframework/boot/spring-boot-starter-tomcat/3.2.0/spring-boot-starter-tomcat-3.2.0-sources.jar
2026-05-18 14:12:01,513 [Worker-42: Download sources and javadoc] INFO  o.e.m.c.i.e.AbstractTransferListenerAdapter - Downloaded https://repo.maven.apache.org/maven2/org/springframework/boot/spring-boot-starter-tomcat/3.2.0/spring-boot-starter-tomcat-3.2.0-sources.jar
2026-05-18 14:12:01,519 [Worker-42: Download sources and javadoc] INFO  o.e.m.j.internal.DownloadSourcesJob - Downloaded sources for org.springframework.boot:spring-boot-starter-tomcat:3.2.0
2026-05-18 14:12:01,694 [Worker-42: Download sources and javadoc] INFO  o.e.m.c.i.e.AbstractTransferListenerAdapter - Downloading https://repo.maven.apache.org/maven2/org/apache/tomcat/embed/tomcat-embed-core/10.1.16/tomcat-embed-core-10.1.16-sources.jar
2026-05-18 14:12:02,106 [Worker-42: Download sources and javadoc] INFO  o.e.m.c.i.e.AbstractTransferListenerAdapter - Downloaded https://repo.maven.apache.org/maven2/org/apache/tomcat/embed/tomcat-embed-core/10.1.16/tomcat-embed-core-10.1.16-sources.jar
2026-05-18 14:12:02,112 [Worker-42: Download sources and javadoc] INFO  o.e.m.j.internal.DownloadSourcesJob - Downloaded sources for org.apache.tomcat.embed:tomcat-embed-core:10.1.16
2026-05-18 14:12:02,294 [Worker-42: Download sources and javadoc] INFO  o.e.m.c.i.e.AbstractTransferListenerAdapter - Downloading https://repo.maven.apache.org/maven2/org/apache/tomcat/embed/tomcat-embed-websocket/10.1.16/tomcat-embed-websocket-10.1.16-sources.jar
2026-05-18 14:12:02,472 [Worker-42: Download sources and javadoc] INFO  o.e.m.c.i.e.AbstractTransferListenerAdapter - Downloaded https://repo.maven.apache.org/maven2/org/apache/tomcat/embed/tomcat-embed-websocket/10.1.16/tomcat-embed-websocket-10.1.16-sources.jar
2026-05-18 14:12:02,479 [Worker-42: Download sources and javadoc] INFO  o.e.m.j.internal.DownloadSourcesJob - Downloaded sources for org.apache.tomcat.embed:tomcat-embed-websocket:10.1.16
2026-05-18 14:12:02,635 [Worker-42: Download sources and javadoc] INFO  o.e.m.c.i.e.AbstractTransferListenerAdapter - Downloading https://repo.maven.apache.org/maven2/org/springframework/spring-web/6.1.1/spring-web-6.1.1-sources.jar
2026-05-18 14:12:02,952 [Worker-42: Download sources and javadoc] INFO  o.e.m.c.i.e.AbstractTransferListenerAdapter - Downloaded https://repo.maven.apache.org/maven2/org/springframework/spring-web/6.1.1/spring-web-6.1.1-sources.jar
2026-05-18 14:12:02,959 [Worker-42: Download sources and javadoc] INFO  o.e.m.j.internal.DownloadSourcesJob - Downloaded sources for org.springframework:spring-web:6.1.1
2026-05-18 14:12:03,101 [Worker-42: Download sources and javadoc] INFO  o.e.m.c.i.e.AbstractTransferListenerAdapter - Downloading https://repo.maven.apache.org/maven2/org/springframework/spring-beans/6.1.1/spring-beans-6.1.1-sources.jar
2026-05-18 14:12:03,356 [Worker-42: Download sources and javadoc] INFO  o.e.m.c.i.e.AbstractTransferListenerAdapter - Downloaded https://repo.maven.apache.org/maven2/org/springframework/spring-beans/6.1.1/spring-beans-6.1.1-sources.jar
2026-05-18 14:12:03,362 [Worker-42: Download sources and javadoc] INFO  o.e.m.j.internal.DownloadSourcesJob - Downloaded sources for org.springframework:spring-beans:6.1.1
2026-05-18 14:12:03,560 [Worker-42: Download sources and javadoc] INFO  o.e.m.c.i.e.AbstractTransferListenerAdapter - Downloading https://repo.maven.apache.org/maven2/io/micrometer/micrometer-observation/1.12.0/micrometer-observation-1.12.0-sources.jar
2026-05-18 14:12:03,608 [Worker-42: Download sources and javadoc] INFO  o.e.m.c.i.e.AbstractTransferListenerAdapter - Downloaded https://repo.maven.apache.org/maven2/io/micrometer/micrometer-observation/1.12.0/micrometer-observation-1.12.0-sources.jar
2026-05-18 14:12:03,614 [Worker-42: Download sources and javadoc] INFO  o.e.m.j.internal.DownloadSourcesJob - Downloaded sources for io.micrometer:micrometer-observation:1.12.0
2026-05-18 14:12:03,873 [Worker-42: Download sources and javadoc] INFO  o.e.m.c.i.e.AbstractTransferListenerAdapter - Downloading https://repo.maven.apache.org/maven2/io/micrometer/micrometer-commons/1.12.0/micrometer-commons-1.12.0-sources.jar
2026-05-18 14:12:04,774 [Worker-42: Download sources and javadoc] INFO  o.e.m.c.i.e.AbstractTransferListenerAdapter - Downloaded https://repo.maven.apache.org/maven2/io/micrometer/micrometer-commons/1.12.0/micrometer-commons-1.12.0-sources.jar
2026-05-18 14:12:04,780 [Worker-42: Download sources and javadoc] INFO  o.e.m.j.internal.DownloadSourcesJob - Downloaded sources for io.micrometer:micrometer-commons:1.12.0
2026-05-18 14:12:04,934 [Worker-42: Download sources and javadoc] INFO  o.e.m.c.i.e.AbstractTransferListenerAdapter - Downloading https://repo.maven.apache.org/maven2/org/springframework/spring-webmvc/6.1.1/spring-webmvc-6.1.1-sources.jar
2026-05-18 14:12:05,155 [Worker-42: Download sources and javadoc] INFO  o.e.m.c.i.e.AbstractTransferListenerAdapter - Downloaded https://repo.maven.apache.org/maven2/org/springframework/spring-webmvc/6.1.1/spring-webmvc-6.1.1-sources.jar
2026-05-18 14:12:05,163 [Worker-42: Download sources and javadoc] INFO  o.e.m.j.internal.DownloadSourcesJob - Downloaded sources for org.springframework:spring-webmvc:6.1.1
2026-05-18 14:12:05,308 [Worker-42: Download sources and javadoc] INFO  o.e.m.c.i.e.AbstractTransferListenerAdapter - Downloading https://repo.maven.apache.org/maven2/org/springframework/spring-aop/6.1.1/spring-aop-6.1.1-sources.jar
2026-05-18 14:12:05,504 [Worker-42: Download sources and javadoc] INFO  o.e.m.c.i.e.AbstractTransferListenerAdapter - Downloaded https://repo.maven.apache.org/maven2/org/springframework/spring-aop/6.1.1/spring-aop-6.1.1-sources.jar
2026-05-18 14:12:05,510 [Worker-42: Download sources and javadoc] INFO  o.e.m.j.internal.DownloadSourcesJob - Downloaded sources for org.springframework:spring-aop:6.1.1
2026-05-18 14:12:05,652 [Worker-42: Download sources and javadoc] INFO  o.e.m.c.i.e.AbstractTransferListenerAdapter - Downloading https://repo.maven.apache.org/maven2/org/springframework/spring-context/6.1.1/spring-context-6.1.1-sources.jar
2026-05-18 14:12:05,894 [Worker-42: Download sources and javadoc] INFO  o.e.m.c.i.e.AbstractTransferListenerAdapter - Downloaded https://repo.maven.apache.org/maven2/org/springframework/spring-context/6.1.1/spring-context-6.1.1-sources.jar
2026-05-18 14:12:05,901 [Worker-42: Download sources and javadoc] INFO  o.e.m.j.internal.DownloadSourcesJob - Downloaded sources for org.springframework:spring-context:6.1.1
2026-05-18 14:12:06,067 [Worker-42: Download sources and javadoc] INFO  o.e.m.c.i.e.AbstractTransferListenerAdapter - Downloading https://repo.maven.apache.org/maven2/org/springframework/spring-expression/6.1.1/spring-expression-6.1.1-sources.jar
2026-05-18 14:12:06,194 [Worker-42: Download sources and javadoc] INFO  o.e.m.c.i.e.AbstractTransferListenerAdapter - Downloaded https://repo.maven.apache.org/maven2/org/springframework/spring-expression/6.1.1/spring-expression-6.1.1-sources.jar
2026-05-18 14:12:06,200 [Worker-42: Download sources and javadoc] INFO  o.e.m.j.internal.DownloadSourcesJob - Downloaded sources for org.springframework:spring-expression:6.1.1
2026-05-18 14:12:06,383 [Worker-42: Download sources and javadoc] INFO  o.e.m.c.i.e.AbstractTransferListenerAdapter - Downloading https://repo.maven.apache.org/maven2/org/springframework/boot/spring-boot-starter-data-jpa/3.2.0/spring-boot-starter-data-jpa-3.2.0-sources.jar
2026-05-18 14:12:06,441 [Worker-42: Download sources and javadoc] INFO  o.e.m.c.i.e.AbstractTransferListenerAdapter - Downloaded https://repo.maven.apache.org/maven2/org/springframework/boot/spring-boot-starter-data-jpa/3.2.0/spring-boot-starter-data-jpa-3.2.0-sources.jar
2026-05-18 14:12:06,447 [Worker-42: Download sources and javadoc] INFO  o.e.m.j.internal.DownloadSourcesJob - Downloaded sources for org.springframework.boot:spring-boot-starter-data-jpa:3.2.0
2026-05-18 14:12:06,596 [Worker-42: Download sources and javadoc] INFO  o.e.m.c.i.e.AbstractTransferListenerAdapter - Downloading https://repo.maven.apache.org/maven2/org/springframework/boot/spring-boot-starter-aop/3.2.0/spring-boot-starter-aop-3.2.0-sources.jar
2026-05-18 14:12:06,668 [Worker-42: Download sources and javadoc] INFO  o.e.m.c.i.e.AbstractTransferListenerAdapter - Downloaded https://repo.maven.apache.org/maven2/org/springframework/boot/spring-boot-starter-aop/3.2.0/spring-boot-starter-aop-3.2.0-sources.jar
2026-05-18 14:12:06,674 [Worker-42: Download sources and javadoc] INFO  o.e.m.j.internal.DownloadSourcesJob - Downloaded sources for org.springframework.boot:spring-boot-starter-aop:3.2.0
2026-05-18 14:12:06,822 [Worker-42: Download sources and javadoc] INFO  o.e.m.c.i.e.AbstractTransferListenerAdapter - Downloading https://repo.maven.apache.org/maven2/org/aspectj/aspectjweaver/1.9.20.1/aspectjweaver-1.9.20.1-sources.jar
2026-05-18 14:12:07,139 [Worker-42: Download sources and javadoc] INFO  o.e.m.c.i.e.AbstractTransferListenerAdapter - Downloaded https://repo.maven.apache.org/maven2/org/aspectj/aspectjweaver/1.9.20.1/aspectjweaver-1.9.20.1-sources.jar
2026-05-18 14:12:07,144 [Worker-42: Download sources and javadoc] INFO  o.e.m.j.internal.DownloadSourcesJob - Downloaded sources for org.aspectj:aspectjweaver:1.9.20.1
2026-05-18 14:12:07,335 [Worker-42: Download sources and javadoc] INFO  o.e.m.c.i.e.AbstractTransferListenerAdapter - Downloading https://repo.maven.apache.org/maven2/org/springframework/boot/spring-boot-starter-jdbc/3.2.0/spring-boot-starter-jdbc-3.2.0-sources.jar
2026-05-18 14:12:07,396 [Worker-42: Download sources and javadoc] INFO  o.e.m.c.i.e.AbstractTransferListenerAdapter - Downloaded https://repo.maven.apache.org/maven2/org/springframework/boot/spring-boot-starter-jdbc/3.2.0/spring-boot-starter-jdbc-3.2.0-sources.jar
2026-05-18 14:12:07,400 [Worker-42: Download sources and javadoc] INFO  o.e.m.j.internal.DownloadSourcesJob - Downloaded sources for org.springframework.boot:spring-boot-starter-jdbc:3.2.0
2026-05-18 14:12:07,545 [Worker-42: Download sources and javadoc] INFO  o.e.m.c.i.e.AbstractTransferListenerAdapter - Downloading https://repo.maven.apache.org/maven2/org/springframework/spring-jdbc/6.1.1/spring-jdbc-6.1.1-sources.jar
2026-05-18 14:12:07,731 [Worker-42: Download sources and javadoc] INFO  o.e.m.c.i.e.AbstractTransferListenerAdapter - Downloaded https://repo.maven.apache.org/maven2/org/springframework/spring-jdbc/6.1.1/spring-jdbc-6.1.1-sources.jar
2026-05-18 14:12:07,737 [Worker-42: Download sources and javadoc] INFO  o.e.m.j.internal.DownloadSourcesJob - Downloaded sources for org.springframework:spring-jdbc:6.1.1
2026-05-18 14:12:07,881 [Worker-42: Download sources and javadoc] INFO  o.e.m.c.i.e.AbstractTransferListenerAdapter - Downloading https://repo.maven.apache.org/maven2/org/hibernate/orm/hibernate-core/6.3.1.Final/hibernate-core-6.3.1.Final-sources.jar
2026-05-18 14:12:08,987 [Worker-42: Download sources and javadoc] INFO  o.e.m.c.i.e.AbstractTransferListenerAdapter - Downloaded https://repo.maven.apache.org/maven2/org/hibernate/orm/hibernate-core/6.3.1.Final/hibernate-core-6.3.1.Final-sources.jar
2026-05-18 14:12:08,993 [Worker-42: Download sources and javadoc] INFO  o.e.m.j.internal.DownloadSourcesJob - Downloaded sources for org.hibernate.orm:hibernate-core:6.3.1.Final
2026-05-18 14:12:09,176 [Worker-42: Download sources and javadoc] INFO  o.e.m.c.i.e.AbstractTransferListenerAdapter - Downloading https://repo.maven.apache.org/maven2/net/bytebuddy/byte-buddy/1.14.10/byte-buddy-1.14.10-sources.jar
2026-05-18 14:12:09,545 [Worker-42: Download sources and javadoc] INFO  o.e.m.c.i.e.AbstractTransferListenerAdapter - Downloaded https://repo.maven.apache.org/maven2/net/bytebuddy/byte-buddy/1.14.10/byte-buddy-1.14.10-sources.jar
2026-05-18 14:12:09,550 [Worker-42: Download sources and javadoc] INFO  o.e.m.j.internal.DownloadSourcesJob - Downloaded sources for net.bytebuddy:byte-buddy:1.14.10
2026-05-18 14:12:09,761 [Worker-42: Download sources and javadoc] INFO  o.e.m.c.i.e.AbstractTransferListenerAdapter - Downloading https://repo.maven.apache.org/maven2/org/glassfish/jaxb/jaxb-runtime/4.0.4/jaxb-runtime-4.0.4-sources.jar
2026-05-18 14:12:10,069 [Worker-42: Download sources and javadoc] INFO  o.e.m.c.i.e.AbstractTransferListenerAdapter - Downloaded https://repo.maven.apache.org/maven2/org/glassfish/jaxb/jaxb-runtime/4.0.4/jaxb-runtime-4.0.4-sources.jar
2026-05-18 14:12:10,075 [Worker-42: Download sources and javadoc] INFO  o.e.m.j.internal.DownloadSourcesJob - Downloaded sources for org.glassfish.jaxb:jaxb-runtime:4.0.4
2026-05-18 14:12:10,260 [Worker-42: Download sources and javadoc] INFO  o.e.m.c.i.e.AbstractTransferListenerAdapter - Downloading https://repo.maven.apache.org/maven2/org/glassfish/jaxb/jaxb-core/4.0.4/jaxb-core-4.0.4-sources.jar
2026-05-18 14:12:10,384 [Worker-42: Download sources and javadoc] INFO  o.e.m.c.i.e.AbstractTransferListenerAdapter - Downloaded https://repo.maven.apache.org/maven2/org/glassfish/jaxb/jaxb-core/4.0.4/jaxb-core-4.0.4-sources.jar
2026-05-18 14:12:10,388 [Worker-42: Download sources and javadoc] INFO  o.e.m.j.internal.DownloadSourcesJob - Downloaded sources for org.glassfish.jaxb:jaxb-core:4.0.4
2026-05-18 14:12:10,529 [Worker-42: Download sources and javadoc] INFO  o.e.m.c.i.e.AbstractTransferListenerAdapter - Downloading https://repo.maven.apache.org/maven2/org/eclipse/angus/angus-activation/2.0.1/angus-activation-2.0.1-sources.jar
2026-05-18 14:12:11,065 [Worker-42: Download sources and javadoc] INFO  o.e.m.c.i.e.AbstractTransferListenerAdapter - Downloaded https://repo.maven.apache.org/maven2/org/eclipse/angus/angus-activation/2.0.1/angus-activation-2.0.1-sources.jar
2026-05-18 14:12:11,071 [Worker-42: Download sources and javadoc] INFO  o.e.m.j.internal.DownloadSourcesJob - Downloaded sources for org.eclipse.angus:angus-activation:2.0.1
2026-05-18 14:12:11,215 [Worker-42: Download sources and javadoc] INFO  o.e.m.c.i.e.AbstractTransferListenerAdapter - Downloading https://repo.maven.apache.org/maven2/org/glassfish/jaxb/txw2/4.0.4/txw2-4.0.4-sources.jar
2026-05-18 14:12:11,372 [Worker-42: Download sources and javadoc] INFO  o.e.m.c.i.e.AbstractTransferListenerAdapter - Downloaded https://repo.maven.apache.org/maven2/org/glassfish/jaxb/txw2/4.0.4/txw2-4.0.4-sources.jar
2026-05-18 14:12:11,378 [Worker-42: Download sources and javadoc] INFO  o.e.m.j.internal.DownloadSourcesJob - Downloaded sources for org.glassfish.jaxb:txw2:4.0.4
2026-05-18 14:12:11,552 [Worker-42: Download sources and javadoc] INFO  o.e.m.c.i.e.AbstractTransferListenerAdapter - Downloading https://repo.maven.apache.org/maven2/org/antlr/antlr4-runtime/4.10.1/antlr4-runtime-4.10.1-sources.jar
2026-05-18 14:12:11,750 [Worker-42: Download sources and javadoc] INFO  o.e.m.c.i.e.AbstractTransferListenerAdapter - Downloaded https://repo.maven.apache.org/maven2/org/antlr/antlr4-runtime/4.10.1/antlr4-runtime-4.10.1-sources.jar
2026-05-18 14:12:11,757 [Worker-42: Download sources and javadoc] INFO  o.e.m.j.internal.DownloadSourcesJob - Downloaded sources for org.antlr:antlr4-runtime:4.10.1
2026-05-18 14:12:11,944 [Worker-42: Download sources and javadoc] INFO  o.e.m.c.i.e.AbstractTransferListenerAdapter - Downloading https://repo.maven.apache.org/maven2/org/springframework/data/spring-data-jpa/3.2.0/spring-data-jpa-3.2.0-sources.jar
2026-05-18 14:12:12,228 [Worker-42: Download sources and javadoc] INFO  o.e.m.c.i.e.AbstractTransferListenerAdapter - Downloaded https://repo.maven.apache.org/maven2/org/springframework/data/spring-data-jpa/3.2.0/spring-data-jpa-3.2.0-sources.jar
2026-05-18 14:12:12,235 [Worker-42: Download sources and javadoc] INFO  o.e.m.j.internal.DownloadSourcesJob - Downloaded sources for org.springframework.data:spring-data-jpa:3.2.0
2026-05-18 14:12:12,369 [Worker-42: Download sources and javadoc] INFO  o.e.m.c.i.e.AbstractTransferListenerAdapter - Downloading https://repo.maven.apache.org/maven2/org/springframework/data/spring-data-commons/3.2.0/spring-data-commons-3.2.0-sources.jar
2026-05-18 14:12:12,629 [Worker-42: Download sources and javadoc] INFO  o.e.m.c.i.e.AbstractTransferListenerAdapter - Downloaded https://repo.maven.apache.org/maven2/org/springframework/data/spring-data-commons/3.2.0/spring-data-commons-3.2.0-sources.jar
2026-05-18 14:12:12,637 [Worker-42: Download sources and javadoc] INFO  o.e.m.j.internal.DownloadSourcesJob - Downloaded sources for org.springframework.data:spring-data-commons:3.2.0
2026-05-18 14:12:12,777 [Worker-42: Download sources and javadoc] INFO  o.e.m.c.i.e.AbstractTransferListenerAdapter - Downloading https://repo.maven.apache.org/maven2/org/springframework/spring-orm/6.1.1/spring-orm-6.1.1-sources.jar
2026-05-18 14:12:12,912 [Worker-42: Download sources and javadoc] INFO  o.e.m.c.i.e.AbstractTransferListenerAdapter - Downloaded https://repo.maven.apache.org/maven2/org/springframework/spring-orm/6.1.1/spring-orm-6.1.1-sources.jar
2026-05-18 14:12:12,919 [Worker-42: Download sources and javadoc] INFO  o.e.m.j.internal.DownloadSourcesJob - Downloaded sources for org.springframework:spring-orm:6.1.1
2026-05-18 14:12:13,111 [Worker-42: Download sources and javadoc] INFO  o.e.m.c.i.e.AbstractTransferListenerAdapter - Downloading https://repo.maven.apache.org/maven2/org/springframework/spring-tx/6.1.1/spring-tx-6.1.1-sources.jar
2026-05-18 14:12:13,309 [Worker-42: Download sources and javadoc] INFO  o.e.m.c.i.e.AbstractTransferListenerAdapter - Downloaded https://repo.maven.apache.org/maven2/org/springframework/spring-tx/6.1.1/spring-tx-6.1.1-sources.jar
2026-05-18 14:12:13,313 [Worker-42: Download sources and javadoc] INFO  o.e.m.j.internal.DownloadSourcesJob - Downloaded sources for org.springframework:spring-tx:6.1.1
2026-05-18 14:12:13,449 [Worker-42: Download sources and javadoc] INFO  o.e.m.c.i.e.AbstractTransferListenerAdapter - Downloading https://repo.maven.apache.org/maven2/org/slf4j/slf4j-api/2.0.9/slf4j-api-2.0.9-sources.jar
2026-05-18 14:12:13,535 [Worker-42: Download sources and javadoc] INFO  o.e.m.c.i.e.AbstractTransferListenerAdapter - Downloaded https://repo.maven.apache.org/maven2/org/slf4j/slf4j-api/2.0.9/slf4j-api-2.0.9-sources.jar
2026-05-18 14:12:13,541 [Worker-42: Download sources and javadoc] INFO  o.e.m.j.internal.DownloadSourcesJob - Downloaded sources for org.slf4j:slf4j-api:2.0.9
2026-05-18 14:12:13,728 [Worker-42: Download sources and javadoc] INFO  o.e.m.c.i.e.AbstractTransferListenerAdapter - Downloading https://repo.maven.apache.org/maven2/org/springframework/spring-aspects/6.1.1/spring-aspects-6.1.1-sources.jar
2026-05-18 14:12:14,256 [Worker-42: Download sources and javadoc] INFO  o.e.m.c.i.e.AbstractTransferListenerAdapter - Downloaded https://repo.maven.apache.org/maven2/org/springframework/spring-aspects/6.1.1/spring-aspects-6.1.1-sources.jar
2026-05-18 14:12:14,261 [Worker-42: Download sources and javadoc] INFO  o.e.m.j.internal.DownloadSourcesJob - Downloaded sources for org.springframework:spring-aspects:6.1.1
2026-05-18 14:12:14,417 [Worker-42: Download sources and javadoc] INFO  o.e.m.c.i.e.AbstractTransferListenerAdapter - Downloading https://repo.maven.apache.org/maven2/org/springframework/boot/spring-boot-starter-validation/3.2.0/spring-boot-starter-validation-3.2.0-sources.jar
2026-05-18 14:12:14,468 [Worker-42: Download sources and javadoc] INFO  o.e.m.c.i.e.AbstractTransferListenerAdapter - Downloaded https://repo.maven.apache.org/maven2/org/springframework/boot/spring-boot-starter-validation/3.2.0/spring-boot-starter-validation-3.2.0-sources.jar
2026-05-18 14:12:14,473 [Worker-42: Download sources and javadoc] INFO  o.e.m.j.internal.DownloadSourcesJob - Downloaded sources for org.springframework.boot:spring-boot-starter-validation:3.2.0
2026-05-18 14:12:14,599 [Worker-42: Download sources and javadoc] INFO  o.e.m.c.i.e.AbstractTransferListenerAdapter - Downloading https://repo.maven.apache.org/maven2/org/apache/tomcat/embed/tomcat-embed-el/10.1.16/tomcat-embed-el-10.1.16-sources.jar
2026-05-18 14:12:14,743 [Worker-42: Download sources and javadoc] INFO  o.e.m.c.i.e.AbstractTransferListenerAdapter - Downloaded https://repo.maven.apache.org/maven2/org/apache/tomcat/embed/tomcat-embed-el/10.1.16/tomcat-embed-el-10.1.16-sources.jar
2026-05-18 14:12:14,751 [Worker-42: Download sources and javadoc] INFO  o.e.m.j.internal.DownloadSourcesJob - Downloaded sources for org.apache.tomcat.embed:tomcat-embed-el:10.1.16
2026-05-18 14:12:14,937 [Worker-42: Download sources and javadoc] INFO  o.e.m.c.i.e.AbstractTransferListenerAdapter - Downloading https://repo.maven.apache.org/maven2/org/springframework/boot/spring-boot-devtools/3.2.0/spring-boot-devtools-3.2.0-sources.jar
2026-05-18 14:12:15,103 [Worker-42: Download sources and javadoc] INFO  o.e.m.c.i.e.AbstractTransferListenerAdapter - Downloaded https://repo.maven.apache.org/maven2/org/springframework/boot/spring-boot-devtools/3.2.0/spring-boot-devtools-3.2.0-sources.jar
2026-05-18 14:12:15,111 [Worker-42: Download sources and javadoc] INFO  o.e.m.j.internal.DownloadSourcesJob - Downloaded sources for org.springframework.boot:spring-boot-devtools:3.2.0
2026-05-18 14:12:15,249 [Worker-42: Download sources and javadoc] INFO  o.e.m.c.i.e.AbstractTransferListenerAdapter - Downloading https://repo.maven.apache.org/maven2/org/springframework/boot/spring-boot/3.2.0/spring-boot-3.2.0-sources.jar
2026-05-18 14:12:15,492 [Worker-42: Download sources and javadoc] INFO  o.e.m.c.i.e.AbstractTransferListenerAdapter - Downloaded https://repo.maven.apache.org/maven2/org/springframework/boot/spring-boot/3.2.0/spring-boot-3.2.0-sources.jar
2026-05-18 14:12:15,501 [Worker-42: Download sources and javadoc] INFO  o.e.m.j.internal.DownloadSourcesJob - Downloaded sources for org.springframework.boot:spring-boot:3.2.0
2026-05-18 14:12:15,732 [Worker-42: Download sources and javadoc] INFO  o.e.m.c.i.e.AbstractTransferListenerAdapter - Downloading https://repo.maven.apache.org/maven2/org/springframework/boot/spring-boot-autoconfigure/3.2.0/spring-boot-autoconfigure-3.2.0-sources.jar
2026-05-18 14:12:16,163 [Worker-42: Download sources and javadoc] INFO  o.e.m.c.i.e.AbstractTransferListenerAdapter - Downloaded https://repo.maven.apache.org/maven2/org/springframework/boot/spring-boot-autoconfigure/3.2.0/spring-boot-autoconfigure-3.2.0-sources.jar
2026-05-18 14:12:16,169 [Worker-42: Download sources and javadoc] INFO  o.e.m.j.internal.DownloadSourcesJob - Downloaded sources for org.springframework.boot:spring-boot-autoconfigure:3.2.0
2026-05-18 14:12:16,298 [Worker-42: Download sources and javadoc] INFO  o.e.m.c.i.e.AbstractTransferListenerAdapter - Downloading https://repo.maven.apache.org/maven2/org/springframework/boot/spring-boot-starter-test/3.2.0/spring-boot-starter-test-3.2.0-sources.jar
2026-05-18 14:12:16,346 [Worker-42: Download sources and javadoc] INFO  o.e.m.c.i.e.AbstractTransferListenerAdapter - Downloaded https://repo.maven.apache.org/maven2/org/springframework/boot/spring-boot-starter-test/3.2.0/spring-boot-starter-test-3.2.0-sources.jar
2026-05-18 14:12:16,352 [Worker-42: Download sources and javadoc] INFO  o.e.m.j.internal.DownloadSourcesJob - Downloaded sources for org.springframework.boot:spring-boot-starter-test:3.2.0
2026-05-18 14:12:16,486 [Worker-42: Download sources and javadoc] INFO  o.e.m.c.i.e.AbstractTransferListenerAdapter - Downloading https://repo.maven.apache.org/maven2/org/springframework/boot/spring-boot-test/3.2.0/spring-boot-test-3.2.0-sources.jar
2026-05-18 14:12:16,615 [Worker-42: Download sources and javadoc] INFO  o.e.m.c.i.e.AbstractTransferListenerAdapter - Downloaded https://repo.maven.apache.org/maven2/org/springframework/boot/spring-boot-test/3.2.0/spring-boot-test-3.2.0-sources.jar
2026-05-18 14:12:16,623 [Worker-42: Download sources and javadoc] INFO  o.e.m.j.internal.DownloadSourcesJob - Downloaded sources for org.springframework.boot:spring-boot-test:3.2.0
2026-05-18 14:12:16,767 [Worker-42: Download sources and javadoc] INFO  o.e.m.c.i.e.AbstractTransferListenerAdapter - Downloading https://repo.maven.apache.org/maven2/org/springframework/boot/spring-boot-test-autoconfigure/3.2.0/spring-boot-test-autoconfigure-3.2.0-sources.jar
2026-05-18 14:12:16,903 [Worker-42: Download sources and javadoc] INFO  o.e.m.c.i.e.AbstractTransferListenerAdapter - Downloaded https://repo.maven.apache.org/maven2/org/springframework/boot/spring-boot-test-autoconfigure/3.2.0/spring-boot-test-autoconfigure-3.2.0-sources.jar
2026-05-18 14:12:16,908 [Worker-42: Download sources and javadoc] INFO  o.e.m.j.internal.DownloadSourcesJob - Downloaded sources for org.springframework.boot:spring-boot-test-autoconfigure:3.2.0
2026-05-18 14:12:17,055 [Worker-42: Download sources and javadoc] INFO  o.e.m.c.i.e.AbstractTransferListenerAdapter - Downloading https://repo.maven.apache.org/maven2/com/jayway/jsonpath/json-path/2.8.0/json-path-2.8.0-sources.jar
2026-05-18 14:12:17,183 [Worker-42: Download sources and javadoc] INFO  o.e.m.c.i.e.AbstractTransferListenerAdapter - Downloaded https://repo.maven.apache.org/maven2/com/jayway/jsonpath/json-path/2.8.0/json-path-2.8.0-sources.jar
2026-05-18 14:12:17,188 [Worker-42: Download sources and javadoc] INFO  o.e.m.j.internal.DownloadSourcesJob - Downloaded sources for com.jayway.jsonpath:json-path:2.8.0
2026-05-18 14:12:17,392 [Worker-42: Download sources and javadoc] INFO  o.e.m.c.i.e.AbstractTransferListenerAdapter - Downloading https://repo.maven.apache.org/maven2/jakarta/xml/bind/jakarta.xml.bind-api/4.0.1/jakarta.xml.bind-api-4.0.1-sources.jar
2026-05-18 14:12:17,530 [Worker-42: Download sources and javadoc] INFO  o.e.m.c.i.e.AbstractTransferListenerAdapter - Downloaded https://repo.maven.apache.org/maven2/jakarta/xml/bind/jakarta.xml.bind-api/4.0.1/jakarta.xml.bind-api-4.0.1-sources.jar
2026-05-18 14:12:17,536 [Worker-42: Download sources and javadoc] INFO  o.e.m.j.internal.DownloadSourcesJob - Downloaded sources for jakarta.xml.bind:jakarta.xml.bind-api:4.0.1
2026-05-18 14:12:17,683 [Worker-42: Download sources and javadoc] INFO  o.e.m.c.i.e.AbstractTransferListenerAdapter - Downloading https://repo.maven.apache.org/maven2/jakarta/activation/jakarta.activation-api/2.1.2/jakarta.activation-api-2.1.2-sources.jar
2026-05-18 14:12:17,762 [Worker-42: Download sources and javadoc] INFO  o.e.m.c.i.e.AbstractTransferListenerAdapter - Downloaded https://repo.maven.apache.org/maven2/jakarta/activation/jakarta.activation-api/2.1.2/jakarta.activation-api-2.1.2-sources.jar
2026-05-18 14:12:17,768 [Worker-42: Download sources and javadoc] INFO  o.e.m.j.internal.DownloadSourcesJob - Downloaded sources for jakarta.activation:jakarta.activation-api:2.1.2
2026-05-18 14:12:17,954 [Worker-42: Download sources and javadoc] INFO  o.e.m.c.i.e.AbstractTransferListenerAdapter - Downloading https://repo.maven.apache.org/maven2/net/minidev/json-smart/2.5.0/json-smart-2.5.0-sources.jar
2026-05-18 14:12:18,039 [Worker-42: Download sources and javadoc] INFO  o.e.m.c.i.e.AbstractTransferListenerAdapter - Downloaded https://repo.maven.apache.org/maven2/net/minidev/json-smart/2.5.0/json-smart-2.5.0-sources.jar
2026-05-18 14:12:18,044 [Worker-42: Download sources and javadoc] INFO  o.e.m.j.internal.DownloadSourcesJob - Downloaded sources for net.minidev:json-smart:2.5.0
2026-05-18 14:12:18,285 [Worker-42: Download sources and javadoc] INFO  o.e.m.c.i.e.AbstractTransferListenerAdapter - Downloading https://repo.maven.apache.org/maven2/net/minidev/accessors-smart/2.5.0/accessors-smart-2.5.0-sources.jar
2026-05-18 14:12:18,642 [Worker-42: Download sources and javadoc] INFO  o.e.m.c.i.e.AbstractTransferListenerAdapter - Downloaded https://repo.maven.apache.org/maven2/net/minidev/accessors-smart/2.5.0/accessors-smart-2.5.0-sources.jar
2026-05-18 14:12:18,651 [Worker-42: Download sources and javadoc] INFO  o.e.m.j.internal.DownloadSourcesJob - Downloaded sources for net.minidev:accessors-smart:2.5.0
2026-05-18 14:12:18,814 [Worker-48: Launching QuickMart] INFO  o.eclipse.m2e.core.internal.Bundles - getClasspathEntries(Bundle=org.eclipse.m2e.maven.runtime_3.9.900.20250220-2013 [637])
2026-05-18 14:12:18,815 [Worker-48: Launching QuickMart] INFO  o.eclipse.m2e.core.internal.Bundles - 	Entry: C:\Users\hp\.p2\pool\plugins\org.eclipse.m2e.maven.runtime_3.9.900.20250220-2013
2026-05-18 14:12:18,815 [Worker-48: Launching QuickMart] INFO  o.eclipse.m2e.core.internal.Bundles - 	Entry: C:\Users\hp\.p2\pool\plugins\org.eclipse.m2e.maven.runtime_3.9.900.20250220-2013\jars\aopalliance-1.0.jar
2026-05-18 14:12:18,816 [Worker-48: Launching QuickMart] INFO  o.eclipse.m2e.core.internal.Bundles - 	Entry: C:\Users\hp\.p2\pool\plugins\org.eclipse.m2e.maven.runtime_3.9.900.20250220-2013\jars\guice-5.1.0.jar
2026-05-18 14:12:18,816 [Worker-48: Launching QuickMart] INFO  o.eclipse.m2e.core.internal.Bundles - 	Entry: C:\Users\hp\.p2\pool\plugins\org.eclipse.m2e.maven.runtime_3.9.900.20250220-2013\jars\httpclient-4.5.14.jar
2026-05-18 14:12:18,816 [Worker-48: Launching QuickMart] INFO  o.eclipse.m2e.core.internal.Bundles - 	Entry: C:\Users\hp\.p2\pool\plugins\org.eclipse.m2e.maven.runtime_3.9.900.20250220-2013\jars\httpcore-4.4.16.jar
2026-05-18 14:12:18,816 [Worker-48: Launching QuickMart] INFO  o.eclipse.m2e.core.internal.Bundles - 	Entry: C:\Users\hp\.p2\pool\plugins\org.eclipse.m2e.maven.runtime_3.9.900.20250220-2013\jars\jansi-2.4.1.jar
2026-05-18 14:12:18,816 [Worker-48: Launching QuickMart] INFO  o.eclipse.m2e.core.internal.Bundles - 	Entry: C:\Users\hp\.p2\pool\plugins\org.eclipse.m2e.maven.runtime_3.9.900.20250220-2013\jars\jcl-over-slf4j-1.7.36.jar
2026-05-18 14:12:18,816 [Worker-48: Launching QuickMart] INFO  o.eclipse.m2e.core.internal.Bundles - 	Entry: C:\Users\hp\.p2\pool\plugins\org.eclipse.m2e.maven.runtime_3.9.900.20250220-2013\jars\maven-artifact-3.9.9.jar
2026-05-18 14:12:18,816 [Worker-48: Launching QuickMart] INFO  o.eclipse.m2e.core.internal.Bundles - 	Entry: C:\Users\hp\.p2\pool\plugins\org.eclipse.m2e.maven.runtime_3.9.900.20250220-2013\jars\maven-builder-support-3.9.9.jar
2026-05-18 14:12:18,817 [Worker-48: Launching QuickMart] INFO  o.eclipse.m2e.core.internal.Bundles - 	Entry: C:\Users\hp\.p2\pool\plugins\org.eclipse.m2e.maven.runtime_3.9.900.20250220-2013\jars\maven-compat-3.9.9.jar
2026-05-18 14:12:18,817 [Worker-48: Launching QuickMart] INFO  o.eclipse.m2e.core.internal.Bundles - 	Entry: C:\Users\hp\.p2\pool\plugins\org.eclipse.m2e.maven.runtime_3.9.900.20250220-2013\jars\maven-core-3.9.9.jar
2026-05-18 14:12:18,817 [Worker-48: Launching QuickMart] INFO  o.eclipse.m2e.core.internal.Bundles - 	Entry: C:\Users\hp\.p2\pool\plugins\org.eclipse.m2e.maven.runtime_3.9.900.20250220-2013\jars\maven-embedder-3.9.9.jar
2026-05-18 14:12:18,817 [Worker-48: Launching QuickMart] INFO  o.eclipse.m2e.core.internal.Bundles - 	Entry: C:\Users\hp\.p2\pool\plugins\org.eclipse.m2e.maven.runtime_3.9.900.20250220-2013\jars\maven-model-3.9.9.jar
2026-05-18 14:12:18,817 [Worker-48: Launching QuickMart] INFO  o.eclipse.m2e.core.internal.Bundles - 	Entry: C:\Users\hp\.p2\pool\plugins\org.eclipse.m2e.maven.runtime_3.9.900.20250220-2013\jars\maven-model-builder-3.9.9.jar
2026-05-18 14:12:18,817 [Worker-48: Launching QuickMart] INFO  o.eclipse.m2e.core.internal.Bundles - 	Entry: C:\Users\hp\.p2\pool\plugins\org.eclipse.m2e.maven.runtime_3.9.900.20250220-2013\jars\maven-plugin-api-3.9.9.jar
2026-05-18 14:12:18,817 [Worker-48: Launching QuickMart] INFO  o.eclipse.m2e.core.internal.Bundles - 	Entry: C:\Users\hp\.p2\pool\plugins\org.eclipse.m2e.maven.runtime_3.9.900.20250220-2013\jars\maven-repository-metadata-3.9.9.jar
2026-05-18 14:12:18,818 [Worker-48: Launching QuickMart] INFO  o.eclipse.m2e.core.internal.Bundles - 	Entry: C:\Users\hp\.p2\pool\plugins\org.eclipse.m2e.maven.runtime_3.9.900.20250220-2013\jars\maven-resolver-api-1.9.22.jar
2026-05-18 14:12:18,818 [Worker-48: Launching QuickMart] INFO  o.eclipse.m2e.core.internal.Bundles - 	Entry: C:\Users\hp\.p2\pool\plugins\org.eclipse.m2e.maven.runtime_3.9.900.20250220-2013\jars\maven-resolver-connector-basic-1.9.22.jar
2026-05-18 14:12:18,818 [Worker-48: Launching QuickMart] INFO  o.eclipse.m2e.core.internal.Bundles - 	Entry: C:\Users\hp\.p2\pool\plugins\org.eclipse.m2e.maven.runtime_3.9.900.20250220-2013\jars\maven-resolver-impl-1.9.22.jar
2026-05-18 14:12:18,818 [Worker-48: Launching QuickMart] INFO  o.eclipse.m2e.core.internal.Bundles - 	Entry: C:\Users\hp\.p2\pool\plugins\org.eclipse.m2e.maven.runtime_3.9.900.20250220-2013\jars\maven-resolver-named-locks-1.9.22.jar
2026-05-18 14:12:18,818 [Worker-48: Launching QuickMart] INFO  o.eclipse.m2e.core.internal.Bundles - 	Entry: C:\Users\hp\.p2\pool\plugins\org.eclipse.m2e.maven.runtime_3.9.900.20250220-2013\jars\maven-resolver-provider-3.9.9.jar
2026-05-18 14:12:18,818 [Worker-48: Launching QuickMart] INFO  o.eclipse.m2e.core.internal.Bundles - 	Entry: C:\Users\hp\.p2\pool\plugins\org.eclipse.m2e.maven.runtime_3.9.900.20250220-2013\jars\maven-resolver-spi-1.9.22.jar
2026-05-18 14:12:18,818 [Worker-48: Launching QuickMart] INFO  o.eclipse.m2e.core.internal.Bundles - 	Entry: C:\Users\hp\.p2\pool\plugins\org.eclipse.m2e.maven.runtime_3.9.900.20250220-2013\jars\maven-resolver-transport-file-1.9.22.jar
2026-05-18 14:12:18,818 [Worker-48: Launching QuickMart] INFO  o.eclipse.m2e.core.internal.Bundles - 	Entry: C:\Users\hp\.p2\pool\plugins\org.eclipse.m2e.maven.runtime_3.9.900.20250220-2013\jars\maven-resolver-transport-http-1.9.22.jar
2026-05-18 14:12:18,819 [Worker-48: Launching QuickMart] INFO  o.eclipse.m2e.core.internal.Bundles - 	Entry: C:\Users\hp\.p2\pool\plugins\org.eclipse.m2e.maven.runtime_3.9.900.20250220-2013\jars\maven-resolver-transport-wagon-1.9.22.jar
2026-05-18 14:12:18,819 [Worker-48: Launching QuickMart] INFO  o.eclipse.m2e.core.internal.Bundles - 	Entry: C:\Users\hp\.p2\pool\plugins\org.eclipse.m2e.maven.runtime_3.9.900.20250220-2013\jars\maven-resolver-util-1.9.22.jar
2026-05-18 14:12:18,819 [Worker-48: Launching QuickMart] INFO  o.eclipse.m2e.core.internal.Bundles - 	Entry: C:\Users\hp\.p2\pool\plugins\org.eclipse.m2e.maven.runtime_3.9.900.20250220-2013\jars\maven-settings-3.9.9.jar
2026-05-18 14:12:18,819 [Worker-48: Launching QuickMart] INFO  o.eclipse.m2e.core.internal.Bundles - 	Entry: C:\Users\hp\.p2\pool\plugins\org.eclipse.m2e.maven.runtime_3.9.900.20250220-2013\jars\maven-settings-builder-3.9.9.jar
2026-05-18 14:12:18,819 [Worker-48: Launching QuickMart] INFO  o.eclipse.m2e.core.internal.Bundles - 	Entry: C:\Users\hp\.p2\pool\plugins\org.eclipse.m2e.maven.runtime_3.9.900.20250220-2013\jars\maven-shared-utils-3.4.2.jar
2026-05-18 14:12:18,819 [Worker-48: Launching QuickMart] INFO  o.eclipse.m2e.core.internal.Bundles - 	Entry: C:\Users\hp\.p2\pool\plugins\org.eclipse.m2e.maven.runtime_3.9.900.20250220-2013\jars\org.eclipse.sisu.inject-0.9.0.M3.jar
2026-05-18 14:12:18,820 [Worker-48: Launching QuickMart] INFO  o.eclipse.m2e.core.internal.Bundles - 	Entry: C:\Users\hp\.p2\pool\plugins\org.eclipse.m2e.maven.runtime_3.9.900.20250220-2013\jars\org.eclipse.sisu.plexus-0.9.0.M3.jar
2026-05-18 14:12:18,820 [Worker-48: Launching QuickMart] INFO  o.eclipse.m2e.core.internal.Bundles - 	Entry: C:\Users\hp\.p2\pool\plugins\org.eclipse.m2e.maven.runtime_3.9.900.20250220-2013\jars\plexus-build-api-0.0.7.jar
2026-05-18 14:12:18,820 [Worker-48: Launching QuickMart] INFO  o.eclipse.m2e.core.internal.Bundles - 	Entry: C:\Users\hp\.p2\pool\plugins\org.eclipse.m2e.maven.runtime_3.9.900.20250220-2013\jars\plexus-build-api-1.2.0.jar
2026-05-18 14:12:18,820 [Worker-48: Launching QuickMart] INFO  o.eclipse.m2e.core.internal.Bundles - 	Entry: C:\Users\hp\.p2\pool\plugins\org.eclipse.m2e.maven.runtime_3.9.900.20250220-2013\jars\plexus-cipher-2.0.jar
2026-05-18 14:12:18,820 [Worker-48: Launching QuickMart] INFO  o.eclipse.m2e.core.internal.Bundles - 	Entry: C:\Users\hp\.p2\pool\plugins\org.eclipse.m2e.maven.runtime_3.9.900.20250220-2013\jars\plexus-classworlds-2.8.0.jar
2026-05-18 14:12:18,820 [Worker-48: Launching QuickMart] INFO  o.eclipse.m2e.core.internal.Bundles - 	Entry: C:\Users\hp\.p2\pool\plugins\org.eclipse.m2e.maven.runtime_3.9.900.20250220-2013\jars\plexus-component-annotations-2.1.0.jar
2026-05-18 14:12:18,821 [Worker-48: Launching QuickMart] INFO  o.eclipse.m2e.core.internal.Bundles - 	Entry: C:\Users\hp\.p2\pool\plugins\org.eclipse.m2e.maven.runtime_3.9.900.20250220-2013\jars\plexus-interpolation-1.27.jar
2026-05-18 14:12:18,821 [Worker-48: Launching QuickMart] INFO  o.eclipse.m2e.core.internal.Bundles - 	Entry: C:\Users\hp\.p2\pool\plugins\org.eclipse.m2e.maven.runtime_3.9.900.20250220-2013\jars\plexus-sec-dispatcher-2.0.jar
2026-05-18 14:12:18,821 [Worker-48: Launching QuickMart] INFO  o.eclipse.m2e.core.internal.Bundles - 	Entry: C:\Users\hp\.p2\pool\plugins\org.eclipse.m2e.maven.runtime_3.9.900.20250220-2013\jars\plexus-utils-3.5.1.jar
2026-05-18 14:12:18,821 [Worker-48: Launching QuickMart] INFO  o.eclipse.m2e.core.internal.Bundles - 	Entry: C:\Users\hp\.p2\pool\plugins\org.eclipse.m2e.maven.runtime_3.9.900.20250220-2013\jars\plexus-xml-3.0.1.jar
2026-05-18 14:12:18,821 [Worker-48: Launching QuickMart] INFO  o.eclipse.m2e.core.internal.Bundles - 	Entry: C:\Users\hp\.p2\pool\plugins\org.eclipse.m2e.maven.runtime_3.9.900.20250220-2013\jars\wagon-file-3.5.3.jar
2026-05-18 14:12:18,822 [Worker-48: Launching QuickMart] INFO  o.eclipse.m2e.core.internal.Bundles - 	Entry: C:\Users\hp\.p2\pool\plugins\org.eclipse.m2e.maven.runtime_3.9.900.20250220-2013\jars\wagon-http-3.5.3.jar
2026-05-18 14:12:18,822 [Worker-48: Launching QuickMart] INFO  o.eclipse.m2e.core.internal.Bundles - 	Entry: C:\Users\hp\.p2\pool\plugins\org.eclipse.m2e.maven.runtime_3.9.900.20250220-2013\jars\wagon-http-shared-3.5.3.jar
2026-05-18 14:12:18,822 [Worker-48: Launching QuickMart] INFO  o.eclipse.m2e.core.internal.Bundles - 	Entry: C:\Users\hp\.p2\pool\plugins\org.eclipse.m2e.maven.runtime_3.9.900.20250220-2013\jars\wagon-provider-api-3.5.3.jar
2026-05-18 14:12:18,823 [Worker-48: Launching QuickMart] INFO  o.eclipse.m2e.core.internal.Bundles - getClasspathEntries(Bundle=com.google.guava_33.4.8.jre [1007])
2026-05-18 14:12:18,824 [Worker-48: Launching QuickMart] INFO  o.eclipse.m2e.core.internal.Bundles - 	Entry: C:\Users\hp\.p2\pool\plugins\com.google.guava_33.4.8.jre.jar
2026-05-18 14:12:18,824 [Worker-48: Launching QuickMart] INFO  o.eclipse.m2e.core.internal.Bundles - getClasspathEntries(Bundle=slf4j.api_2.0.17 [1001])
2026-05-18 14:12:18,824 [Worker-48: Launching QuickMart] INFO  o.eclipse.m2e.core.internal.Bundles - 	Entry: C:\Users\hp\.p2\pool\plugins\slf4j.api_2.0.17.jar
2026-05-18 14:12:18,824 [Worker-48: Launching QuickMart] INFO  o.eclipse.m2e.core.internal.Bundles - getClasspathEntries(Bundle=jakarta.inject.jakarta.inject-api_1.0.5 [34])
2026-05-18 14:12:18,825 [Worker-48: Launching QuickMart] INFO  o.eclipse.m2e.core.internal.Bundles - 	Entry: C:\Users\hp\.p2\pool\plugins\jakarta.inject.jakarta.inject-api_1.0.5.jar
2026-05-18 14:12:18,825 [Worker-48: Launching QuickMart] INFO  o.eclipse.m2e.core.internal.Bundles - getClasspathEntries(Bundle=javax.annotation_1.3.5.v20200909-1856 [1012])
2026-05-18 14:12:18,826 [Worker-48: Launching QuickMart] INFO  o.eclipse.m2e.core.internal.Bundles - 	Entry: C:\Users\hp\.p2\pool\plugins\javax.annotation_1.3.5.v20200909-1856.jar
2026-05-18 14:12:18,826 [Worker-48: Launching QuickMart] INFO  o.eclipse.m2e.core.internal.Bundles - getClasspathEntries(Bundle=org.apache.commons.cli_1.9.0 [74])
2026-05-18 14:12:18,827 [Worker-48: Launching QuickMart] INFO  o.eclipse.m2e.core.internal.Bundles - 	Entry: C:\Users\hp\.p2\pool\plugins\org.apache.commons.cli_1.9.0.jar
2026-05-18 14:12:18,827 [Worker-48: Launching QuickMart] INFO  o.eclipse.m2e.core.internal.Bundles - getClasspathEntries(Bundle=org.apache.commons.commons-codec_1.16.0 [76])
2026-05-18 14:12:18,827 [Worker-48: Launching QuickMart] INFO  o.eclipse.m2e.core.internal.Bundles - 	Entry: C:\Users\hp\.p2\pool\plugins\org.apache.commons.commons-codec_1.16.0.jar
2026-05-18 14:12:18,827 [Worker-48: Launching QuickMart] INFO  o.eclipse.m2e.core.internal.Bundles - getClasspathEntries(Bundle=com.google.guava.failureaccess_1.0.3 [1008])
2026-05-18 14:12:18,828 [Worker-48: Launching QuickMart] INFO  o.eclipse.m2e.core.internal.Bundles - 	Entry: C:\Users\hp\.p2\pool\plugins\com.google.guava.failureaccess_1.0.3.jar
2026-05-18 14:12:18,829 [Worker-48: Launching QuickMart] INFO  o.e.m.i.launch.MavenLaunchDelegate - Run build in "D:\Pranav All study Material\marktetplace\QuickMart":
2026-05-18 14:12:18,829 [Worker-48: Launching QuickMart] INFO  o.e.m.i.launch.MavenLaunchDelegate -  mvn  -B -Dstyle.color=always 
2026-05-18 14:12:18,862 [Worker-42: Download sources and javadoc] INFO  o.e.m.c.i.e.AbstractTransferListenerAdapter - Downloading https://repo.maven.apache.org/maven2/org/awaitility/awaitility/4.2.0/awaitility-4.2.0-sources.jar
2026-05-18 14:12:18,956 [Worker-42: Download sources and javadoc] INFO  o.e.m.c.i.e.AbstractTransferListenerAdapter - Downloaded https://repo.maven.apache.org/maven2/org/awaitility/awaitility/4.2.0/awaitility-4.2.0-sources.jar
2026-05-18 14:12:18,962 [Worker-42: Download sources and javadoc] INFO  o.e.m.j.internal.DownloadSourcesJob - Downloaded sources for org.awaitility:awaitility:4.2.0
2026-05-18 14:12:19,149 [Worker-42: Download sources and javadoc] INFO  o.e.m.c.i.e.AbstractTransferListenerAdapter - Downloading https://repo.maven.apache.org/maven2/org/junit/jupiter/junit-jupiter/5.10.1/junit-jupiter-5.10.1-sources.jar
2026-05-18 14:12:19,208 [Worker-42: Download sources and javadoc] INFO  o.e.m.c.i.e.AbstractTransferListenerAdapter - Downloaded https://repo.maven.apache.org/maven2/org/junit/jupiter/junit-jupiter/5.10.1/junit-jupiter-5.10.1-sources.jar
2026-05-18 14:12:19,213 [Worker-42: Download sources and javadoc] INFO  o.e.m.j.internal.DownloadSourcesJob - Downloaded sources for org.junit.jupiter:junit-jupiter:5.10.1
2026-05-18 14:12:19,358 [Worker-42: Download sources and javadoc] INFO  o.e.m.c.i.e.AbstractTransferListenerAdapter - Downloading https://repo.maven.apache.org/maven2/org/junit/jupiter/junit-jupiter-api/5.10.1/junit-jupiter-api-5.10.1-sources.jar
2026-05-18 14:12:19,495 [Worker-42: Download sources and javadoc] INFO  o.e.m.c.i.e.AbstractTransferListenerAdapter - Downloaded https://repo.maven.apache.org/maven2/org/junit/jupiter/junit-jupiter-api/5.10.1/junit-jupiter-api-5.10.1-sources.jar
2026-05-18 14:12:19,501 [Worker-42: Download sources and javadoc] INFO  o.e.m.j.internal.DownloadSourcesJob - Downloaded sources for org.junit.jupiter:junit-jupiter-api:5.10.1
2026-05-18 14:12:19,631 [Worker-42: Download sources and javadoc] INFO  o.e.m.c.i.e.AbstractTransferListenerAdapter - Downloading https://repo.maven.apache.org/maven2/org/junit/platform/junit-platform-commons/1.10.1/junit-platform-commons-1.10.1-sources.jar
2026-05-18 14:12:19,700 [Worker-42: Download sources and javadoc] INFO  o.e.m.c.i.e.AbstractTransferListenerAdapter - Downloaded https://repo.maven.apache.org/maven2/org/junit/platform/junit-platform-commons/1.10.1/junit-platform-commons-1.10.1-sources.jar
2026-05-18 14:12:19,706 [Worker-42: Download sources and javadoc] INFO  o.e.m.j.internal.DownloadSourcesJob - Downloaded sources for org.junit.platform:junit-platform-commons:1.10.1
2026-05-18 14:12:19,868 [Worker-42: Download sources and javadoc] INFO  o.e.m.c.i.e.AbstractTransferListenerAdapter - Downloading https://repo.maven.apache.org/maven2/org/junit/jupiter/junit-jupiter-params/5.10.1/junit-jupiter-params-5.10.1-sources.jar
2026-05-18 14:12:19,961 [Worker-42: Download sources and javadoc] INFO  o.e.m.c.i.e.AbstractTransferListenerAdapter - Downloaded https://repo.maven.apache.org/maven2/org/junit/jupiter/junit-jupiter-params/5.10.1/junit-jupiter-params-5.10.1-sources.jar
2026-05-18 14:12:19,968 [Worker-42: Download sources and javadoc] INFO  o.e.m.j.internal.DownloadSourcesJob - Downloaded sources for org.junit.jupiter:junit-jupiter-params:5.10.1
2026-05-18 14:12:20,168 [Worker-42: Download sources and javadoc] INFO  o.e.m.c.i.e.AbstractTransferListenerAdapter - Downloading https://repo.maven.apache.org/maven2/org/junit/jupiter/junit-jupiter-engine/5.10.1/junit-jupiter-engine-5.10.1-sources.jar
2026-05-18 14:12:20,308 [Worker-42: Download sources and javadoc] INFO  o.e.m.c.i.e.AbstractTransferListenerAdapter - Downloaded https://repo.maven.apache.org/maven2/org/junit/jupiter/junit-jupiter-engine/5.10.1/junit-jupiter-engine-5.10.1-sources.jar
2026-05-18 14:12:20,316 [Worker-42: Download sources and javadoc] INFO  o.e.m.j.internal.DownloadSourcesJob - Downloaded sources for org.junit.jupiter:junit-jupiter-engine:5.10.1
2026-05-18 14:12:20,458 [Worker-42: Download sources and javadoc] INFO  o.e.m.c.i.e.AbstractTransferListenerAdapter - Downloading https://repo.maven.apache.org/maven2/org/junit/platform/junit-platform-engine/1.10.1/junit-platform-engine-1.10.1-sources.jar
2026-05-18 14:12:20,577 [Worker-42: Download sources and javadoc] INFO  o.e.m.c.i.e.AbstractTransferListenerAdapter - Downloaded https://repo.maven.apache.org/maven2/org/junit/platform/junit-platform-engine/1.10.1/junit-platform-engine-1.10.1-sources.jar
2026-05-18 14:12:20,584 [Worker-42: Download sources and javadoc] INFO  o.e.m.j.internal.DownloadSourcesJob - Downloaded sources for org.junit.platform:junit-platform-engine:1.10.1
2026-05-18 14:12:20,739 [Worker-42: Download sources and javadoc] INFO  o.e.m.c.i.e.AbstractTransferListenerAdapter - Downloading https://repo.maven.apache.org/maven2/net/bytebuddy/byte-buddy-agent/1.14.10/byte-buddy-agent-1.14.10-sources.jar
2026-05-18 14:12:20,879 [Worker-42: Download sources and javadoc] INFO  o.e.m.c.i.e.AbstractTransferListenerAdapter - Downloaded https://repo.maven.apache.org/maven2/net/bytebuddy/byte-buddy-agent/1.14.10/byte-buddy-agent-1.14.10-sources.jar
2026-05-18 14:12:20,887 [Worker-42: Download sources and javadoc] INFO  o.e.m.j.internal.DownloadSourcesJob - Downloaded sources for net.bytebuddy:byte-buddy-agent:1.14.10
2026-05-18 14:12:21,030 [Worker-42: Download sources and javadoc] INFO  o.e.m.c.i.e.AbstractTransferListenerAdapter - Downloading https://repo.maven.apache.org/maven2/org/springframework/spring-core/6.1.1/spring-core-6.1.1-sources.jar
2026-05-18 14:12:21,370 [Worker-42: Download sources and javadoc] INFO  o.e.m.c.i.e.AbstractTransferListenerAdapter - Downloaded https://repo.maven.apache.org/maven2/org/springframework/spring-core/6.1.1/spring-core-6.1.1-sources.jar
2026-05-18 14:12:21,377 [Worker-42: Download sources and javadoc] INFO  o.e.m.j.internal.DownloadSourcesJob - Downloaded sources for org.springframework:spring-core:6.1.1
2026-05-18 14:12:21,553 [Worker-42: Download sources and javadoc] INFO  o.e.m.c.i.e.AbstractTransferListenerAdapter - Downloading https://repo.maven.apache.org/maven2/org/springframework/spring-jcl/6.1.1/spring-jcl-6.1.1-sources.jar
2026-05-18 14:12:21,848 [Worker-42: Download sources and javadoc] INFO  o.e.m.c.i.e.AbstractTransferListenerAdapter - Downloaded https://repo.maven.apache.org/maven2/org/springframework/spring-jcl/6.1.1/spring-jcl-6.1.1-sources.jar
2026-05-18 14:12:21,855 [Worker-42: Download sources and javadoc] INFO  o.e.m.j.internal.DownloadSourcesJob - Downloaded sources for org.springframework:spring-jcl:6.1.1
2026-05-18 14:12:21,996 [Worker-42: Download sources and javadoc] INFO  o.e.m.c.i.e.AbstractTransferListenerAdapter - Downloading https://repo.maven.apache.org/maven2/org/springframework/spring-test/6.1.1/spring-test-6.1.1-sources.jar
2026-05-18 14:12:22,249 [Worker-42: Download sources and javadoc] INFO  o.e.m.c.i.e.AbstractTransferListenerAdapter - Downloaded https://repo.maven.apache.org/maven2/org/springframework/spring-test/6.1.1/spring-test-6.1.1-sources.jar
2026-05-18 14:12:22,255 [Worker-42: Download sources and javadoc] INFO  o.e.m.j.internal.DownloadSourcesJob - Downloaded sources for org.springframework:spring-test:6.1.1
2026-05-18 14:12:45,327 [Worker-41: Launching QuickMart] INFO  o.eclipse.m2e.core.internal.Bundles - getClasspathEntries(Bundle=org.eclipse.m2e.maven.runtime_3.9.900.20250220-2013 [637])
2026-05-18 14:12:45,328 [Worker-41: Launching QuickMart] INFO  o.eclipse.m2e.core.internal.Bundles - 	Entry: C:\Users\hp\.p2\pool\plugins\org.eclipse.m2e.maven.runtime_3.9.900.20250220-2013
2026-05-18 14:12:45,329 [Worker-41: Launching QuickMart] INFO  o.eclipse.m2e.core.internal.Bundles - 	Entry: C:\Users\hp\.p2\pool\plugins\org.eclipse.m2e.maven.runtime_3.9.900.20250220-2013\jars\aopalliance-1.0.jar
2026-05-18 14:12:45,329 [Worker-41: Launching QuickMart] INFO  o.eclipse.m2e.core.internal.Bundles - 	Entry: C:\Users\hp\.p2\pool\plugins\org.eclipse.m2e.maven.runtime_3.9.900.20250220-2013\jars\guice-5.1.0.jar
2026-05-18 14:12:45,329 [Worker-41: Launching QuickMart] INFO  o.eclipse.m2e.core.internal.Bundles - 	Entry: C:\Users\hp\.p2\pool\plugins\org.eclipse.m2e.maven.runtime_3.9.900.20250220-2013\jars\httpclient-4.5.14.jar
2026-05-18 14:12:45,329 [Worker-41: Launching QuickMart] INFO  o.eclipse.m2e.core.internal.Bundles - 	Entry: C:\Users\hp\.p2\pool\plugins\org.eclipse.m2e.maven.runtime_3.9.900.20250220-2013\jars\httpcore-4.4.16.jar
2026-05-18 14:12:45,330 [Worker-41: Launching QuickMart] INFO  o.eclipse.m2e.core.internal.Bundles - 	Entry: C:\Users\hp\.p2\pool\plugins\org.eclipse.m2e.maven.runtime_3.9.900.20250220-2013\jars\jansi-2.4.1.jar
2026-05-18 14:12:45,330 [Worker-41: Launching QuickMart] INFO  o.eclipse.m2e.core.internal.Bundles - 	Entry: C:\Users\hp\.p2\pool\plugins\org.eclipse.m2e.maven.runtime_3.9.900.20250220-2013\jars\jcl-over-slf4j-1.7.36.jar
2026-05-18 14:12:45,330 [Worker-41: Launching QuickMart] INFO  o.eclipse.m2e.core.internal.Bundles - 	Entry: C:\Users\hp\.p2\pool\plugins\org.eclipse.m2e.maven.runtime_3.9.900.20250220-2013\jars\maven-artifact-3.9.9.jar
2026-05-18 14:12:45,330 [Worker-41: Launching QuickMart] INFO  o.eclipse.m2e.core.internal.Bundles - 	Entry: C:\Users\hp\.p2\pool\plugins\org.eclipse.m2e.maven.runtime_3.9.900.20250220-2013\jars\maven-builder-support-3.9.9.jar
2026-05-18 14:12:45,331 [Worker-41: Launching QuickMart] INFO  o.eclipse.m2e.core.internal.Bundles - 	Entry: C:\Users\hp\.p2\pool\plugins\org.eclipse.m2e.maven.runtime_3.9.900.20250220-2013\jars\maven-compat-3.9.9.jar
2026-05-18 14:12:45,331 [Worker-41: Launching QuickMart] INFO  o.eclipse.m2e.core.internal.Bundles - 	Entry: C:\Users\hp\.p2\pool\plugins\org.eclipse.m2e.maven.runtime_3.9.900.20250220-2013\jars\maven-core-3.9.9.jar
2026-05-18 14:12:45,331 [Worker-41: Launching QuickMart] INFO  o.eclipse.m2e.core.internal.Bundles - 	Entry: C:\Users\hp\.p2\pool\plugins\org.eclipse.m2e.maven.runtime_3.9.900.20250220-2013\jars\maven-embedder-3.9.9.jar
2026-05-18 14:12:45,331 [Worker-41: Launching QuickMart] INFO  o.eclipse.m2e.core.internal.Bundles - 	Entry: C:\Users\hp\.p2\pool\plugins\org.eclipse.m2e.maven.runtime_3.9.900.20250220-2013\jars\maven-model-3.9.9.jar
2026-05-18 14:12:45,331 [Worker-41: Launching QuickMart] INFO  o.eclipse.m2e.core.internal.Bundles - 	Entry: C:\Users\hp\.p2\pool\plugins\org.eclipse.m2e.maven.runtime_3.9.900.20250220-2013\jars\maven-model-builder-3.9.9.jar
2026-05-18 14:12:45,331 [Worker-41: Launching QuickMart] INFO  o.eclipse.m2e.core.internal.Bundles - 	Entry: C:\Users\hp\.p2\pool\plugins\org.eclipse.m2e.maven.runtime_3.9.900.20250220-2013\jars\maven-plugin-api-3.9.9.jar
2026-05-18 14:12:45,331 [Worker-41: Launching QuickMart] INFO  o.eclipse.m2e.core.internal.Bundles - 	Entry: C:\Users\hp\.p2\pool\plugins\org.eclipse.m2e.maven.runtime_3.9.900.20250220-2013\jars\maven-repository-metadata-3.9.9.jar
2026-05-18 14:12:45,332 [Worker-41: Launching QuickMart] INFO  o.eclipse.m2e.core.internal.Bundles - 	Entry: C:\Users\hp\.p2\pool\plugins\org.eclipse.m2e.maven.runtime_3.9.900.20250220-2013\jars\maven-resolver-api-1.9.22.jar
2026-05-18 14:12:45,332 [Worker-41: Launching QuickMart] INFO  o.eclipse.m2e.core.internal.Bundles - 	Entry: C:\Users\hp\.p2\pool\plugins\org.eclipse.m2e.maven.runtime_3.9.900.20250220-2013\jars\maven-resolver-connector-basic-1.9.22.jar
2026-05-18 14:12:45,332 [Worker-41: Launching QuickMart] INFO  o.eclipse.m2e.core.internal.Bundles - 	Entry: C:\Users\hp\.p2\pool\plugins\org.eclipse.m2e.maven.runtime_3.9.900.20250220-2013\jars\maven-resolver-impl-1.9.22.jar
2026-05-18 14:12:45,333 [Worker-41: Launching QuickMart] INFO  o.eclipse.m2e.core.internal.Bundles - 	Entry: C:\Users\hp\.p2\pool\plugins\org.eclipse.m2e.maven.runtime_3.9.900.20250220-2013\jars\maven-resolver-named-locks-1.9.22.jar
2026-05-18 14:12:45,333 [Worker-41: Launching QuickMart] INFO  o.eclipse.m2e.core.internal.Bundles - 	Entry: C:\Users\hp\.p2\pool\plugins\org.eclipse.m2e.maven.runtime_3.9.900.20250220-2013\jars\maven-resolver-provider-3.9.9.jar
2026-05-18 14:12:45,333 [Worker-41: Launching QuickMart] INFO  o.eclipse.m2e.core.internal.Bundles - 	Entry: C:\Users\hp\.p2\pool\plugins\org.eclipse.m2e.maven.runtime_3.9.900.20250220-2013\jars\maven-resolver-spi-1.9.22.jar
2026-05-18 14:12:45,333 [Worker-41: Launching QuickMart] INFO  o.eclipse.m2e.core.internal.Bundles - 	Entry: C:\Users\hp\.p2\pool\plugins\org.eclipse.m2e.maven.runtime_3.9.900.20250220-2013\jars\maven-resolver-transport-file-1.9.22.jar
2026-05-18 14:12:45,334 [Worker-41: Launching QuickMart] INFO  o.eclipse.m2e.core.internal.Bundles - 	Entry: C:\Users\hp\.p2\pool\plugins\org.eclipse.m2e.maven.runtime_3.9.900.20250220-2013\jars\maven-resolver-transport-http-1.9.22.jar
2026-05-18 14:12:45,334 [Worker-41: Launching QuickMart] INFO  o.eclipse.m2e.core.internal.Bundles - 	Entry: C:\Users\hp\.p2\pool\plugins\org.eclipse.m2e.maven.runtime_3.9.900.20250220-2013\jars\maven-resolver-transport-wagon-1.9.22.jar
2026-05-18 14:12:45,334 [Worker-41: Launching QuickMart] INFO  o.eclipse.m2e.core.internal.Bundles - 	Entry: C:\Users\hp\.p2\pool\plugins\org.eclipse.m2e.maven.runtime_3.9.900.20250220-2013\jars\maven-resolver-util-1.9.22.jar
2026-05-18 14:12:45,334 [Worker-41: Launching QuickMart] INFO  o.eclipse.m2e.core.internal.Bundles - 	Entry: C:\Users\hp\.p2\pool\plugins\org.eclipse.m2e.maven.runtime_3.9.900.20250220-2013\jars\maven-settings-3.9.9.jar
2026-05-18 14:12:45,335 [Worker-41: Launching QuickMart] INFO  o.eclipse.m2e.core.internal.Bundles - 	Entry: C:\Users\hp\.p2\pool\plugins\org.eclipse.m2e.maven.runtime_3.9.900.20250220-2013\jars\maven-settings-builder-3.9.9.jar
2026-05-18 14:12:45,335 [Worker-41: Launching QuickMart] INFO  o.eclipse.m2e.core.internal.Bundles - 	Entry: C:\Users\hp\.p2\pool\plugins\org.eclipse.m2e.maven.runtime_3.9.900.20250220-2013\jars\maven-shared-utils-3.4.2.jar
2026-05-18 14:12:45,335 [Worker-41: Launching QuickMart] INFO  o.eclipse.m2e.core.internal.Bundles - 	Entry: C:\Users\hp\.p2\pool\plugins\org.eclipse.m2e.maven.runtime_3.9.900.20250220-2013\jars\org.eclipse.sisu.inject-0.9.0.M3.jar
2026-05-18 14:12:45,336 [Worker-41: Launching QuickMart] INFO  o.eclipse.m2e.core.internal.Bundles - 	Entry: C:\Users\hp\.p2\pool\plugins\org.eclipse.m2e.maven.runtime_3.9.900.20250220-2013\jars\org.eclipse.sisu.plexus-0.9.0.M3.jar
2026-05-18 14:12:45,336 [Worker-41: Launching QuickMart] INFO  o.eclipse.m2e.core.internal.Bundles - 	Entry: C:\Users\hp\.p2\pool\plugins\org.eclipse.m2e.maven.runtime_3.9.900.20250220-2013\jars\plexus-build-api-0.0.7.jar
2026-05-18 14:12:45,336 [Worker-41: Launching QuickMart] INFO  o.eclipse.m2e.core.internal.Bundles - 	Entry: C:\Users\hp\.p2\pool\plugins\org.eclipse.m2e.maven.runtime_3.9.900.20250220-2013\jars\plexus-build-api-1.2.0.jar
2026-05-18 14:12:45,336 [Worker-41: Launching QuickMart] INFO  o.eclipse.m2e.core.internal.Bundles - 	Entry: C:\Users\hp\.p2\pool\plugins\org.eclipse.m2e.maven.runtime_3.9.900.20250220-2013\jars\plexus-cipher-2.0.jar
2026-05-18 14:12:45,336 [Worker-41: Launching QuickMart] INFO  o.eclipse.m2e.core.internal.Bundles - 	Entry: C:\Users\hp\.p2\pool\plugins\org.eclipse.m2e.maven.runtime_3.9.900.20250220-2013\jars\plexus-classworlds-2.8.0.jar
2026-05-18 14:12:45,337 [Worker-41: Launching QuickMart] INFO  o.eclipse.m2e.core.internal.Bundles - 	Entry: C:\Users\hp\.p2\pool\plugins\org.eclipse.m2e.maven.runtime_3.9.900.20250220-2013\jars\plexus-component-annotations-2.1.0.jar
2026-05-18 14:12:45,337 [Worker-41: Launching QuickMart] INFO  o.eclipse.m2e.core.internal.Bundles - 	Entry: C:\Users\hp\.p2\pool\plugins\org.eclipse.m2e.maven.runtime_3.9.900.20250220-2013\jars\plexus-interpolation-1.27.jar
2026-05-18 14:12:45,337 [Worker-41: Launching QuickMart] INFO  o.eclipse.m2e.core.internal.Bundles - 	Entry: C:\Users\hp\.p2\pool\plugins\org.eclipse.m2e.maven.runtime_3.9.900.20250220-2013\jars\plexus-sec-dispatcher-2.0.jar
2026-05-18 14:12:45,337 [Worker-41: Launching QuickMart] INFO  o.eclipse.m2e.core.internal.Bundles - 	Entry: C:\Users\hp\.p2\pool\plugins\org.eclipse.m2e.maven.runtime_3.9.900.20250220-2013\jars\plexus-utils-3.5.1.jar
2026-05-18 14:12:45,337 [Worker-41: Launching QuickMart] INFO  o.eclipse.m2e.core.internal.Bundles - 	Entry: C:\Users\hp\.p2\pool\plugins\org.eclipse.m2e.maven.runtime_3.9.900.20250220-2013\jars\plexus-xml-3.0.1.jar
2026-05-18 14:12:45,337 [Worker-41: Launching QuickMart] INFO  o.eclipse.m2e.core.internal.Bundles - 	Entry: C:\Users\hp\.p2\pool\plugins\org.eclipse.m2e.maven.runtime_3.9.900.20250220-2013\jars\wagon-file-3.5.3.jar
2026-05-18 14:12:45,338 [Worker-41: Launching QuickMart] INFO  o.eclipse.m2e.core.internal.Bundles - 	Entry: C:\Users\hp\.p2\pool\plugins\org.eclipse.m2e.maven.runtime_3.9.900.20250220-2013\jars\wagon-http-3.5.3.jar
2026-05-18 14:12:45,338 [Worker-41: Launching QuickMart] INFO  o.eclipse.m2e.core.internal.Bundles - 	Entry: C:\Users\hp\.p2\pool\plugins\org.eclipse.m2e.maven.runtime_3.9.900.20250220-2013\jars\wagon-http-shared-3.5.3.jar
2026-05-18 14:12:45,338 [Worker-41: Launching QuickMart] INFO  o.eclipse.m2e.core.internal.Bundles - 	Entry: C:\Users\hp\.p2\pool\plugins\org.eclipse.m2e.maven.runtime_3.9.900.20250220-2013\jars\wagon-provider-api-3.5.3.jar
2026-05-18 14:12:45,338 [Worker-41: Launching QuickMart] INFO  o.eclipse.m2e.core.internal.Bundles - getClasspathEntries(Bundle=com.google.guava_33.4.8.jre [1007])
2026-05-18 14:12:45,339 [Worker-41: Launching QuickMart] INFO  o.eclipse.m2e.core.internal.Bundles - 	Entry: C:\Users\hp\.p2\pool\plugins\com.google.guava_33.4.8.jre.jar
2026-05-18 14:12:45,339 [Worker-41: Launching QuickMart] INFO  o.eclipse.m2e.core.internal.Bundles - getClasspathEntries(Bundle=slf4j.api_2.0.17 [1001])
2026-05-18 14:12:45,340 [Worker-41: Launching QuickMart] INFO  o.eclipse.m2e.core.internal.Bundles - 	Entry: C:\Users\hp\.p2\pool\plugins\slf4j.api_2.0.17.jar
2026-05-18 14:12:45,340 [Worker-41: Launching QuickMart] INFO  o.eclipse.m2e.core.internal.Bundles - getClasspathEntries(Bundle=jakarta.inject.jakarta.inject-api_1.0.5 [34])
2026-05-18 14:12:45,340 [Worker-41: Launching QuickMart] INFO  o.eclipse.m2e.core.internal.Bundles - 	Entry: C:\Users\hp\.p2\pool\plugins\jakarta.inject.jakarta.inject-api_1.0.5.jar
2026-05-18 14:12:45,340 [Worker-41: Launching QuickMart] INFO  o.eclipse.m2e.core.internal.Bundles - getClasspathEntries(Bundle=javax.annotation_1.3.5.v20200909-1856 [1012])
2026-05-18 14:12:45,341 [Worker-41: Launching QuickMart] INFO  o.eclipse.m2e.core.internal.Bundles - 	Entry: C:\Users\hp\.p2\pool\plugins\javax.annotation_1.3.5.v20200909-1856.jar
2026-05-18 14:12:45,341 [Worker-41: Launching QuickMart] INFO  o.eclipse.m2e.core.internal.Bundles - getClasspathEntries(Bundle=org.apache.commons.cli_1.9.0 [74])
2026-05-18 14:12:45,341 [Worker-41: Launching QuickMart] INFO  o.eclipse.m2e.core.internal.Bundles - 	Entry: C:\Users\hp\.p2\pool\plugins\org.apache.commons.cli_1.9.0.jar
2026-05-18 14:12:45,341 [Worker-41: Launching QuickMart] INFO  o.eclipse.m2e.core.internal.Bundles - getClasspathEntries(Bundle=org.apache.commons.commons-codec_1.16.0 [76])
2026-05-18 14:12:45,342 [Worker-41: Launching QuickMart] INFO  o.eclipse.m2e.core.internal.Bundles - 	Entry: C:\Users\hp\.p2\pool\plugins\org.apache.commons.commons-codec_1.16.0.jar
2026-05-18 14:12:45,342 [Worker-41: Launching QuickMart] INFO  o.eclipse.m2e.core.internal.Bundles - getClasspathEntries(Bundle=com.google.guava.failureaccess_1.0.3 [1008])
2026-05-18 14:12:45,343 [Worker-41: Launching QuickMart] INFO  o.eclipse.m2e.core.internal.Bundles - 	Entry: C:\Users\hp\.p2\pool\plugins\com.google.guava.failureaccess_1.0.3.jar
2026-05-18 14:12:45,345 [Worker-41: Launching QuickMart] INFO  o.e.m.i.launch.MavenLaunchDelegate - Run build in "D:\Pranav All study Material\marktetplace\QuickMart":
2026-05-18 14:12:45,345 [Worker-41: Launching QuickMart] INFO  o.e.m.i.launch.MavenLaunchDelegate -  mvn  -B -Dstyle.color=always 
2026-05-18 14:12:45,467 [Worker-47: Building] INFO  o.a.m.s.f.DefaultMavenResourcesFiltering - Copying 1 resource from src\main\resources to target\classes
2026-05-18 14:12:45,479 [Worker-47: Building] INFO  o.a.m.s.f.DefaultMavenResourcesFiltering - Copying 0 resource from src\main\resources to target\classes
2026-05-18 14:12:45,484 [Worker-47: Building] INFO  o.a.m.s.f.DefaultMavenResourcesFiltering - skip non existing resourceDirectory D:\Pranav All study Material\marktetplace\QuickMart\src\test\resources
2026-05-18 14:13:29,033 [Worker-48: Building] INFO  o.a.m.s.f.DefaultMavenResourcesFiltering - Copying 1 resource from src\main\resources to target\classes
2026-05-18 14:13:29,042 [Worker-48: Building] INFO  o.a.m.s.f.DefaultMavenResourcesFiltering - Copying 0 resource from src\main\resources to target\classes
2026-05-18 14:13:29,046 [Worker-48: Building] INFO  o.a.m.s.f.DefaultMavenResourcesFiltering - skip non existing resourceDirectory D:\Pranav All study Material\marktetplace\QuickMart\src\test\resources
2026-05-18 14:13:33,001 [Worker-31: Launching QuickMart] INFO  o.eclipse.m2e.core.internal.Bundles - getClasspathEntries(Bundle=org.eclipse.m2e.maven.runtime_3.9.900.20250220-2013 [637])
2026-05-18 14:13:33,002 [Worker-31: Launching QuickMart] INFO  o.eclipse.m2e.core.internal.Bundles - 	Entry: C:\Users\hp\.p2\pool\plugins\org.eclipse.m2e.maven.runtime_3.9.900.20250220-2013
2026-05-18 14:13:33,003 [Worker-31: Launching QuickMart] INFO  o.eclipse.m2e.core.internal.Bundles - 	Entry: C:\Users\hp\.p2\pool\plugins\org.eclipse.m2e.maven.runtime_3.9.900.20250220-2013\jars\aopalliance-1.0.jar
2026-05-18 14:13:33,003 [Worker-31: Launching QuickMart] INFO  o.eclipse.m2e.core.internal.Bundles - 	Entry: C:\Users\hp\.p2\pool\plugins\org.eclipse.m2e.maven.runtime_3.9.900.20250220-2013\jars\guice-5.1.0.jar
2026-05-18 14:13:33,003 [Worker-31: Launching QuickMart] INFO  o.eclipse.m2e.core.internal.Bundles - 	Entry: C:\Users\hp\.p2\pool\plugins\org.eclipse.m2e.maven.runtime_3.9.900.20250220-2013\jars\httpclient-4.5.14.jar
2026-05-18 14:13:33,004 [Worker-31: Launching QuickMart] INFO  o.eclipse.m2e.core.internal.Bundles - 	Entry: C:\Users\hp\.p2\pool\plugins\org.eclipse.m2e.maven.runtime_3.9.900.20250220-2013\jars\httpcore-4.4.16.jar
2026-05-18 14:13:33,004 [Worker-31: Launching QuickMart] INFO  o.eclipse.m2e.core.internal.Bundles - 	Entry: C:\Users\hp\.p2\pool\plugins\org.eclipse.m2e.maven.runtime_3.9.900.20250220-2013\jars\jansi-2.4.1.jar
2026-05-18 14:13:33,004 [Worker-31: Launching QuickMart] INFO  o.eclipse.m2e.core.internal.Bundles - 	Entry: C:\Users\hp\.p2\pool\plugins\org.eclipse.m2e.maven.runtime_3.9.900.20250220-2013\jars\jcl-over-slf4j-1.7.36.jar
2026-05-18 14:13:33,004 [Worker-31: Launching QuickMart] INFO  o.eclipse.m2e.core.internal.Bundles - 	Entry: C:\Users\hp\.p2\pool\plugins\org.eclipse.m2e.maven.runtime_3.9.900.20250220-2013\jars\maven-artifact-3.9.9.jar
2026-05-18 14:13:33,005 [Worker-31: Launching QuickMart] INFO  o.eclipse.m2e.core.internal.Bundles - 	Entry: C:\Users\hp\.p2\pool\plugins\org.eclipse.m2e.maven.runtime_3.9.900.20250220-2013\jars\maven-builder-support-3.9.9.jar
2026-05-18 14:13:33,005 [Worker-31: Launching QuickMart] INFO  o.eclipse.m2e.core.internal.Bundles - 	Entry: C:\Users\hp\.p2\pool\plugins\org.eclipse.m2e.maven.runtime_3.9.900.20250220-2013\jars\maven-compat-3.9.9.jar
2026-05-18 14:13:33,005 [Worker-31: Launching QuickMart] INFO  o.eclipse.m2e.core.internal.Bundles - 	Entry: C:\Users\hp\.p2\pool\plugins\org.eclipse.m2e.maven.runtime_3.9.900.20250220-2013\jars\maven-core-3.9.9.jar
2026-05-18 14:13:33,005 [Worker-31: Launching QuickMart] INFO  o.eclipse.m2e.core.internal.Bundles - 	Entry: C:\Users\hp\.p2\pool\plugins\org.eclipse.m2e.maven.runtime_3.9.900.20250220-2013\jars\maven-embedder-3.9.9.jar
2026-05-18 14:13:33,005 [Worker-31: Launching QuickMart] INFO  o.eclipse.m2e.core.internal.Bundles - 	Entry: C:\Users\hp\.p2\pool\plugins\org.eclipse.m2e.maven.runtime_3.9.900.20250220-2013\jars\maven-model-3.9.9.jar
2026-05-18 14:13:33,006 [Worker-31: Launching QuickMart] INFO  o.eclipse.m2e.core.internal.Bundles - 	Entry: C:\Users\hp\.p2\pool\plugins\org.eclipse.m2e.maven.runtime_3.9.900.20250220-2013\jars\maven-model-builder-3.9.9.jar
2026-05-18 14:13:33,006 [Worker-31: Launching QuickMart] INFO  o.eclipse.m2e.core.internal.Bundles - 	Entry: C:\Users\hp\.p2\pool\plugins\org.eclipse.m2e.maven.runtime_3.9.900.20250220-2013\jars\maven-plugin-api-3.9.9.jar
2026-05-18 14:13:33,006 [Worker-31: Launching QuickMart] INFO  o.eclipse.m2e.core.internal.Bundles - 	Entry: C:\Users\hp\.p2\pool\plugins\org.eclipse.m2e.maven.runtime_3.9.900.20250220-2013\jars\maven-repository-metadata-3.9.9.jar
2026-05-18 14:13:33,006 [Worker-31: Launching QuickMart] INFO  o.eclipse.m2e.core.internal.Bundles - 	Entry: C:\Users\hp\.p2\pool\plugins\org.eclipse.m2e.maven.runtime_3.9.900.20250220-2013\jars\maven-resolver-api-1.9.22.jar
2026-05-18 14:13:33,006 [Worker-31: Launching QuickMart] INFO  o.eclipse.m2e.core.internal.Bundles - 	Entry: C:\Users\hp\.p2\pool\plugins\org.eclipse.m2e.maven.runtime_3.9.900.20250220-2013\jars\maven-resolver-connector-basic-1.9.22.jar
2026-05-18 14:13:33,007 [Worker-31: Launching QuickMart] INFO  o.eclipse.m2e.core.internal.Bundles - 	Entry: C:\Users\hp\.p2\pool\plugins\org.eclipse.m2e.maven.runtime_3.9.900.20250220-2013\jars\maven-resolver-impl-1.9.22.jar
2026-05-18 14:13:33,007 [Worker-31: Launching QuickMart] INFO  o.eclipse.m2e.core.internal.Bundles - 	Entry: C:\Users\hp\.p2\pool\plugins\org.eclipse.m2e.maven.runtime_3.9.900.20250220-2013\jars\maven-resolver-named-locks-1.9.22.jar
2026-05-18 14:13:33,007 [Worker-31: Launching QuickMart] INFO  o.eclipse.m2e.core.internal.Bundles - 	Entry: C:\Users\hp\.p2\pool\plugins\org.eclipse.m2e.maven.runtime_3.9.900.20250220-2013\jars\maven-resolver-provider-3.9.9.jar
2026-05-18 14:13:33,007 [Worker-31: Launching QuickMart] INFO  o.eclipse.m2e.core.internal.Bundles - 	Entry: C:\Users\hp\.p2\pool\plugins\org.eclipse.m2e.maven.runtime_3.9.900.20250220-2013\jars\maven-resolver-spi-1.9.22.jar
2026-05-18 14:13:33,007 [Worker-31: Launching QuickMart] INFO  o.eclipse.m2e.core.internal.Bundles - 	Entry: C:\Users\hp\.p2\pool\plugins\org.eclipse.m2e.maven.runtime_3.9.900.20250220-2013\jars\maven-resolver-transport-file-1.9.22.jar
2026-05-18 14:13:33,007 [Worker-31: Launching QuickMart] INFO  o.eclipse.m2e.core.internal.Bundles - 	Entry: C:\Users\hp\.p2\pool\plugins\org.eclipse.m2e.maven.runtime_3.9.900.20250220-2013\jars\maven-resolver-transport-http-1.9.22.jar
2026-05-18 14:13:33,007 [Worker-31: Launching QuickMart] INFO  o.eclipse.m2e.core.internal.Bundles - 	Entry: C:\Users\hp\.p2\pool\plugins\org.eclipse.m2e.maven.runtime_3.9.900.20250220-2013\jars\maven-resolver-transport-wagon-1.9.22.jar
2026-05-18 14:13:33,007 [Worker-31: Launching QuickMart] INFO  o.eclipse.m2e.core.internal.Bundles - 	Entry: C:\Users\hp\.p2\pool\plugins\org.eclipse.m2e.maven.runtime_3.9.900.20250220-2013\jars\maven-resolver-util-1.9.22.jar
2026-05-18 14:13:33,008 [Worker-31: Launching QuickMart] INFO  o.eclipse.m2e.core.internal.Bundles - 	Entry: C:\Users\hp\.p2\pool\plugins\org.eclipse.m2e.maven.runtime_3.9.900.20250220-2013\jars\maven-settings-3.9.9.jar
2026-05-18 14:13:33,008 [Worker-31: Launching QuickMart] INFO  o.eclipse.m2e.core.internal.Bundles - 	Entry: C:\Users\hp\.p2\pool\plugins\org.eclipse.m2e.maven.runtime_3.9.900.20250220-2013\jars\maven-settings-builder-3.9.9.jar
2026-05-18 14:13:33,008 [Worker-31: Launching QuickMart] INFO  o.eclipse.m2e.core.internal.Bundles - 	Entry: C:\Users\hp\.p2\pool\plugins\org.eclipse.m2e.maven.runtime_3.9.900.20250220-2013\jars\maven-shared-utils-3.4.2.jar
2026-05-18 14:13:33,008 [Worker-31: Launching QuickMart] INFO  o.eclipse.m2e.core.internal.Bundles - 	Entry: C:\Users\hp\.p2\pool\plugins\org.eclipse.m2e.maven.runtime_3.9.900.20250220-2013\jars\org.eclipse.sisu.inject-0.9.0.M3.jar
2026-05-18 14:13:33,008 [Worker-31: Launching QuickMart] INFO  o.eclipse.m2e.core.internal.Bundles - 	Entry: C:\Users\hp\.p2\pool\plugins\org.eclipse.m2e.maven.runtime_3.9.900.20250220-2013\jars\org.eclipse.sisu.plexus-0.9.0.M3.jar
2026-05-18 14:13:33,008 [Worker-31: Launching QuickMart] INFO  o.eclipse.m2e.core.internal.Bundles - 	Entry: C:\Users\hp\.p2\pool\plugins\org.eclipse.m2e.maven.runtime_3.9.900.20250220-2013\jars\plexus-build-api-0.0.7.jar
2026-05-18 14:13:33,008 [Worker-31: Launching QuickMart] INFO  o.eclipse.m2e.core.internal.Bundles - 	Entry: C:\Users\hp\.p2\pool\plugins\org.eclipse.m2e.maven.runtime_3.9.900.20250220-2013\jars\plexus-build-api-1.2.0.jar
2026-05-18 14:13:33,008 [Worker-31: Launching QuickMart] INFO  o.eclipse.m2e.core.internal.Bundles - 	Entry: C:\Users\hp\.p2\pool\plugins\org.eclipse.m2e.maven.runtime_3.9.900.20250220-2013\jars\plexus-cipher-2.0.jar
2026-05-18 14:13:33,008 [Worker-31: Launching QuickMart] INFO  o.eclipse.m2e.core.internal.Bundles - 	Entry: C:\Users\hp\.p2\pool\plugins\org.eclipse.m2e.maven.runtime_3.9.900.20250220-2013\jars\plexus-classworlds-2.8.0.jar
2026-05-18 14:13:33,009 [Worker-31: Launching QuickMart] INFO  o.eclipse.m2e.core.internal.Bundles - 	Entry: C:\Users\hp\.p2\pool\plugins\org.eclipse.m2e.maven.runtime_3.9.900.20250220-2013\jars\plexus-component-annotations-2.1.0.jar
2026-05-18 14:13:33,009 [Worker-31: Launching QuickMart] INFO  o.eclipse.m2e.core.internal.Bundles - 	Entry: C:\Users\hp\.p2\pool\plugins\org.eclipse.m2e.maven.runtime_3.9.900.20250220-2013\jars\plexus-interpolation-1.27.jar
2026-05-18 14:13:33,009 [Worker-31: Launching QuickMart] INFO  o.eclipse.m2e.core.internal.Bundles - 	Entry: C:\Users\hp\.p2\pool\plugins\org.eclipse.m2e.maven.runtime_3.9.900.20250220-2013\jars\plexus-sec-dispatcher-2.0.jar
2026-05-18 14:13:33,009 [Worker-31: Launching QuickMart] INFO  o.eclipse.m2e.core.internal.Bundles - 	Entry: C:\Users\hp\.p2\pool\plugins\org.eclipse.m2e.maven.runtime_3.9.900.20250220-2013\jars\plexus-utils-3.5.1.jar
2026-05-18 14:13:33,009 [Worker-31: Launching QuickMart] INFO  o.eclipse.m2e.core.internal.Bundles - 	Entry: C:\Users\hp\.p2\pool\plugins\org.eclipse.m2e.maven.runtime_3.9.900.20250220-2013\jars\plexus-xml-3.0.1.jar
2026-05-18 14:13:33,009 [Worker-31: Launching QuickMart] INFO  o.eclipse.m2e.core.internal.Bundles - 	Entry: C:\Users\hp\.p2\pool\plugins\org.eclipse.m2e.maven.runtime_3.9.900.20250220-2013\jars\wagon-file-3.5.3.jar
2026-05-18 14:13:33,009 [Worker-31: Launching QuickMart] INFO  o.eclipse.m2e.core.internal.Bundles - 	Entry: C:\Users\hp\.p2\pool\plugins\org.eclipse.m2e.maven.runtime_3.9.900.20250220-2013\jars\wagon-http-3.5.3.jar
2026-05-18 14:13:33,009 [Worker-31: Launching QuickMart] INFO  o.eclipse.m2e.core.internal.Bundles - 	Entry: C:\Users\hp\.p2\pool\plugins\org.eclipse.m2e.maven.runtime_3.9.900.20250220-2013\jars\wagon-http-shared-3.5.3.jar
2026-05-18 14:13:33,009 [Worker-31: Launching QuickMart] INFO  o.eclipse.m2e.core.internal.Bundles - 	Entry: C:\Users\hp\.p2\pool\plugins\org.eclipse.m2e.maven.runtime_3.9.900.20250220-2013\jars\wagon-provider-api-3.5.3.jar
2026-05-18 14:13:33,010 [Worker-31: Launching QuickMart] INFO  o.eclipse.m2e.core.internal.Bundles - getClasspathEntries(Bundle=com.google.guava_33.4.8.jre [1007])
2026-05-18 14:13:33,011 [Worker-31: Launching QuickMart] INFO  o.eclipse.m2e.core.internal.Bundles - 	Entry: C:\Users\hp\.p2\pool\plugins\com.google.guava_33.4.8.jre.jar
2026-05-18 14:13:33,012 [Worker-31: Launching QuickMart] INFO  o.eclipse.m2e.core.internal.Bundles - getClasspathEntries(Bundle=slf4j.api_2.0.17 [1001])
2026-05-18 14:13:33,012 [Worker-31: Launching QuickMart] INFO  o.eclipse.m2e.core.internal.Bundles - 	Entry: C:\Users\hp\.p2\pool\plugins\slf4j.api_2.0.17.jar
2026-05-18 14:13:33,012 [Worker-31: Launching QuickMart] INFO  o.eclipse.m2e.core.internal.Bundles - getClasspathEntries(Bundle=jakarta.inject.jakarta.inject-api_1.0.5 [34])
2026-05-18 14:13:33,013 [Worker-31: Launching QuickMart] INFO  o.eclipse.m2e.core.internal.Bundles - 	Entry: C:\Users\hp\.p2\pool\plugins\jakarta.inject.jakarta.inject-api_1.0.5.jar
2026-05-18 14:13:33,013 [Worker-31: Launching QuickMart] INFO  o.eclipse.m2e.core.internal.Bundles - getClasspathEntries(Bundle=javax.annotation_1.3.5.v20200909-1856 [1012])
2026-05-18 14:13:33,013 [Worker-31: Launching QuickMart] INFO  o.eclipse.m2e.core.internal.Bundles - 	Entry: C:\Users\hp\.p2\pool\plugins\javax.annotation_1.3.5.v20200909-1856.jar
2026-05-18 14:13:33,013 [Worker-31: Launching QuickMart] INFO  o.eclipse.m2e.core.internal.Bundles - getClasspathEntries(Bundle=org.apache.commons.cli_1.9.0 [74])
2026-05-18 14:13:33,014 [Worker-31: Launching QuickMart] INFO  o.eclipse.m2e.core.internal.Bundles - 	Entry: C:\Users\hp\.p2\pool\plugins\org.apache.commons.cli_1.9.0.jar
2026-05-18 14:13:33,014 [Worker-31: Launching QuickMart] INFO  o.eclipse.m2e.core.internal.Bundles - getClasspathEntries(Bundle=org.apache.commons.commons-codec_1.16.0 [76])
2026-05-18 14:13:33,014 [Worker-31: Launching QuickMart] INFO  o.eclipse.m2e.core.internal.Bundles - 	Entry: C:\Users\hp\.p2\pool\plugins\org.apache.commons.commons-codec_1.16.0.jar
2026-05-18 14:13:33,014 [Worker-31: Launching QuickMart] INFO  o.eclipse.m2e.core.internal.Bundles - getClasspathEntries(Bundle=com.google.guava.failureaccess_1.0.3 [1008])
2026-05-18 14:13:33,014 [Worker-31: Launching QuickMart] INFO  o.eclipse.m2e.core.internal.Bundles - 	Entry: C:\Users\hp\.p2\pool\plugins\com.google.guava.failureaccess_1.0.3.jar
2026-05-18 14:13:33,016 [Worker-31: Launching QuickMart] INFO  o.e.m.i.launch.MavenLaunchDelegate - Run build in "D:\Pranav All study Material\marktetplace\QuickMart":
2026-05-18 14:13:33,016 [Worker-31: Launching QuickMart] INFO  o.e.m.i.launch.MavenLaunchDelegate -  mvn  -B -Dstyle.color=always 
2026-05-18 14:13:39,406 [Worker-49: Searching...] INFO  o.eclipse.m2e.core.internal.Bundles - getClasspathEntries(Bundle=org.eclipse.m2e.workspace.cli_0.4.0 [649])
2026-05-18 14:13:39,407 [Worker-49: Searching...] INFO  o.eclipse.m2e.core.internal.Bundles - 	Entry: C:\Users\hp\.p2\pool\plugins\org.eclipse.m2e.workspace.cli_0.4.0.jar
2026-05-18 14:13:39,662 [Worker-49: Searching...] INFO  o.e.m.c.i.e.AbstractTransferListenerAdapter - Downloading https://repo.maven.apache.org/maven2/io/takari/m2e/workspace/org.eclipse.m2e.workspace.cli/0.4.0/org.eclipse.m2e.workspace.cli-0.4.0-sources.jar
2026-05-18 14:13:39,918 [Worker-49: Searching...] INFO  o.e.m.c.i.e.AbstractTransferListenerAdapter - Downloaded https://repo.maven.apache.org/maven2/io/takari/m2e/workspace/org.eclipse.m2e.workspace.cli/0.4.0/org.eclipse.m2e.workspace.cli-0.4.0-sources.jar
2026-05-18 14:13:39,924 [Worker-49: Searching...] INFO  o.eclipse.m2e.core.internal.Bundles - getClasspathEntries(Bundle=org.eclipse.m2e.maven.runtime_3.9.900.20250220-2013 [637])
2026-05-18 14:13:39,925 [Worker-49: Searching...] INFO  o.eclipse.m2e.core.internal.Bundles - 	Entry: C:\Users\hp\.p2\pool\plugins\org.eclipse.m2e.maven.runtime_3.9.900.20250220-2013
2026-05-18 14:13:39,926 [Worker-49: Searching...] INFO  o.eclipse.m2e.core.internal.Bundles - 	Entry: C:\Users\hp\.p2\pool\plugins\org.eclipse.m2e.maven.runtime_3.9.900.20250220-2013\jars\aopalliance-1.0.jar
2026-05-18 14:13:39,926 [Worker-49: Searching...] INFO  o.eclipse.m2e.core.internal.Bundles - 	Entry: C:\Users\hp\.p2\pool\plugins\org.eclipse.m2e.maven.runtime_3.9.900.20250220-2013\jars\guice-5.1.0.jar
2026-05-18 14:13:39,926 [Worker-49: Searching...] INFO  o.eclipse.m2e.core.internal.Bundles - 	Entry: C:\Users\hp\.p2\pool\plugins\org.eclipse.m2e.maven.runtime_3.9.900.20250220-2013\jars\httpclient-4.5.14.jar
2026-05-18 14:13:39,926 [Worker-49: Searching...] INFO  o.eclipse.m2e.core.internal.Bundles - 	Entry: C:\Users\hp\.p2\pool\plugins\org.eclipse.m2e.maven.runtime_3.9.900.20250220-2013\jars\httpcore-4.4.16.jar
2026-05-18 14:13:39,926 [Worker-49: Searching...] INFO  o.eclipse.m2e.core.internal.Bundles - 	Entry: C:\Users\hp\.p2\pool\plugins\org.eclipse.m2e.maven.runtime_3.9.900.20250220-2013\jars\jansi-2.4.1.jar
2026-05-18 14:13:39,926 [Worker-49: Searching...] INFO  o.eclipse.m2e.core.internal.Bundles - 	Entry: C:\Users\hp\.p2\pool\plugins\org.eclipse.m2e.maven.runtime_3.9.900.20250220-2013\jars\jcl-over-slf4j-1.7.36.jar
2026-05-18 14:13:39,927 [Worker-49: Searching...] INFO  o.eclipse.m2e.core.internal.Bundles - 	Entry: C:\Users\hp\.p2\pool\plugins\org.eclipse.m2e.maven.runtime_3.9.900.20250220-2013\jars\maven-artifact-3.9.9.jar
2026-05-18 14:13:39,927 [Worker-49: Searching...] INFO  o.eclipse.m2e.core.internal.Bundles - 	Entry: C:\Users\hp\.p2\pool\plugins\org.eclipse.m2e.maven.runtime_3.9.900.20250220-2013\jars\maven-builder-support-3.9.9.jar
2026-05-18 14:13:39,927 [Worker-49: Searching...] INFO  o.eclipse.m2e.core.internal.Bundles - 	Entry: C:\Users\hp\.p2\pool\plugins\org.eclipse.m2e.maven.runtime_3.9.900.20250220-2013\jars\maven-compat-3.9.9.jar
2026-05-18 14:13:39,927 [Worker-49: Searching...] INFO  o.eclipse.m2e.core.internal.Bundles - 	Entry: C:\Users\hp\.p2\pool\plugins\org.eclipse.m2e.maven.runtime_3.9.900.20250220-2013\jars\maven-core-3.9.9.jar
2026-05-18 14:13:39,928 [Worker-49: Searching...] INFO  o.eclipse.m2e.core.internal.Bundles - 	Entry: C:\Users\hp\.p2\pool\plugins\org.eclipse.m2e.maven.runtime_3.9.900.20250220-2013\jars\maven-embedder-3.9.9.jar
2026-05-18 14:13:39,928 [Worker-49: Searching...] INFO  o.eclipse.m2e.core.internal.Bundles - 	Entry: C:\Users\hp\.p2\pool\plugins\org.eclipse.m2e.maven.runtime_3.9.900.20250220-2013\jars\maven-model-3.9.9.jar
2026-05-18 14:13:39,928 [Worker-49: Searching...] INFO  o.eclipse.m2e.core.internal.Bundles - 	Entry: C:\Users\hp\.p2\pool\plugins\org.eclipse.m2e.maven.runtime_3.9.900.20250220-2013\jars\maven-model-builder-3.9.9.jar
2026-05-18 14:13:39,928 [Worker-49: Searching...] INFO  o.eclipse.m2e.core.internal.Bundles - 	Entry: C:\Users\hp\.p2\pool\plugins\org.eclipse.m2e.maven.runtime_3.9.900.20250220-2013\jars\maven-plugin-api-3.9.9.jar
2026-05-18 14:13:39,929 [Worker-49: Searching...] INFO  o.eclipse.m2e.core.internal.Bundles - 	Entry: C:\Users\hp\.p2\pool\plugins\org.eclipse.m2e.maven.runtime_3.9.900.20250220-2013\jars\maven-repository-metadata-3.9.9.jar
2026-05-18 14:13:39,929 [Worker-49: Searching...] INFO  o.eclipse.m2e.core.internal.Bundles - 	Entry: C:\Users\hp\.p2\pool\plugins\org.eclipse.m2e.maven.runtime_3.9.900.20250220-2013\jars\maven-resolver-api-1.9.22.jar
2026-05-18 14:13:39,929 [Worker-49: Searching...] INFO  o.eclipse.m2e.core.internal.Bundles - 	Entry: C:\Users\hp\.p2\pool\plugins\org.eclipse.m2e.maven.runtime_3.9.900.20250220-2013\jars\maven-resolver-connector-basic-1.9.22.jar
2026-05-18 14:13:39,929 [Worker-49: Searching...] INFO  o.eclipse.m2e.core.internal.Bundles - 	Entry: C:\Users\hp\.p2\pool\plugins\org.eclipse.m2e.maven.runtime_3.9.900.20250220-2013\jars\maven-resolver-impl-1.9.22.jar
2026-05-18 14:13:39,930 [Worker-49: Searching...] INFO  o.eclipse.m2e.core.internal.Bundles - 	Entry: C:\Users\hp\.p2\pool\plugins\org.eclipse.m2e.maven.runtime_3.9.900.20250220-2013\jars\maven-resolver-named-locks-1.9.22.jar
2026-05-18 14:13:39,930 [Worker-49: Searching...] INFO  o.eclipse.m2e.core.internal.Bundles - 	Entry: C:\Users\hp\.p2\pool\plugins\org.eclipse.m2e.maven.runtime_3.9.900.20250220-2013\jars\maven-resolver-provider-3.9.9.jar
2026-05-18 14:13:39,930 [Worker-49: Searching...] INFO  o.eclipse.m2e.core.internal.Bundles - 	Entry: C:\Users\hp\.p2\pool\plugins\org.eclipse.m2e.maven.runtime_3.9.900.20250220-2013\jars\maven-resolver-spi-1.9.22.jar
2026-05-18 14:13:39,930 [Worker-49: Searching...] INFO  o.eclipse.m2e.core.internal.Bundles - 	Entry: C:\Users\hp\.p2\pool\plugins\org.eclipse.m2e.maven.runtime_3.9.900.20250220-2013\jars\maven-resolver-transport-file-1.9.22.jar
2026-05-18 14:13:39,931 [Worker-49: Searching...] INFO  o.eclipse.m2e.core.internal.Bundles - 	Entry: C:\Users\hp\.p2\pool\plugins\org.eclipse.m2e.maven.runtime_3.9.900.20250220-2013\jars\maven-resolver-transport-http-1.9.22.jar
2026-05-18 14:13:39,931 [Worker-49: Searching...] INFO  o.eclipse.m2e.core.internal.Bundles - 	Entry: C:\Users\hp\.p2\pool\plugins\org.eclipse.m2e.maven.runtime_3.9.900.20250220-2013\jars\maven-resolver-transport-wagon-1.9.22.jar
2026-05-18 14:13:39,931 [Worker-49: Searching...] INFO  o.eclipse.m2e.core.internal.Bundles - 	Entry: C:\Users\hp\.p2\pool\plugins\org.eclipse.m2e.maven.runtime_3.9.900.20250220-2013\jars\maven-resolver-util-1.9.22.jar
2026-05-18 14:13:39,931 [Worker-49: Searching...] INFO  o.eclipse.m2e.core.internal.Bundles - 	Entry: C:\Users\hp\.p2\pool\plugins\org.eclipse.m2e.maven.runtime_3.9.900.20250220-2013\jars\maven-settings-3.9.9.jar
2026-05-18 14:13:39,931 [Worker-49: Searching...] INFO  o.eclipse.m2e.core.internal.Bundles - 	Entry: C:\Users\hp\.p2\pool\plugins\org.eclipse.m2e.maven.runtime_3.9.900.20250220-2013\jars\maven-settings-builder-3.9.9.jar
2026-05-18 14:13:39,932 [Worker-49: Searching...] INFO  o.eclipse.m2e.core.internal.Bundles - 	Entry: C:\Users\hp\.p2\pool\plugins\org.eclipse.m2e.maven.runtime_3.9.900.20250220-2013\jars\maven-shared-utils-3.4.2.jar
2026-05-18 14:13:39,932 [Worker-49: Searching...] INFO  o.eclipse.m2e.core.internal.Bundles - 	Entry: C:\Users\hp\.p2\pool\plugins\org.eclipse.m2e.maven.runtime_3.9.900.20250220-2013\jars\org.eclipse.sisu.inject-0.9.0.M3.jar
2026-05-18 14:13:39,932 [Worker-49: Searching...] INFO  o.eclipse.m2e.core.internal.Bundles - 	Entry: C:\Users\hp\.p2\pool\plugins\org.eclipse.m2e.maven.runtime_3.9.900.20250220-2013\jars\org.eclipse.sisu.plexus-0.9.0.M3.jar
2026-05-18 14:13:39,932 [Worker-49: Searching...] INFO  o.eclipse.m2e.core.internal.Bundles - 	Entry: C:\Users\hp\.p2\pool\plugins\org.eclipse.m2e.maven.runtime_3.9.900.20250220-2013\jars\plexus-build-api-0.0.7.jar
2026-05-18 14:13:39,932 [Worker-49: Searching...] INFO  o.eclipse.m2e.core.internal.Bundles - 	Entry: C:\Users\hp\.p2\pool\plugins\org.eclipse.m2e.maven.runtime_3.9.900.20250220-2013\jars\plexus-build-api-1.2.0.jar
2026-05-18 14:13:39,933 [Worker-49: Searching...] INFO  o.eclipse.m2e.core.internal.Bundles - 	Entry: C:\Users\hp\.p2\pool\plugins\org.eclipse.m2e.maven.runtime_3.9.900.20250220-2013\jars\plexus-cipher-2.0.jar
2026-05-18 14:13:39,933 [Worker-49: Searching...] INFO  o.eclipse.m2e.core.internal.Bundles - 	Entry: C:\Users\hp\.p2\pool\plugins\org.eclipse.m2e.maven.runtime_3.9.900.20250220-2013\jars\plexus-classworlds-2.8.0.jar
2026-05-18 14:13:39,933 [Worker-49: Searching...] INFO  o.eclipse.m2e.core.internal.Bundles - 	Entry: C:\Users\hp\.p2\pool\plugins\org.eclipse.m2e.maven.runtime_3.9.900.20250220-2013\jars\plexus-component-annotations-2.1.0.jar
2026-05-18 14:13:39,933 [Worker-49: Searching...] INFO  o.eclipse.m2e.core.internal.Bundles - 	Entry: C:\Users\hp\.p2\pool\plugins\org.eclipse.m2e.maven.runtime_3.9.900.20250220-2013\jars\plexus-interpolation-1.27.jar
2026-05-18 14:13:39,933 [Worker-49: Searching...] INFO  o.eclipse.m2e.core.internal.Bundles - 	Entry: C:\Users\hp\.p2\pool\plugins\org.eclipse.m2e.maven.runtime_3.9.900.20250220-2013\jars\plexus-sec-dispatcher-2.0.jar
2026-05-18 14:13:39,933 [Worker-49: Searching...] INFO  o.eclipse.m2e.core.internal.Bundles - 	Entry: C:\Users\hp\.p2\pool\plugins\org.eclipse.m2e.maven.runtime_3.9.900.20250220-2013\jars\plexus-utils-3.5.1.jar
2026-05-18 14:13:39,934 [Worker-49: Searching...] INFO  o.eclipse.m2e.core.internal.Bundles - 	Entry: C:\Users\hp\.p2\pool\plugins\org.eclipse.m2e.maven.runtime_3.9.900.20250220-2013\jars\plexus-xml-3.0.1.jar
2026-05-18 14:13:39,934 [Worker-49: Searching...] INFO  o.eclipse.m2e.core.internal.Bundles - 	Entry: C:\Users\hp\.p2\pool\plugins\org.eclipse.m2e.maven.runtime_3.9.900.20250220-2013\jars\wagon-file-3.5.3.jar
2026-05-18 14:13:39,934 [Worker-49: Searching...] INFO  o.eclipse.m2e.core.internal.Bundles - 	Entry: C:\Users\hp\.p2\pool\plugins\org.eclipse.m2e.maven.runtime_3.9.900.20250220-2013\jars\wagon-http-3.5.3.jar
2026-05-18 14:13:39,934 [Worker-49: Searching...] INFO  o.eclipse.m2e.core.internal.Bundles - 	Entry: C:\Users\hp\.p2\pool\plugins\org.eclipse.m2e.maven.runtime_3.9.900.20250220-2013\jars\wagon-http-shared-3.5.3.jar
2026-05-18 14:13:39,935 [Worker-49: Searching...] INFO  o.eclipse.m2e.core.internal.Bundles - 	Entry: C:\Users\hp\.p2\pool\plugins\org.eclipse.m2e.maven.runtime_3.9.900.20250220-2013\jars\wagon-provider-api-3.5.3.jar
2026-05-18 14:13:39,935 [Worker-49: Searching...] INFO  o.eclipse.m2e.core.internal.Bundles - getClasspathEntries(Bundle=com.google.guava_33.4.8.jre [1007])
2026-05-18 14:13:39,936 [Worker-49: Searching...] INFO  o.eclipse.m2e.core.internal.Bundles - 	Entry: C:\Users\hp\.p2\pool\plugins\com.google.guava_33.4.8.jre.jar
2026-05-18 14:13:39,936 [Worker-49: Searching...] INFO  o.eclipse.m2e.core.internal.Bundles - getClasspathEntries(Bundle=slf4j.api_2.0.17 [1001])
2026-05-18 14:13:39,937 [Worker-49: Searching...] INFO  o.eclipse.m2e.core.internal.Bundles - 	Entry: C:\Users\hp\.p2\pool\plugins\slf4j.api_2.0.17.jar
2026-05-18 14:13:39,937 [Worker-49: Searching...] INFO  o.eclipse.m2e.core.internal.Bundles - getClasspathEntries(Bundle=jakarta.inject.jakarta.inject-api_1.0.5 [34])
2026-05-18 14:13:39,937 [Worker-49: Searching...] INFO  o.eclipse.m2e.core.internal.Bundles - 	Entry: C:\Users\hp\.p2\pool\plugins\jakarta.inject.jakarta.inject-api_1.0.5.jar
2026-05-18 14:13:39,937 [Worker-49: Searching...] INFO  o.eclipse.m2e.core.internal.Bundles - getClasspathEntries(Bundle=javax.annotation_1.3.5.v20200909-1856 [1012])
2026-05-18 14:13:39,938 [Worker-49: Searching...] INFO  o.eclipse.m2e.core.internal.Bundles - 	Entry: C:\Users\hp\.p2\pool\plugins\javax.annotation_1.3.5.v20200909-1856.jar
2026-05-18 14:13:39,938 [Worker-49: Searching...] INFO  o.eclipse.m2e.core.internal.Bundles - getClasspathEntries(Bundle=org.apache.commons.cli_1.9.0 [74])
2026-05-18 14:13:39,938 [Worker-49: Searching...] INFO  o.eclipse.m2e.core.internal.Bundles - 	Entry: C:\Users\hp\.p2\pool\plugins\org.apache.commons.cli_1.9.0.jar
2026-05-18 14:13:39,938 [Worker-49: Searching...] INFO  o.eclipse.m2e.core.internal.Bundles - getClasspathEntries(Bundle=org.apache.commons.commons-codec_1.16.0 [76])
2026-05-18 14:13:39,938 [Worker-49: Searching...] INFO  o.eclipse.m2e.core.internal.Bundles - 	Entry: C:\Users\hp\.p2\pool\plugins\org.apache.commons.commons-codec_1.16.0.jar
2026-05-18 14:13:39,938 [Worker-49: Searching...] INFO  o.eclipse.m2e.core.internal.Bundles - getClasspathEntries(Bundle=com.google.guava.failureaccess_1.0.3 [1008])
2026-05-18 14:13:39,939 [Worker-49: Searching...] INFO  o.eclipse.m2e.core.internal.Bundles - 	Entry: C:\Users\hp\.p2\pool\plugins\com.google.guava.failureaccess_1.0.3.jar
2026-05-18 14:13:40,068 [Worker-49: Searching...] INFO  o.e.m.c.i.e.AbstractTransferListenerAdapter - Downloading https://repo.maven.apache.org/maven2/org/codehaus/plexus/plexus-classworlds/2.8.0/plexus-classworlds-2.8.0-sources.jar
2026-05-18 14:13:40,131 [Worker-49: Searching...] INFO  o.e.m.c.i.e.AbstractTransferListenerAdapter - Downloaded https://repo.maven.apache.org/maven2/org/codehaus/plexus/plexus-classworlds/2.8.0/plexus-classworlds-2.8.0-sources.jar
2026-05-18 14:13:40,293 [Worker-49: Searching...] INFO  o.e.m.c.i.e.AbstractTransferListenerAdapter - Downloading https://repo.maven.apache.org/maven2/org/apache/httpcomponents/httpclient/4.5.14/httpclient-4.5.14-sources.jar
2026-05-18 14:13:40,484 [Worker-49: Searching...] INFO  o.e.m.c.i.e.AbstractTransferListenerAdapter - Downloaded https://repo.maven.apache.org/maven2/org/apache/httpcomponents/httpclient/4.5.14/httpclient-4.5.14-sources.jar
2026-05-18 14:13:40,670 [Worker-49: Searching...] INFO  o.e.m.c.i.e.AbstractTransferListenerAdapter - Downloading https://repo.maven.apache.org/maven2/org/apache/httpcomponents/httpcore/4.4.16/httpcore-4.4.16-sources.jar
2026-05-18 14:13:40,912 [Worker-49: Searching...] INFO  o.e.m.c.i.e.AbstractTransferListenerAdapter - Downloaded https://repo.maven.apache.org/maven2/org/apache/httpcomponents/httpcore/4.4.16/httpcore-4.4.16-sources.jar
2026-05-18 14:13:41,134 [Worker-49: Searching...] INFO  o.e.m.c.i.e.AbstractTransferListenerAdapter - Downloading https://repo.maven.apache.org/maven2/org/fusesource/jansi/jansi/2.4.1/jansi-2.4.1-sources.jar
2026-05-18 14:13:41,321 [Worker-49: Searching...] INFO  o.e.m.c.i.e.AbstractTransferListenerAdapter - Downloaded https://repo.maven.apache.org/maven2/org/fusesource/jansi/jansi/2.4.1/jansi-2.4.1-sources.jar
2026-05-18 14:13:41,519 [Worker-49: Searching...] INFO  o.e.m.c.i.e.AbstractTransferListenerAdapter - Downloading https://repo.maven.apache.org/maven2/org/slf4j/jcl-over-slf4j/1.7.36/jcl-over-slf4j-1.7.36-sources.jar
2026-05-18 14:13:42,124 [Worker-49: Searching...] INFO  o.e.m.c.i.e.AbstractTransferListenerAdapter - Downloaded https://repo.maven.apache.org/maven2/org/slf4j/jcl-over-slf4j/1.7.36/jcl-over-slf4j-1.7.36-sources.jar
2026-05-18 14:13:42,304 [Worker-49: Searching...] INFO  o.e.m.c.i.e.AbstractTransferListenerAdapter - Downloading https://repo.maven.apache.org/maven2/org/apache/maven/maven-artifact/3.9.9/maven-artifact-3.9.9-sources.jar
2026-05-18 14:13:42,386 [Worker-49: Searching...] INFO  o.e.m.c.i.e.AbstractTransferListenerAdapter - Downloaded https://repo.maven.apache.org/maven2/org/apache/maven/maven-artifact/3.9.9/maven-artifact-3.9.9-sources.jar
2026-05-18 14:13:42,609 [Worker-49: Searching...] INFO  o.e.m.c.i.e.AbstractTransferListenerAdapter - Downloading https://repo.maven.apache.org/maven2/org/apache/maven/maven-builder-support/3.9.9/maven-builder-support-3.9.9-sources.jar
2026-05-18 14:13:43,494 [Worker-49: Searching...] INFO  o.e.m.c.i.e.AbstractTransferListenerAdapter - Downloaded https://repo.maven.apache.org/maven2/org/apache/maven/maven-builder-support/3.9.9/maven-builder-support-3.9.9-sources.jar
2026-05-18 14:13:43,825 [Worker-49: Searching...] INFO  o.e.m.c.i.e.AbstractTransferListenerAdapter - Downloading https://repo.maven.apache.org/maven2/org/apache/maven/maven-compat/3.9.9/maven-compat-3.9.9-sources.jar
2026-05-18 14:13:44,038 [Worker-49: Searching...] INFO  o.e.m.c.i.e.AbstractTransferListenerAdapter - Downloaded https://repo.maven.apache.org/maven2/org/apache/maven/maven-compat/3.9.9/maven-compat-3.9.9-sources.jar
2026-05-18 14:13:44,281 [Worker-49: Searching...] INFO  o.e.m.c.i.e.AbstractTransferListenerAdapter - Downloading https://repo.maven.apache.org/maven2/org/apache/maven/maven-core/3.9.9/maven-core-3.9.9-sources.jar
2026-05-18 14:13:44,591 [Worker-49: Searching...] INFO  o.e.m.c.i.e.AbstractTransferListenerAdapter - Downloaded https://repo.maven.apache.org/maven2/org/apache/maven/maven-core/3.9.9/maven-core-3.9.9-sources.jar
2026-05-18 14:13:44,857 [Worker-49: Searching...] INFO  o.e.m.c.i.e.AbstractTransferListenerAdapter - Downloading https://repo.maven.apache.org/maven2/org/apache/maven/maven-embedder/3.9.9/maven-embedder-3.9.9-sources.jar
2026-05-18 14:13:44,999 [Worker-49: Searching...] INFO  o.e.m.c.i.e.AbstractTransferListenerAdapter - Downloaded https://repo.maven.apache.org/maven2/org/apache/maven/maven-embedder/3.9.9/maven-embedder-3.9.9-sources.jar
2026-05-18 14:13:45,174 [Worker-49: Searching...] INFO  o.e.m.c.i.e.AbstractTransferListenerAdapter - Downloading https://repo.maven.apache.org/maven2/org/apache/maven/maven-model/3.9.9/maven-model-3.9.9-sources.jar
2026-05-18 14:13:45,341 [Worker-49: Searching...] INFO  o.e.m.c.i.e.AbstractTransferListenerAdapter - Downloaded https://repo.maven.apache.org/maven2/org/apache/maven/maven-model/3.9.9/maven-model-3.9.9-sources.jar
2026-05-18 14:13:45,492 [Worker-49: Searching...] INFO  o.e.m.c.i.e.AbstractTransferListenerAdapter - Downloading https://repo.maven.apache.org/maven2/org/apache/maven/maven-model-builder/3.9.9/maven-model-builder-3.9.9-sources.jar
2026-05-18 14:13:45,612 [Worker-49: Searching...] INFO  o.e.m.c.i.e.AbstractTransferListenerAdapter - Downloaded https://repo.maven.apache.org/maven2/org/apache/maven/maven-model-builder/3.9.9/maven-model-builder-3.9.9-sources.jar
2026-05-18 14:13:45,803 [Worker-49: Searching...] INFO  o.e.m.c.i.e.AbstractTransferListenerAdapter - Downloading https://repo.maven.apache.org/maven2/org/apache/maven/maven-plugin-api/3.9.9/maven-plugin-api-3.9.9-sources.jar
2026-05-18 14:13:46,977 [Worker-49: Searching...] INFO  o.e.m.c.i.e.AbstractTransferListenerAdapter - Downloaded https://repo.maven.apache.org/maven2/org/apache/maven/maven-plugin-api/3.9.9/maven-plugin-api-3.9.9-sources.jar
2026-05-18 14:13:47,203 [Worker-49: Searching...] INFO  o.e.m.c.i.e.AbstractTransferListenerAdapter - Downloading https://repo.maven.apache.org/maven2/org/apache/maven/maven-repository-metadata/3.9.9/maven-repository-metadata-3.9.9-sources.jar
2026-05-18 14:13:47,974 [Worker-49: Searching...] INFO  o.e.m.c.i.e.AbstractTransferListenerAdapter - Downloaded https://repo.maven.apache.org/maven2/org/apache/maven/maven-repository-metadata/3.9.9/maven-repository-metadata-3.9.9-sources.jar
2026-05-18 14:13:48,153 [Worker-49: Searching...] INFO  o.e.m.c.i.e.AbstractTransferListenerAdapter - Downloading https://repo.maven.apache.org/maven2/org/apache/maven/resolver/maven-resolver-api/1.9.22/maven-resolver-api-1.9.22-sources.jar
2026-05-18 14:13:48,279 [Worker-49: Searching...] INFO  o.e.m.c.i.e.AbstractTransferListenerAdapter - Downloaded https://repo.maven.apache.org/maven2/org/apache/maven/resolver/maven-resolver-api/1.9.22/maven-resolver-api-1.9.22-sources.jar
2026-05-18 14:13:48,451 [Worker-49: Searching...] INFO  o.e.m.c.i.e.AbstractTransferListenerAdapter - Downloading https://repo.maven.apache.org/maven2/org/apache/maven/resolver/maven-resolver-connector-basic/1.9.22/maven-resolver-connector-basic-1.9.22-sources.jar
2026-05-18 14:13:49,195 [Worker-49: Searching...] INFO  o.e.m.c.i.e.AbstractTransferListenerAdapter - Downloaded https://repo.maven.apache.org/maven2/org/apache/maven/resolver/maven-resolver-connector-basic/1.9.22/maven-resolver-connector-basic-1.9.22-sources.jar
2026-05-18 14:13:49,419 [Worker-49: Searching...] INFO  o.e.m.c.i.e.AbstractTransferListenerAdapter - Downloading https://repo.maven.apache.org/maven2/org/apache/maven/resolver/maven-resolver-impl/1.9.22/maven-resolver-impl-1.9.22-sources.jar
2026-05-18 14:13:49,589 [Worker-49: Searching...] INFO  o.e.m.c.i.e.AbstractTransferListenerAdapter - Downloaded https://repo.maven.apache.org/maven2/org/apache/maven/resolver/maven-resolver-impl/1.9.22/maven-resolver-impl-1.9.22-sources.jar
2026-05-18 14:13:49,886 [Worker-49: Searching...] INFO  o.e.m.c.i.e.AbstractTransferListenerAdapter - Downloading https://repo.maven.apache.org/maven2/org/apache/maven/resolver/maven-resolver-named-locks/1.9.22/maven-resolver-named-locks-1.9.22-sources.jar
2026-05-18 14:13:50,520 [Worker-49: Searching...] INFO  o.e.m.c.i.e.AbstractTransferListenerAdapter - Downloaded https://repo.maven.apache.org/maven2/org/apache/maven/resolver/maven-resolver-named-locks/1.9.22/maven-resolver-named-locks-1.9.22-sources.jar
2026-05-18 14:13:50,676 [Worker-49: Searching...] INFO  o.e.m.c.i.e.AbstractTransferListenerAdapter - Downloading https://repo.maven.apache.org/maven2/org/apache/maven/maven-resolver-provider/3.9.9/maven-resolver-provider-3.9.9-sources.jar
2026-05-18 14:13:50,766 [Worker-49: Searching...] INFO  o.e.m.c.i.e.AbstractTransferListenerAdapter - Downloaded https://repo.maven.apache.org/maven2/org/apache/maven/maven-resolver-provider/3.9.9/maven-resolver-provider-3.9.9-sources.jar
2026-05-18 14:13:50,942 [Worker-49: Searching...] INFO  o.e.m.c.i.e.AbstractTransferListenerAdapter - Downloading https://repo.maven.apache.org/maven2/org/apache/maven/resolver/maven-resolver-spi/1.9.22/maven-resolver-spi-1.9.22-sources.jar
2026-05-18 14:13:51,041 [Worker-49: Searching...] INFO  o.e.m.c.i.e.AbstractTransferListenerAdapter - Downloaded https://repo.maven.apache.org/maven2/org/apache/maven/resolver/maven-resolver-spi/1.9.22/maven-resolver-spi-1.9.22-sources.jar
2026-05-18 14:13:51,202 [Worker-49: Searching...] INFO  o.e.m.c.i.e.AbstractTransferListenerAdapter - Downloading https://repo.maven.apache.org/maven2/org/apache/maven/resolver/maven-resolver-transport-file/1.9.22/maven-resolver-transport-file-1.9.22-sources.jar
2026-05-18 14:13:51,791 [Worker-49: Searching...] INFO  o.e.m.c.i.e.AbstractTransferListenerAdapter - Downloaded https://repo.maven.apache.org/maven2/org/apache/maven/resolver/maven-resolver-transport-file/1.9.22/maven-resolver-transport-file-1.9.22-sources.jar
2026-05-18 14:13:51,990 [Worker-49: Searching...] INFO  o.e.m.c.i.e.AbstractTransferListenerAdapter - Downloading https://repo.maven.apache.org/maven2/org/apache/maven/resolver/maven-resolver-transport-http/1.9.22/maven-resolver-transport-http-1.9.22-sources.jar
2026-05-18 14:13:53,035 [Worker-49: Searching...] INFO  o.e.m.c.i.e.AbstractTransferListenerAdapter - Downloaded https://repo.maven.apache.org/maven2/org/apache/maven/resolver/maven-resolver-transport-http/1.9.22/maven-resolver-transport-http-1.9.22-sources.jar
2026-05-18 14:13:53,237 [Worker-49: Searching...] INFO  o.e.m.c.i.e.AbstractTransferListenerAdapter - Downloading https://repo.maven.apache.org/maven2/org/apache/maven/resolver/maven-resolver-transport-wagon/1.9.22/maven-resolver-transport-wagon-1.9.22-sources.jar
2026-05-18 14:13:54,363 [Worker-49: Searching...] INFO  o.e.m.c.i.e.AbstractTransferListenerAdapter - Downloaded https://repo.maven.apache.org/maven2/org/apache/maven/resolver/maven-resolver-transport-wagon/1.9.22/maven-resolver-transport-wagon-1.9.22-sources.jar
2026-05-18 14:13:54,529 [Worker-49: Searching...] INFO  o.e.m.c.i.e.AbstractTransferListenerAdapter - Downloading https://repo.maven.apache.org/maven2/org/apache/maven/resolver/maven-resolver-util/1.9.22/maven-resolver-util-1.9.22-sources.jar
2026-05-18 14:13:54,678 [Worker-49: Searching...] INFO  o.e.m.c.i.e.AbstractTransferListenerAdapter - Downloaded https://repo.maven.apache.org/maven2/org/apache/maven/resolver/maven-resolver-util/1.9.22/maven-resolver-util-1.9.22-sources.jar
2026-05-18 14:13:54,862 [Worker-49: Searching...] INFO  o.e.m.c.i.e.AbstractTransferListenerAdapter - Downloading https://repo.maven.apache.org/maven2/org/apache/maven/maven-settings/3.9.9/maven-settings-3.9.9-sources.jar
2026-05-18 14:13:56,199 [Worker-49: Searching...] INFO  o.e.m.c.i.e.AbstractTransferListenerAdapter - Downloaded https://repo.maven.apache.org/maven2/org/apache/maven/maven-settings/3.9.9/maven-settings-3.9.9-sources.jar
2026-05-18 14:13:56,757 [Worker-49: Searching...] INFO  o.e.m.c.i.e.AbstractTransferListenerAdapter - Downloading https://repo.maven.apache.org/maven2/org/apache/maven/maven-settings-builder/3.9.9/maven-settings-builder-3.9.9-sources.jar
2026-05-18 14:13:58,695 [Worker-49: Searching...] INFO  o.e.m.c.i.e.AbstractTransferListenerAdapter - Downloaded https://repo.maven.apache.org/maven2/org/apache/maven/maven-settings-builder/3.9.9/maven-settings-builder-3.9.9-sources.jar
2026-05-18 14:13:58,893 [Worker-49: Searching...] INFO  o.e.m.c.i.e.AbstractTransferListenerAdapter - Downloading https://repo.maven.apache.org/maven2/org/apache/maven/shared/maven-shared-utils/3.4.2/maven-shared-utils-3.4.2-sources.jar
2026-05-18 14:13:59,054 [Worker-49: Searching...] INFO  o.e.m.c.i.e.AbstractTransferListenerAdapter - Downloaded https://repo.maven.apache.org/maven2/org/apache/maven/shared/maven-shared-utils/3.4.2/maven-shared-utils-3.4.2-sources.jar
2026-05-18 14:13:59,232 [Worker-49: Searching...] INFO  o.e.m.c.i.e.AbstractTransferListenerAdapter - Downloading https://repo.maven.apache.org/maven2/org/eclipse/sisu/org.eclipse.sisu.inject/0.9.0.M3/org.eclipse.sisu.inject-0.9.0.M3-sources.jar
2026-05-18 14:13:59,410 [Worker-49: Searching...] INFO  o.e.m.c.i.e.AbstractTransferListenerAdapter - Downloaded https://repo.maven.apache.org/maven2/org/eclipse/sisu/org.eclipse.sisu.inject/0.9.0.M3/org.eclipse.sisu.inject-0.9.0.M3-sources.jar
2026-05-18 14:13:59,578 [Worker-49: Searching...] INFO  o.e.m.c.i.e.AbstractTransferListenerAdapter - Downloading https://repo.maven.apache.org/maven2/org/eclipse/sisu/org.eclipse.sisu.plexus/0.9.0.M3/org.eclipse.sisu.plexus-0.9.0.M3-sources.jar
2026-05-18 14:13:59,696 [Worker-49: Searching...] INFO  o.e.m.c.i.e.AbstractTransferListenerAdapter - Downloaded https://repo.maven.apache.org/maven2/org/eclipse/sisu/org.eclipse.sisu.plexus/0.9.0.M3/org.eclipse.sisu.plexus-0.9.0.M3-sources.jar
2026-05-18 14:13:59,837 [Worker-49: Searching...] INFO  o.e.m.c.i.e.AbstractTransferListenerAdapter - Downloading https://repo.maven.apache.org/maven2/org/codehaus/plexus/plexus-cipher/2.0/plexus-cipher-2.0-sources.jar
2026-05-18 14:14:00,316 [Worker-49: Searching...] INFO  o.e.m.c.i.e.AbstractTransferListenerAdapter - Downloaded https://repo.maven.apache.org/maven2/org/codehaus/plexus/plexus-cipher/2.0/plexus-cipher-2.0-sources.jar
2026-05-18 14:14:00,480 [Worker-49: Searching...] INFO  o.e.m.c.i.e.AbstractTransferListenerAdapter - Downloading https://repo.maven.apache.org/maven2/org/codehaus/plexus/plexus-component-annotations/2.1.0/plexus-component-annotations-2.1.0-sources.jar
2026-05-18 14:14:00,648 [Worker-49: Searching...] INFO  o.e.m.c.i.e.AbstractTransferListenerAdapter - Downloaded https://repo.maven.apache.org/maven2/org/codehaus/plexus/plexus-component-annotations/2.1.0/plexus-component-annotations-2.1.0-sources.jar
2026-05-18 14:14:00,906 [Worker-49: Searching...] INFO  o.e.m.c.i.e.AbstractTransferListenerAdapter - Downloading https://repo.maven.apache.org/maven2/org/codehaus/plexus/plexus-interpolation/1.27/plexus-interpolation-1.27-sources.jar
2026-05-18 14:14:01,058 [Worker-49: Searching...] INFO  o.e.m.c.i.e.AbstractTransferListenerAdapter - Downloaded https://repo.maven.apache.org/maven2/org/codehaus/plexus/plexus-interpolation/1.27/plexus-interpolation-1.27-sources.jar
2026-05-18 14:14:01,279 [Worker-49: Searching...] INFO  o.e.m.c.i.e.AbstractTransferListenerAdapter - Downloading https://repo.maven.apache.org/maven2/org/codehaus/plexus/plexus-sec-dispatcher/2.0/plexus-sec-dispatcher-2.0-sources.jar
2026-05-18 14:14:01,955 [Worker-49: Searching...] INFO  o.e.m.c.i.e.AbstractTransferListenerAdapter - Downloaded https://repo.maven.apache.org/maven2/org/codehaus/plexus/plexus-sec-dispatcher/2.0/plexus-sec-dispatcher-2.0-sources.jar
2026-05-18 14:14:02,143 [Worker-49: Searching...] INFO  o.e.m.c.i.e.AbstractTransferListenerAdapter - Downloading https://repo.maven.apache.org/maven2/org/codehaus/plexus/plexus-utils/3.5.1/plexus-utils-3.5.1-sources.jar
2026-05-18 14:14:02,293 [Worker-49: Searching...] INFO  o.e.m.c.i.e.AbstractTransferListenerAdapter - Downloaded https://repo.maven.apache.org/maven2/org/codehaus/plexus/plexus-utils/3.5.1/plexus-utils-3.5.1-sources.jar
2026-05-18 14:14:02,452 [Worker-49: Searching...] INFO  o.e.m.c.i.e.AbstractTransferListenerAdapter - Downloading https://repo.maven.apache.org/maven2/org/codehaus/plexus/plexus-xml/3.0.1/plexus-xml-3.0.1-sources.jar
2026-05-18 14:14:02,556 [Worker-49: Searching...] INFO  o.e.m.c.i.e.AbstractTransferListenerAdapter - Downloaded https://repo.maven.apache.org/maven2/org/codehaus/plexus/plexus-xml/3.0.1/plexus-xml-3.0.1-sources.jar
2026-05-18 14:14:02,800 [Worker-49: Searching...] INFO  o.e.m.c.i.e.AbstractTransferListenerAdapter - Downloading https://repo.maven.apache.org/maven2/org/apache/maven/wagon/wagon-file/3.5.3/wagon-file-3.5.3-sources.jar
2026-05-18 14:14:03,163 [Worker-49: Searching...] INFO  o.e.m.c.i.e.AbstractTransferListenerAdapter - Downloaded https://repo.maven.apache.org/maven2/org/apache/maven/wagon/wagon-file/3.5.3/wagon-file-3.5.3-sources.jar
2026-05-18 14:14:03,340 [Worker-49: Searching...] INFO  o.e.m.c.i.e.AbstractTransferListenerAdapter - Downloading https://repo.maven.apache.org/maven2/org/apache/maven/wagon/wagon-http/3.5.3/wagon-http-3.5.3-sources.jar
2026-05-18 14:14:03,760 [Worker-49: Searching...] INFO  o.e.m.c.i.e.AbstractTransferListenerAdapter - Downloaded https://repo.maven.apache.org/maven2/org/apache/maven/wagon/wagon-http/3.5.3/wagon-http-3.5.3-sources.jar
2026-05-18 14:14:03,984 [Worker-49: Searching...] INFO  o.e.m.c.i.e.AbstractTransferListenerAdapter - Downloading https://repo.maven.apache.org/maven2/org/apache/maven/wagon/wagon-http-shared/3.5.3/wagon-http-shared-3.5.3-sources.jar
2026-05-18 14:14:05,220 [Worker-49: Searching...] INFO  o.e.m.c.i.e.AbstractTransferListenerAdapter - Downloaded https://repo.maven.apache.org/maven2/org/apache/maven/wagon/wagon-http-shared/3.5.3/wagon-http-shared-3.5.3-sources.jar
2026-05-18 14:14:05,441 [Worker-49: Searching...] INFO  o.e.m.c.i.e.AbstractTransferListenerAdapter - Downloading https://repo.maven.apache.org/maven2/org/apache/maven/wagon/wagon-provider-api/3.5.3/wagon-provider-api-3.5.3-sources.jar
2026-05-18 14:14:05,531 [Worker-49: Searching...] INFO  o.e.m.c.i.e.AbstractTransferListenerAdapter - Downloaded https://repo.maven.apache.org/maven2/org/apache/maven/wagon/wagon-provider-api/3.5.3/wagon-provider-api-3.5.3-sources.jar
2026-05-18 14:14:05,701 [Worker-49: Searching...] INFO  o.e.m.c.i.e.AbstractTransferListenerAdapter - Downloading https://repo.maven.apache.org/maven2/org/apache/maven/maven-slf4j-provider/3.9.9/maven-slf4j-provider-3.9.9-sources.jar
2026-05-18 14:14:06,483 [Worker-49: Searching...] INFO  o.e.m.c.i.e.AbstractTransferListenerAdapter - Downloaded https://repo.maven.apache.org/maven2/org/apache/maven/maven-slf4j-provider/3.9.9/maven-slf4j-provider-3.9.9-sources.jar
2026-05-18 14:14:06,721 [Worker-49: Searching...] INFO  o.e.m.c.i.e.AbstractTransferListenerAdapter - Downloading https://repo.maven.apache.org/maven2/com/google/guava/guava/33.4.8-jre/guava-33.4.8-jre-sources.jar
2026-05-18 14:14:07,100 [Worker-49: Searching...] INFO  o.e.m.c.i.e.AbstractTransferListenerAdapter - Downloaded https://repo.maven.apache.org/maven2/com/google/guava/guava/33.4.8-jre/guava-33.4.8-jre-sources.jar
2026-05-18 14:14:07,309 [Worker-49: Searching...] INFO  o.e.m.c.i.e.AbstractTransferListenerAdapter - Downloading https://repo.maven.apache.org/maven2/jakarta/inject/jakarta.inject-api/1.0.5/jakarta.inject-api-1.0.5-sources.jar
2026-05-18 14:14:07,747 [Worker-49: Searching...] INFO  o.e.m.c.i.e.AbstractTransferListenerAdapter - Downloaded https://repo.maven.apache.org/maven2/jakarta/inject/jakarta.inject-api/1.0.5/jakarta.inject-api-1.0.5-sources.jar
2026-05-18 14:14:08,005 [Worker-49: Searching...] INFO  o.e.m.c.i.e.AbstractTransferListenerAdapter - Downloading https://repo.maven.apache.org/maven2/commons-cli/commons-cli/1.9.0/commons-cli-1.9.0-sources.jar
2026-05-18 14:14:08,128 [Worker-49: Searching...] INFO  o.e.m.c.i.e.AbstractTransferListenerAdapter - Downloaded https://repo.maven.apache.org/maven2/commons-cli/commons-cli/1.9.0/commons-cli-1.9.0-sources.jar
2026-05-18 14:14:08,300 [Worker-49: Searching...] INFO  o.e.m.c.i.e.AbstractTransferListenerAdapter - Downloading https://repo.maven.apache.org/maven2/commons-codec/commons-codec/1.16.0/commons-codec-1.16.0-sources.jar
2026-05-18 14:14:08,530 [Worker-49: Searching...] INFO  o.e.m.c.i.e.AbstractTransferListenerAdapter - Downloaded https://repo.maven.apache.org/maven2/commons-codec/commons-codec/1.16.0/commons-codec-1.16.0-sources.jar
2026-05-18 14:14:08,763 [Worker-49: Searching...] INFO  o.e.m.c.i.e.AbstractTransferListenerAdapter - Downloading https://repo.maven.apache.org/maven2/com/google/guava/failureaccess/1.0.3/failureaccess-1.0.3-sources.jar
2026-05-18 14:14:09,135 [Worker-49: Searching...] INFO  o.e.m.c.i.e.AbstractTransferListenerAdapter - Downloaded https://repo.maven.apache.org/maven2/com/google/guava/failureaccess/1.0.3/failureaccess-1.0.3-sources.jar
2026-05-18 14:14:21,941 [Worker-44: Building] INFO  o.a.m.s.f.DefaultMavenResourcesFiltering - Copying 1 resource from src\main\resources to target\classes
2026-05-18 14:14:21,949 [Worker-44: Building] INFO  o.a.m.s.f.DefaultMavenResourcesFiltering - Copying 0 resource from src\main\resources to target\classes
2026-05-18 14:14:21,951 [Worker-44: Building] INFO  o.a.m.s.f.DefaultMavenResourcesFiltering - skip non existing resourceDirectory D:\Pranav All study Material\marktetplace\QuickMart\src\test\resources
2026-05-18 14:22:03,108 [Worker-50: Building] INFO  o.e.m.c.i.e.AbstractTransferListenerAdapter - Downloading https://repo.maven.apache.org/maven2/org/springframework/boot/spring-boot-starter-validation/4.0.6/spring-boot-starter-validation-4.0.6.pom
2026-05-18 14:22:03,166 [Worker-50: Building] INFO  o.e.m.c.i.e.AbstractTransferListenerAdapter - Downloaded https://repo.maven.apache.org/maven2/org/springframework/boot/spring-boot-starter-validation/4.0.6/spring-boot-starter-validation-4.0.6.pom
2026-05-18 14:22:03,230 [Worker-50: Building] INFO  o.e.m.c.i.e.AbstractTransferListenerAdapter - Downloading https://repo.maven.apache.org/maven2/org/springframework/boot/spring-boot-validation/4.0.6/spring-boot-validation-4.0.6.pom
2026-05-18 14:22:03,278 [Worker-50: Building] INFO  o.e.m.c.i.e.AbstractTransferListenerAdapter - Downloaded https://repo.maven.apache.org/maven2/org/springframework/boot/spring-boot-validation/4.0.6/spring-boot-validation-4.0.6.pom
2026-05-18 14:22:03,567 [Worker-50: Building] INFO  o.e.m.c.i.e.AbstractTransferListenerAdapter - Downloading https://repo.maven.apache.org/maven2/org/springframework/boot/spring-boot-starter-validation-test/4.0.6/spring-boot-starter-validation-test-4.0.6.pom
2026-05-18 14:22:03,605 [Worker-50: Building] INFO  o.e.m.c.i.e.AbstractTransferListenerAdapter - Downloaded https://repo.maven.apache.org/maven2/org/springframework/boot/spring-boot-starter-validation-test/4.0.6/spring-boot-starter-validation-test-4.0.6.pom
2026-05-18 14:22:03,949 [Worker-50: Building] INFO  o.e.m.c.i.e.AbstractTransferListenerAdapter - Downloading https://repo.maven.apache.org/maven2/org/springframework/boot/spring-boot-starter-validation/4.0.6/spring-boot-starter-validation-4.0.6.jar
2026-05-18 14:22:04,009 [Worker-50: Building] INFO  o.e.m.c.i.e.AbstractTransferListenerAdapter - Downloaded https://repo.maven.apache.org/maven2/org/springframework/boot/spring-boot-starter-validation/4.0.6/spring-boot-starter-validation-4.0.6.jar
2026-05-18 14:22:04,059 [BasicRepositoryConnector-repo.maven.apache.org-0-1] INFO  o.e.m.c.i.e.AbstractTransferListenerAdapter - Downloading https://repo.maven.apache.org/maven2/org/springframework/boot/spring-boot-starter-validation-test/4.0.6/spring-boot-starter-validation-test-4.0.6.jar
2026-05-18 14:22:04,164 [BasicRepositoryConnector-repo.maven.apache.org-0-1] INFO  o.e.m.c.i.e.AbstractTransferListenerAdapter - Downloaded https://repo.maven.apache.org/maven2/org/springframework/boot/spring-boot-starter-validation-test/4.0.6/spring-boot-starter-validation-test-4.0.6.jar
2026-05-18 14:22:04,198 [BasicRepositoryConnector-repo.maven.apache.org-0-0] INFO  o.e.m.c.i.e.AbstractTransferListenerAdapter - Downloading https://repo.maven.apache.org/maven2/org/springframework/boot/spring-boot-validation/4.0.6/spring-boot-validation-4.0.6.jar
2026-05-18 14:22:04,514 [BasicRepositoryConnector-repo.maven.apache.org-0-0] INFO  o.e.m.c.i.e.AbstractTransferListenerAdapter - Downloaded https://repo.maven.apache.org/maven2/org/springframework/boot/spring-boot-validation/4.0.6/spring-boot-validation-4.0.6.jar
2026-05-18 14:22:05,396 [Worker-50: Building] INFO  o.e.m.c.i.l.LifecycleMappingFactory - Using org.eclipse.m2e.jdt.JarLifecycleMapping lifecycle mapping for MavenProject: com.marketplace:Quickmart:0.0.1-SNAPSHOT @ D:\Pranav All study Material\marktetplace\QuickMart\pom.xml.
2026-05-18 14:22:06,094 [Worker-50: Building] INFO  o.a.m.s.f.DefaultMavenResourcesFiltering - Copying 1 resource from src\main\resources to target\classes
2026-05-18 14:22:06,126 [Worker-50: Building] INFO  o.a.m.s.f.DefaultMavenResourcesFiltering - Copying 0 resource from src\main\resources to target\classes
2026-05-18 14:22:06,132 [Worker-50: Building] INFO  o.a.m.s.f.DefaultMavenResourcesFiltering - skip non existing resourceDirectory D:\Pranav All study Material\marktetplace\QuickMart\src\test\resources
2026-05-18 14:22:06,693 [Worker-52: Updating Maven Project] INFO  o.e.m.c.i.p.ProjectConfigurationManager - Update started
2026-05-18 14:22:07,937 [Worker-52: Updating Maven Project] WARN  o.e.m.c.i.markers.MarkerUtils - Could not find OSGI service for org.eclipse.m2e.core.internal.markers.IEditorMarkerService
2026-05-18 14:23:32,702 [Worker-6: Loading available Gradle versions] INFO  o.e.b.c.i.u.g.PublishedGradleVersions - Gradle version information cache is up-to-date. Trying to read.
2026-05-18 14:23:36,784 [Worker-16: Building] INFO  o.a.m.s.f.DefaultMavenResourcesFiltering - Copying 1 resource from src\main\resources to target\classes
2026-05-18 14:23:36,810 [Worker-16: Building] INFO  o.a.m.s.f.DefaultMavenResourcesFiltering - Copying 0 resource from src\main\resources to target\classes
2026-05-18 14:23:36,827 [Worker-16: Building] INFO  o.a.m.s.f.DefaultMavenResourcesFiltering - skip non existing resourceDirectory D:\Pranav All study Material\marktetplace\QuickMart\src\test\resources
2026-05-18 14:24:16,229 [Worker-6: Building] INFO  o.a.m.s.f.DefaultMavenResourcesFiltering - Copying 0 resource from src\main\resources to target\classes
2026-05-18 14:24:16,230 [Worker-6: Building] INFO  o.a.m.s.f.DefaultMavenResourcesFiltering - Copying 0 resource from src\main\resources to target\classes
2026-05-18 14:24:16,235 [Worker-6: Building] INFO  o.a.m.s.f.DefaultMavenResourcesFiltering - skip non existing resourceDirectory D:\Pranav All study Material\marktetplace\QuickMart\src\test\resources
2026-05-18 14:26:08,108 [Worker-14: Building] INFO  o.a.m.s.f.DefaultMavenResourcesFiltering - Copying 0 resource from src\main\resources to target\classes
2026-05-18 14:26:08,109 [Worker-14: Building] INFO  o.a.m.s.f.DefaultMavenResourcesFiltering - Copying 0 resource from src\main\resources to target\classes
2026-05-18 14:26:08,114 [Worker-14: Building] INFO  o.a.m.s.f.DefaultMavenResourcesFiltering - skip non existing resourceDirectory D:\Pranav All study Material\marktetplace\QuickMart\src\test\resources
2026-05-18 14:26:22,578 [Worker-29: Building] INFO  o.a.m.s.f.DefaultMavenResourcesFiltering - Copying 0 resource from src\main\resources to target\classes
2026-05-18 14:26:22,580 [Worker-29: Building] INFO  o.a.m.s.f.DefaultMavenResourcesFiltering - Copying 0 resource from src\main\resources to target\classes
2026-05-18 14:26:22,586 [Worker-29: Building] INFO  o.a.m.s.f.DefaultMavenResourcesFiltering - skip non existing resourceDirectory D:\Pranav All study Material\marktetplace\QuickMart\src\test\resources
2026-05-18 14:27:21,953 [Worker-20: Building] INFO  o.a.m.s.f.DefaultMavenResourcesFiltering - Copying 0 resource from src\main\resources to target\classes
2026-05-18 14:27:21,954 [Worker-20: Building] INFO  o.a.m.s.f.DefaultMavenResourcesFiltering - Copying 0 resource from src\main\resources to target\classes
2026-05-18 14:27:21,960 [Worker-20: Building] INFO  o.a.m.s.f.DefaultMavenResourcesFiltering - skip non existing resourceDirectory D:\Pranav All study Material\marktetplace\QuickMart\src\test\resources
2026-05-18 14:27:38,062 [Worker-15: Building] INFO  o.a.m.s.f.DefaultMavenResourcesFiltering - Copying 0 resource from src\main\resources to target\classes
2026-05-18 14:27:38,063 [Worker-15: Building] INFO  o.a.m.s.f.DefaultMavenResourcesFiltering - Copying 0 resource from src\main\resources to target\classes
2026-05-18 14:27:38,069 [Worker-15: Building] INFO  o.a.m.s.f.DefaultMavenResourcesFiltering - skip non existing resourceDirectory D:\Pranav All study Material\marktetplace\QuickMart\src\test\resources
2026-05-18 14:27:46,570 [Worker-17: Building] INFO  o.a.m.s.f.DefaultMavenResourcesFiltering - Copying 0 resource from src\main\resources to target\classes
2026-05-18 14:27:46,571 [Worker-17: Building] INFO  o.a.m.s.f.DefaultMavenResourcesFiltering - Copying 0 resource from src\main\resources to target\classes
2026-05-18 14:27:46,576 [Worker-17: Building] INFO  o.a.m.s.f.DefaultMavenResourcesFiltering - skip non existing resourceDirectory D:\Pranav All study Material\marktetplace\QuickMart\src\test\resources
2026-05-18 14:27:51,959 [Worker-20: Building] INFO  o.a.m.s.f.DefaultMavenResourcesFiltering - Copying 0 resource from src\main\resources to target\classes
2026-05-18 14:27:51,959 [Worker-20: Building] INFO  o.a.m.s.f.DefaultMavenResourcesFiltering - Copying 0 resource from src\main\resources to target\classes
2026-05-18 14:27:51,964 [Worker-20: Building] INFO  o.a.m.s.f.DefaultMavenResourcesFiltering - skip non existing resourceDirectory D:\Pranav All study Material\marktetplace\QuickMart\src\test\resources
2026-05-18 14:34:25,652 [Worker-1: Loading available Gradle versions] INFO  o.e.b.c.i.u.g.PublishedGradleVersions - Gradle version information cache is up-to-date. Trying to read.
2026-05-18 14:34:42,059 [Worker-17: Update Maven projects configuration] INFO  o.e.m.c.i.p.ProjectConfigurationManager - Update started
2026-05-18 14:34:43,546 [Worker-17: Update Maven projects configuration] INFO  o.e.m.c.i.l.LifecycleMappingFactory - Using org.eclipse.m2e.jdt.JarLifecycleMapping lifecycle mapping for MavenProject: com.marketplace:E-commerce:0.0.1-SNAPSHOT @ D:\Pranav All study Material\marktetplace\E-commerce\pom.xml.
2026-05-18 14:34:45,450 [Worker-17: Update Maven projects configuration] INFO  o.e.m.j.i.AbstractJavaProjectConfigurator - Adding source folder /E-commerce/src/main/java
2026-05-18 14:34:45,454 [Worker-17: Update Maven projects configuration] INFO  o.e.m.j.i.AbstractJavaProjectConfigurator - Adding resource folder /E-commerce/src/main/resources
2026-05-18 14:34:45,463 [Worker-17: Update Maven projects configuration] INFO  o.e.m.j.i.AbstractJavaProjectConfigurator - Adding resource folder /E-commerce/src/main/resources
2026-05-18 14:34:45,481 [Worker-17: Update Maven projects configuration] INFO  o.e.m.j.i.AbstractJavaProjectConfigurator - Adding source folder /E-commerce/src/test/java
2026-05-18 14:34:45,483 [Worker-17: Update Maven projects configuration] INFO  o.e.m.j.i.AbstractJavaProjectConfigurator - Adding resource folder /E-commerce/src/test/resources
2026-05-18 14:34:46,464 [Worker-1: Download sources and javadoc] INFO  o.e.m.c.i.e.AbstractTransferListenerAdapter - Downloading https://repo.maven.apache.org/maven2/org/springframework/boot/spring-boot-starter-validation/4.0.6/spring-boot-starter-validation-4.0.6-sources.jar
2026-05-18 14:34:46,502 [Worker-1: Download sources and javadoc] INFO  o.e.m.c.i.e.AbstractTransferListenerAdapter - Downloaded https://repo.maven.apache.org/maven2/org/springframework/boot/spring-boot-starter-validation/4.0.6/spring-boot-starter-validation-4.0.6-sources.jar
2026-05-18 14:34:46,515 [Worker-1: Download sources and javadoc] INFO  o.e.m.j.internal.DownloadSourcesJob - Downloaded sources for org.springframework.boot:spring-boot-starter-validation:4.0.6
2026-05-18 14:34:46,685 [Worker-1: Download sources and javadoc] INFO  o.e.m.c.i.e.AbstractTransferListenerAdapter - Downloading https://repo.maven.apache.org/maven2/org/springframework/boot/spring-boot-validation/4.0.6/spring-boot-validation-4.0.6-sources.jar
2026-05-18 14:34:47,058 [Worker-1: Download sources and javadoc] INFO  o.e.m.c.i.e.AbstractTransferListenerAdapter - Downloaded https://repo.maven.apache.org/maven2/org/springframework/boot/spring-boot-validation/4.0.6/spring-boot-validation-4.0.6-sources.jar
2026-05-18 14:34:47,064 [Worker-1: Download sources and javadoc] INFO  o.e.m.j.internal.DownloadSourcesJob - Downloaded sources for org.springframework.boot:spring-boot-validation:4.0.6
2026-05-18 14:34:47,197 [Worker-1: Download sources and javadoc] INFO  o.e.m.c.i.e.AbstractTransferListenerAdapter - Downloading https://repo.maven.apache.org/maven2/org/springframework/boot/spring-boot-starter-validation-test/4.0.6/spring-boot-starter-validation-test-4.0.6-sources.jar
2026-05-18 14:34:47,209 [Worker-1: Download sources and javadoc] INFO  o.e.m.c.i.e.AbstractTransferListenerAdapter - Downloaded https://repo.maven.apache.org/maven2/org/springframework/boot/spring-boot-starter-validation-test/4.0.6/spring-boot-starter-validation-test-4.0.6-sources.jar
2026-05-18 14:34:47,216 [Worker-1: Download sources and javadoc] INFO  o.e.m.j.internal.DownloadSourcesJob - Downloaded sources for org.springframework.boot:spring-boot-starter-validation-test:4.0.6
2026-05-18 14:34:47,766 [Worker-17: Update Maven projects configuration] INFO  o.e.m.c.i.p.ProjectConfigurationManager - Update completed for 1 poms: local refresh takes 0.00 sec, refresh facades takes 2.00 sec, update config takes 2.00 sec 
2026-05-18 14:34:48,632 [Worker-8: Building] INFO  o.a.m.s.f.DefaultMavenResourcesFiltering - Copying 1 resource from src\main\resources to target\classes
2026-05-18 14:34:48,672 [Worker-8: Building] INFO  o.a.m.s.f.DefaultMavenResourcesFiltering - Copying 0 resource from src\main\resources to target\classes
2026-05-18 14:34:48,683 [Worker-8: Building] INFO  o.a.m.s.f.DefaultMavenResourcesFiltering - skip non existing resourceDirectory D:\Pranav All study Material\marktetplace\E-commerce\src\test\resources
2026-05-18 14:36:04,531 [Worker-10: Building] INFO  o.a.m.s.f.DefaultMavenResourcesFiltering - Copying 1 resource from src\main\resources to target\classes
2026-05-18 14:36:04,555 [Worker-10: Building] INFO  o.a.m.s.f.DefaultMavenResourcesFiltering - Copying 0 resource from src\main\resources to target\classes
2026-05-18 14:36:04,559 [Worker-10: Building] INFO  o.a.m.s.f.DefaultMavenResourcesFiltering - skip non existing resourceDirectory D:\Pranav All study Material\marktetplace\E-commerce\src\test\resources
2026-05-18 14:36:36,245 [Worker-1: Building] INFO  o.a.m.s.f.DefaultMavenResourcesFiltering - Copying 1 resource from src\main\resources to target\classes
2026-05-18 14:36:36,250 [Worker-1: Building] INFO  o.a.m.s.f.DefaultMavenResourcesFiltering - Copying 0 resource from src\main\resources to target\classes
2026-05-18 14:36:36,253 [Worker-1: Building] INFO  o.a.m.s.f.DefaultMavenResourcesFiltering - skip non existing resourceDirectory D:\Pranav All study Material\marktetplace\E-commerce\src\test\resources
2026-05-18 14:36:49,161 [Worker-15: Building] INFO  o.a.m.s.f.DefaultMavenResourcesFiltering - Copying 1 resource from src\main\resources to target\classes
2026-05-18 14:36:49,170 [Worker-15: Building] INFO  o.a.m.s.f.DefaultMavenResourcesFiltering - Copying 0 resource from src\main\resources to target\classes
2026-05-18 14:36:49,172 [Worker-15: Building] INFO  o.a.m.s.f.DefaultMavenResourcesFiltering - skip non existing resourceDirectory D:\Pranav All study Material\marktetplace\E-commerce\src\test\resources
2026-05-18 14:37:23,490 [Worker-22: Building] INFO  o.a.m.s.f.DefaultMavenResourcesFiltering - Copying 1 resource from src\main\resources to target\classes
2026-05-18 14:37:23,499 [Worker-22: Building] INFO  o.a.m.s.f.DefaultMavenResourcesFiltering - Copying 0 resource from src\main\resources to target\classes
2026-05-18 14:37:23,502 [Worker-22: Building] INFO  o.a.m.s.f.DefaultMavenResourcesFiltering - skip non existing resourceDirectory D:\Pranav All study Material\marktetplace\E-commerce\src\test\resources
2026-05-18 14:37:37,949 [Worker-20: Building] INFO  o.a.m.s.f.DefaultMavenResourcesFiltering - Copying 1 resource from src\main\resources to target\classes
2026-05-18 14:37:37,955 [Worker-20: Building] INFO  o.a.m.s.f.DefaultMavenResourcesFiltering - Copying 0 resource from src\main\resources to target\classes
2026-05-18 14:37:37,957 [Worker-20: Building] INFO  o.a.m.s.f.DefaultMavenResourcesFiltering - skip non existing resourceDirectory D:\Pranav All study Material\marktetplace\E-commerce\src\test\resources
2026-05-18 14:38:00,861 [Worker-27: Building] INFO  o.a.m.s.f.DefaultMavenResourcesFiltering - Copying 1 resource from src\main\resources to target\classes
2026-05-18 14:38:00,866 [Worker-27: Building] INFO  o.a.m.s.f.DefaultMavenResourcesFiltering - Copying 0 resource from src\main\resources to target\classes
2026-05-18 14:38:00,869 [Worker-27: Building] INFO  o.a.m.s.f.DefaultMavenResourcesFiltering - skip non existing resourceDirectory D:\Pranav All study Material\marktetplace\E-commerce\src\test\resources
2026-05-18 14:39:11,786 [Worker-21: Building] INFO  o.a.m.s.f.DefaultMavenResourcesFiltering - Copying 1 resource from src\main\resources to target\classes
2026-05-18 14:39:11,789 [Worker-21: Building] INFO  o.a.m.s.f.DefaultMavenResourcesFiltering - Copying 0 resource from src\main\resources to target\classes
2026-05-18 14:39:11,792 [Worker-21: Building] INFO  o.a.m.s.f.DefaultMavenResourcesFiltering - skip non existing resourceDirectory D:\Pranav All study Material\marktetplace\E-commerce\src\test\resources
2026-05-18 14:42:59,840 [Worker-34: Building] INFO  o.a.m.s.f.DefaultMavenResourcesFiltering - Copying 1 resource from src\main\resources to target\classes
2026-05-18 14:42:59,844 [Worker-34: Building] INFO  o.a.m.s.f.DefaultMavenResourcesFiltering - Copying 0 resource from src\main\resources to target\classes
2026-05-18 14:42:59,846 [Worker-34: Building] INFO  o.a.m.s.f.DefaultMavenResourcesFiltering - skip non existing resourceDirectory D:\Pranav All study Material\marktetplace\E-commerce\src\test\resources
2026-05-18 14:43:51,462 [Worker-34: Building] INFO  o.a.m.s.f.DefaultMavenResourcesFiltering - Copying 1 resource from src\main\resources to target\classes
2026-05-18 14:43:51,465 [Worker-34: Building] INFO  o.a.m.s.f.DefaultMavenResourcesFiltering - Copying 0 resource from src\main\resources to target\classes
2026-05-18 14:43:51,468 [Worker-34: Building] INFO  o.a.m.s.f.DefaultMavenResourcesFiltering - skip non existing resourceDirectory D:\Pranav All study Material\marktetplace\E-commerce\src\test\resources
2026-05-18 14:44:09,643 [Worker-32: Building] INFO  o.a.m.s.f.DefaultMavenResourcesFiltering - Copying 1 resource from src\main\resources to target\classes
2026-05-18 14:44:09,648 [Worker-32: Building] INFO  o.a.m.s.f.DefaultMavenResourcesFiltering - Copying 0 resource from src\main\resources to target\classes
2026-05-18 14:44:09,651 [Worker-32: Building] INFO  o.a.m.s.f.DefaultMavenResourcesFiltering - skip non existing resourceDirectory D:\Pranav All study Material\marktetplace\E-commerce\src\test\resources
2026-05-18 14:44:30,254 [Worker-27: Building] INFO  o.a.m.s.f.DefaultMavenResourcesFiltering - Copying 1 resource from src\main\resources to target\classes
2026-05-18 14:44:30,258 [Worker-27: Building] INFO  o.a.m.s.f.DefaultMavenResourcesFiltering - Copying 0 resource from src\main\resources to target\classes
2026-05-18 14:44:30,261 [Worker-27: Building] INFO  o.a.m.s.f.DefaultMavenResourcesFiltering - skip non existing resourceDirectory D:\Pranav All study Material\marktetplace\E-commerce\src\test\resources
2026-05-18 14:45:31,819 [Worker-36: Building] INFO  o.a.m.s.f.DefaultMavenResourcesFiltering - Copying 1 resource from src\main\resources to target\classes
2026-05-18 14:45:31,823 [Worker-36: Building] INFO  o.a.m.s.f.DefaultMavenResourcesFiltering - Copying 0 resource from src\main\resources to target\classes
2026-05-18 14:45:31,826 [Worker-36: Building] INFO  o.a.m.s.f.DefaultMavenResourcesFiltering - skip non existing resourceDirectory D:\Pranav All study Material\marktetplace\E-commerce\src\test\resources
2026-05-18 14:46:02,376 [Worker-35: Building] INFO  o.a.m.s.f.DefaultMavenResourcesFiltering - Copying 1 resource from src\main\resources to target\classes
2026-05-18 14:46:02,381 [Worker-35: Building] INFO  o.a.m.s.f.DefaultMavenResourcesFiltering - Copying 0 resource from src\main\resources to target\classes
2026-05-18 14:46:02,384 [Worker-35: Building] INFO  o.a.m.s.f.DefaultMavenResourcesFiltering - skip non existing resourceDirectory D:\Pranav All study Material\marktetplace\E-commerce\src\test\resources
2026-05-18 14:46:32,145 [Worker-27: Building] INFO  o.a.m.s.f.DefaultMavenResourcesFiltering - Copying 1 resource from src\main\resources to target\classes
2026-05-18 14:46:32,149 [Worker-27: Building] INFO  o.a.m.s.f.DefaultMavenResourcesFiltering - Copying 0 resource from src\main\resources to target\classes
2026-05-18 14:46:32,151 [Worker-27: Building] INFO  o.a.m.s.f.DefaultMavenResourcesFiltering - skip non existing resourceDirectory D:\Pranav All study Material\marktetplace\E-commerce\src\test\resources
2026-05-18 14:47:15,029 [Worker-36: Building] INFO  o.a.m.s.f.DefaultMavenResourcesFiltering - Copying 1 resource from src\main\resources to target\classes
2026-05-18 14:47:15,034 [Worker-36: Building] INFO  o.a.m.s.f.DefaultMavenResourcesFiltering - Copying 0 resource from src\main\resources to target\classes
2026-05-18 14:47:15,036 [Worker-36: Building] INFO  o.a.m.s.f.DefaultMavenResourcesFiltering - skip non existing resourceDirectory D:\Pranav All study Material\marktetplace\E-commerce\src\test\resources
2026-05-18 14:47:34,626 [Worker-34: Building] INFO  o.a.m.s.f.DefaultMavenResourcesFiltering - Copying 1 resource from src\main\resources to target\classes
2026-05-18 14:47:34,629 [Worker-34: Building] INFO  o.a.m.s.f.DefaultMavenResourcesFiltering - Copying 0 resource from src\main\resources to target\classes
2026-05-18 14:47:34,631 [Worker-34: Building] INFO  o.a.m.s.f.DefaultMavenResourcesFiltering - skip non existing resourceDirectory D:\Pranav All study Material\marktetplace\E-commerce\src\test\resources
2026-05-18 14:47:44,216 [Worker-35: Building] INFO  o.a.m.s.f.DefaultMavenResourcesFiltering - Copying 1 resource from src\main\resources to target\classes
2026-05-18 14:47:44,220 [Worker-35: Building] INFO  o.a.m.s.f.DefaultMavenResourcesFiltering - Copying 0 resource from src\main\resources to target\classes
2026-05-18 14:47:44,223 [Worker-35: Building] INFO  o.a.m.s.f.DefaultMavenResourcesFiltering - skip non existing resourceDirectory D:\Pranav All study Material\marktetplace\E-commerce\src\test\resources
2026-05-18 14:47:56,606 [Worker-27: Building] INFO  o.a.m.s.f.DefaultMavenResourcesFiltering - Copying 1 resource from src\main\resources to target\classes
2026-05-18 14:47:56,611 [Worker-27: Building] INFO  o.a.m.s.f.DefaultMavenResourcesFiltering - Copying 0 resource from src\main\resources to target\classes
2026-05-18 14:47:56,613 [Worker-27: Building] INFO  o.a.m.s.f.DefaultMavenResourcesFiltering - skip non existing resourceDirectory D:\Pranav All study Material\marktetplace\E-commerce\src\test\resources
2026-05-18 14:48:02,838 [Worker-34: Building] INFO  o.a.m.s.f.DefaultMavenResourcesFiltering - Copying 1 resource from src\main\resources to target\classes
2026-05-18 14:48:02,841 [Worker-34: Building] INFO  o.a.m.s.f.DefaultMavenResourcesFiltering - Copying 0 resource from src\main\resources to target\classes
2026-05-18 14:48:02,843 [Worker-34: Building] INFO  o.a.m.s.f.DefaultMavenResourcesFiltering - skip non existing resourceDirectory D:\Pranav All study Material\marktetplace\E-commerce\src\test\resources
2026-05-18 14:48:10,439 [Worker-27: Building] INFO  o.a.m.s.f.DefaultMavenResourcesFiltering - Copying 1 resource from src\main\resources to target\classes
2026-05-18 14:48:10,443 [Worker-27: Building] INFO  o.a.m.s.f.DefaultMavenResourcesFiltering - Copying 0 resource from src\main\resources to target\classes
2026-05-18 14:48:10,446 [Worker-27: Building] INFO  o.a.m.s.f.DefaultMavenResourcesFiltering - skip non existing resourceDirectory D:\Pranav All study Material\marktetplace\E-commerce\src\test\resources
2026-05-18 14:48:17,297 [Worker-27: Building] INFO  o.a.m.s.f.DefaultMavenResourcesFiltering - Copying 1 resource from src\main\resources to target\classes
2026-05-18 14:48:17,300 [Worker-27: Building] INFO  o.a.m.s.f.DefaultMavenResourcesFiltering - Copying 0 resource from src\main\resources to target\classes
2026-05-18 14:48:17,302 [Worker-27: Building] INFO  o.a.m.s.f.DefaultMavenResourcesFiltering - skip non existing resourceDirectory D:\Pranav All study Material\marktetplace\E-commerce\src\test\resources
2026-05-18 14:48:26,985 [Worker-27: Building] INFO  o.a.m.s.f.DefaultMavenResourcesFiltering - Copying 1 resource from src\main\resources to target\classes
2026-05-18 14:48:26,988 [Worker-27: Building] INFO  o.a.m.s.f.DefaultMavenResourcesFiltering - Copying 0 resource from src\main\resources to target\classes
2026-05-18 14:48:26,990 [Worker-27: Building] INFO  o.a.m.s.f.DefaultMavenResourcesFiltering - skip non existing resourceDirectory D:\Pranav All study Material\marktetplace\E-commerce\src\test\resources
2026-05-18 14:48:28,233 [Worker-33: Building] INFO  o.a.m.s.f.DefaultMavenResourcesFiltering - Copying 1 resource from src\main\resources to target\classes
2026-05-18 14:48:28,236 [Worker-33: Building] INFO  o.a.m.s.f.DefaultMavenResourcesFiltering - Copying 0 resource from src\main\resources to target\classes
2026-05-18 14:48:28,237 [Worker-33: Building] INFO  o.a.m.s.f.DefaultMavenResourcesFiltering - skip non existing resourceDirectory D:\Pranav All study Material\marktetplace\E-commerce\src\test\resources
2026-05-18 14:48:35,930 [Worker-32: Building] INFO  o.a.m.s.f.DefaultMavenResourcesFiltering - Copying 1 resource from src\main\resources to target\classes
2026-05-18 14:48:35,934 [Worker-32: Building] INFO  o.a.m.s.f.DefaultMavenResourcesFiltering - Copying 0 resource from src\main\resources to target\classes
2026-05-18 14:48:35,937 [Worker-32: Building] INFO  o.a.m.s.f.DefaultMavenResourcesFiltering - skip non existing resourceDirectory D:\Pranav All study Material\marktetplace\E-commerce\src\test\resources
2026-05-18 14:48:48,546 [Worker-34: Building] INFO  o.a.m.s.f.DefaultMavenResourcesFiltering - Copying 1 resource from src\main\resources to target\classes
2026-05-18 14:48:48,549 [Worker-34: Building] INFO  o.a.m.s.f.DefaultMavenResourcesFiltering - Copying 0 resource from src\main\resources to target\classes
2026-05-18 14:48:48,550 [Worker-34: Building] INFO  o.a.m.s.f.DefaultMavenResourcesFiltering - skip non existing resourceDirectory D:\Pranav All study Material\marktetplace\E-commerce\src\test\resources
2026-05-18 14:48:55,817 [Worker-27: Building] INFO  o.a.m.s.f.DefaultMavenResourcesFiltering - Copying 1 resource from src\main\resources to target\classes
2026-05-18 14:48:55,820 [Worker-27: Building] INFO  o.a.m.s.f.DefaultMavenResourcesFiltering - Copying 0 resource from src\main\resources to target\classes
2026-05-18 14:48:55,822 [Worker-27: Building] INFO  o.a.m.s.f.DefaultMavenResourcesFiltering - skip non existing resourceDirectory D:\Pranav All study Material\marktetplace\E-commerce\src\test\resources
2026-05-18 14:49:04,061 [Worker-32: Building] INFO  o.a.m.s.f.DefaultMavenResourcesFiltering - Copying 1 resource from src\main\resources to target\classes
2026-05-18 14:49:04,065 [Worker-32: Building] INFO  o.a.m.s.f.DefaultMavenResourcesFiltering - Copying 0 resource from src\main\resources to target\classes
2026-05-18 14:49:04,067 [Worker-32: Building] INFO  o.a.m.s.f.DefaultMavenResourcesFiltering - skip non existing resourceDirectory D:\Pranav All study Material\marktetplace\E-commerce\src\test\resources
2026-05-18 14:53:50,251 [Worker-35: Building] INFO  o.a.m.s.f.DefaultMavenResourcesFiltering - Copying 1 resource from src\main\resources to target\classes
2026-05-18 14:53:50,255 [Worker-35: Building] INFO  o.a.m.s.f.DefaultMavenResourcesFiltering - Copying 0 resource from src\main\resources to target\classes
2026-05-18 14:53:50,257 [Worker-35: Building] INFO  o.a.m.s.f.DefaultMavenResourcesFiltering - skip non existing resourceDirectory D:\Pranav All study Material\marktetplace\E-commerce\src\test\resources
2026-05-18 14:53:59,785 [Worker-37: Building] INFO  o.a.m.s.f.DefaultMavenResourcesFiltering - Copying 1 resource from src\main\resources to target\classes
2026-05-18 14:53:59,789 [Worker-37: Building] INFO  o.a.m.s.f.DefaultMavenResourcesFiltering - Copying 0 resource from src\main\resources to target\classes
2026-05-18 14:53:59,791 [Worker-37: Building] INFO  o.a.m.s.f.DefaultMavenResourcesFiltering - skip non existing resourceDirectory D:\Pranav All study Material\marktetplace\E-commerce\src\test\resources
2026-05-18 14:54:11,300 [Worker-35: Building] INFO  o.a.m.s.f.DefaultMavenResourcesFiltering - Copying 1 resource from src\main\resources to target\classes
2026-05-18 14:54:11,303 [Worker-35: Building] INFO  o.a.m.s.f.DefaultMavenResourcesFiltering - Copying 0 resource from src\main\resources to target\classes
2026-05-18 14:54:11,305 [Worker-35: Building] INFO  o.a.m.s.f.DefaultMavenResourcesFiltering - skip non existing resourceDirectory D:\Pranav All study Material\marktetplace\E-commerce\src\test\resources
2026-05-18 14:54:21,646 [Worker-38: Building] INFO  o.a.m.s.f.DefaultMavenResourcesFiltering - Copying 1 resource from src\main\resources to target\classes
2026-05-18 14:54:21,650 [Worker-38: Building] INFO  o.a.m.s.f.DefaultMavenResourcesFiltering - Copying 0 resource from src\main\resources to target\classes
2026-05-18 14:54:21,652 [Worker-38: Building] INFO  o.a.m.s.f.DefaultMavenResourcesFiltering - skip non existing resourceDirectory D:\Pranav All study Material\marktetplace\E-commerce\src\test\resources
2026-05-18 14:54:30,990 [Worker-37: Building] INFO  o.a.m.s.f.DefaultMavenResourcesFiltering - Copying 1 resource from src\main\resources to target\classes
2026-05-18 14:54:30,994 [Worker-37: Building] INFO  o.a.m.s.f.DefaultMavenResourcesFiltering - Copying 0 resource from src\main\resources to target\classes
2026-05-18 14:54:30,996 [Worker-37: Building] INFO  o.a.m.s.f.DefaultMavenResourcesFiltering - skip non existing resourceDirectory D:\Pranav All study Material\marktetplace\E-commerce\src\test\resources
2026-05-18 14:54:38,367 [Worker-37: Building] INFO  o.a.m.s.f.DefaultMavenResourcesFiltering - Copying 1 resource from src\main\resources to target\classes
2026-05-18 14:54:38,371 [Worker-37: Building] INFO  o.a.m.s.f.DefaultMavenResourcesFiltering - Copying 0 resource from src\main\resources to target\classes
2026-05-18 14:54:38,375 [Worker-37: Building] INFO  o.a.m.s.f.DefaultMavenResourcesFiltering - skip non existing resourceDirectory D:\Pranav All study Material\marktetplace\E-commerce\src\test\resources
2026-05-18 14:54:47,137 [Worker-37: Building] INFO  o.a.m.s.f.DefaultMavenResourcesFiltering - Copying 1 resource from src\main\resources to target\classes
2026-05-18 14:54:47,152 [Worker-37: Building] INFO  o.a.m.s.f.DefaultMavenResourcesFiltering - Copying 0 resource from src\main\resources to target\classes
2026-05-18 14:54:47,155 [Worker-37: Building] INFO  o.a.m.s.f.DefaultMavenResourcesFiltering - skip non existing resourceDirectory D:\Pranav All study Material\marktetplace\E-commerce\src\test\resources
2026-05-18 14:54:48,197 [Worker-39: Building] INFO  o.a.m.s.f.DefaultMavenResourcesFiltering - Copying 1 resource from src\main\resources to target\classes
2026-05-18 14:54:48,215 [Worker-39: Building] INFO  o.a.m.s.f.DefaultMavenResourcesFiltering - Copying 0 resource from src\main\resources to target\classes
2026-05-18 14:54:48,217 [Worker-39: Building] INFO  o.a.m.s.f.DefaultMavenResourcesFiltering - skip non existing resourceDirectory D:\Pranav All study Material\marktetplace\E-commerce\src\test\resources
2026-05-18 14:54:54,303 [Worker-35: Building] INFO  o.a.m.s.f.DefaultMavenResourcesFiltering - Copying 1 resource from src\main\resources to target\classes
2026-05-18 14:54:54,308 [Worker-35: Building] INFO  o.a.m.s.f.DefaultMavenResourcesFiltering - Copying 0 resource from src\main\resources to target\classes
2026-05-18 14:54:54,312 [Worker-35: Building] INFO  o.a.m.s.f.DefaultMavenResourcesFiltering - skip non existing resourceDirectory D:\Pranav All study Material\marktetplace\E-commerce\src\test\resources
2026-05-18 14:55:02,690 [Worker-37: Building] INFO  o.a.m.s.f.DefaultMavenResourcesFiltering - Copying 1 resource from src\main\resources to target\classes
2026-05-18 14:55:02,694 [Worker-37: Building] INFO  o.a.m.s.f.DefaultMavenResourcesFiltering - Copying 0 resource from src\main\resources to target\classes
2026-05-18 14:55:02,696 [Worker-37: Building] INFO  o.a.m.s.f.DefaultMavenResourcesFiltering - skip non existing resourceDirectory D:\Pranav All study Material\marktetplace\E-commerce\src\test\resources
2026-05-18 14:55:11,633 [Worker-35: Building] INFO  o.a.m.s.f.DefaultMavenResourcesFiltering - Copying 1 resource from src\main\resources to target\classes
2026-05-18 14:55:11,638 [Worker-35: Building] INFO  o.a.m.s.f.DefaultMavenResourcesFiltering - Copying 0 resource from src\main\resources to target\classes
2026-05-18 14:55:11,640 [Worker-35: Building] INFO  o.a.m.s.f.DefaultMavenResourcesFiltering - skip non existing resourceDirectory D:\Pranav All study Material\marktetplace\E-commerce\src\test\resources
2026-05-18 14:55:20,558 [Worker-38: Building] INFO  o.a.m.s.f.DefaultMavenResourcesFiltering - Copying 1 resource from src\main\resources to target\classes
2026-05-18 14:55:20,562 [Worker-38: Building] INFO  o.a.m.s.f.DefaultMavenResourcesFiltering - Copying 0 resource from src\main\resources to target\classes
2026-05-18 14:55:20,564 [Worker-38: Building] INFO  o.a.m.s.f.DefaultMavenResourcesFiltering - skip non existing resourceDirectory D:\Pranav All study Material\marktetplace\E-commerce\src\test\resources
2026-05-18 14:55:45,369 [Worker-35: Building] INFO  o.a.m.s.f.DefaultMavenResourcesFiltering - Copying 1 resource from src\main\resources to target\classes
2026-05-18 14:55:45,377 [Worker-35: Building] INFO  o.a.m.s.f.DefaultMavenResourcesFiltering - Copying 0 resource from src\main\resources to target\classes
2026-05-18 14:55:45,380 [Worker-35: Building] INFO  o.a.m.s.f.DefaultMavenResourcesFiltering - skip non existing resourceDirectory D:\Pranav All study Material\marktetplace\E-commerce\src\test\resources
2026-05-18 14:55:57,854 [Worker-37: Building] INFO  o.a.m.s.f.DefaultMavenResourcesFiltering - Copying 1 resource from src\main\resources to target\classes
2026-05-18 14:55:57,858 [Worker-37: Building] INFO  o.a.m.s.f.DefaultMavenResourcesFiltering - Copying 0 resource from src\main\resources to target\classes
2026-05-18 14:55:57,859 [Worker-37: Building] INFO  o.a.m.s.f.DefaultMavenResourcesFiltering - skip non existing resourceDirectory D:\Pranav All study Material\marktetplace\E-commerce\src\test\resources
2026-05-18 14:56:09,994 [Worker-38: Building] INFO  o.a.m.s.f.DefaultMavenResourcesFiltering - Copying 1 resource from src\main\resources to target\classes
2026-05-18 14:56:09,999 [Worker-38: Building] INFO  o.a.m.s.f.DefaultMavenResourcesFiltering - Copying 0 resource from src\main\resources to target\classes
2026-05-18 14:56:10,002 [Worker-38: Building] INFO  o.a.m.s.f.DefaultMavenResourcesFiltering - skip non existing resourceDirectory D:\Pranav All study Material\marktetplace\E-commerce\src\test\resources
2026-05-18 14:56:20,465 [Worker-38: Building] INFO  o.a.m.s.f.DefaultMavenResourcesFiltering - Copying 1 resource from src\main\resources to target\classes
2026-05-18 14:56:20,469 [Worker-38: Building] INFO  o.a.m.s.f.DefaultMavenResourcesFiltering - Copying 0 resource from src\main\resources to target\classes
2026-05-18 14:56:20,471 [Worker-38: Building] INFO  o.a.m.s.f.DefaultMavenResourcesFiltering - skip non existing resourceDirectory D:\Pranav All study Material\marktetplace\E-commerce\src\test\resources
2026-05-18 14:56:33,157 [Worker-38: Building] INFO  o.a.m.s.f.DefaultMavenResourcesFiltering - Copying 1 resource from src\main\resources to target\classes
2026-05-18 14:56:33,161 [Worker-38: Building] INFO  o.a.m.s.f.DefaultMavenResourcesFiltering - Copying 0 resource from src\main\resources to target\classes
2026-05-18 14:56:33,163 [Worker-38: Building] INFO  o.a.m.s.f.DefaultMavenResourcesFiltering - skip non existing resourceDirectory D:\Pranav All study Material\marktetplace\E-commerce\src\test\resources
2026-05-18 14:56:43,951 [Worker-35: Building] INFO  o.a.m.s.f.DefaultMavenResourcesFiltering - Copying 1 resource from src\main\resources to target\classes
2026-05-18 14:56:43,955 [Worker-35: Building] INFO  o.a.m.s.f.DefaultMavenResourcesFiltering - Copying 0 resource from src\main\resources to target\classes
2026-05-18 14:56:43,957 [Worker-35: Building] INFO  o.a.m.s.f.DefaultMavenResourcesFiltering - skip non existing resourceDirectory D:\Pranav All study Material\marktetplace\E-commerce\src\test\resources
2026-05-18 14:56:55,444 [Worker-38: Building] INFO  o.a.m.s.f.DefaultMavenResourcesFiltering - Copying 1 resource from src\main\resources to target\classes
2026-05-18 14:56:55,450 [Worker-38: Building] INFO  o.a.m.s.f.DefaultMavenResourcesFiltering - Copying 0 resource from src\main\resources to target\classes
2026-05-18 14:56:55,454 [Worker-38: Building] INFO  o.a.m.s.f.DefaultMavenResourcesFiltering - skip non existing resourceDirectory D:\Pranav All study Material\marktetplace\E-commerce\src\test\resources
2026-05-18 14:57:17,380 [Worker-27: Building] INFO  o.a.m.s.f.DefaultMavenResourcesFiltering - Copying 1 resource from src\main\resources to target\classes
2026-05-18 14:57:17,384 [Worker-27: Building] INFO  o.a.m.s.f.DefaultMavenResourcesFiltering - Copying 0 resource from src\main\resources to target\classes
2026-05-18 14:57:17,387 [Worker-27: Building] INFO  o.a.m.s.f.DefaultMavenResourcesFiltering - skip non existing resourceDirectory D:\Pranav All study Material\marktetplace\E-commerce\src\test\resources
2026-05-18 14:57:28,194 [Worker-38: Building] INFO  o.a.m.s.f.DefaultMavenResourcesFiltering - Copying 1 resource from src\main\resources to target\classes
2026-05-18 14:57:28,198 [Worker-38: Building] INFO  o.a.m.s.f.DefaultMavenResourcesFiltering - Copying 0 resource from src\main\resources to target\classes
2026-05-18 14:57:28,200 [Worker-38: Building] INFO  o.a.m.s.f.DefaultMavenResourcesFiltering - skip non existing resourceDirectory D:\Pranav All study Material\marktetplace\E-commerce\src\test\resources
2026-05-18 14:57:40,068 [Worker-38: Building] INFO  o.a.m.s.f.DefaultMavenResourcesFiltering - Copying 1 resource from src\main\resources to target\classes
2026-05-18 14:57:40,072 [Worker-38: Building] INFO  o.a.m.s.f.DefaultMavenResourcesFiltering - Copying 0 resource from src\main\resources to target\classes
2026-05-18 14:57:40,074 [Worker-38: Building] INFO  o.a.m.s.f.DefaultMavenResourcesFiltering - skip non existing resourceDirectory D:\Pranav All study Material\marktetplace\E-commerce\src\test\resources
2026-05-18 14:57:56,830 [Worker-35: Building] INFO  o.a.m.s.f.DefaultMavenResourcesFiltering - Copying 1 resource from src\main\resources to target\classes
2026-05-18 14:57:56,834 [Worker-35: Building] INFO  o.a.m.s.f.DefaultMavenResourcesFiltering - Copying 0 resource from src\main\resources to target\classes
2026-05-18 14:57:56,836 [Worker-35: Building] INFO  o.a.m.s.f.DefaultMavenResourcesFiltering - skip non existing resourceDirectory D:\Pranav All study Material\marktetplace\E-commerce\src\test\resources
2026-05-18 14:58:00,160 [Worker-39: Building] INFO  o.a.m.s.f.DefaultMavenResourcesFiltering - Copying 1 resource from src\main\resources to target\classes
2026-05-18 14:58:00,164 [Worker-39: Building] INFO  o.a.m.s.f.DefaultMavenResourcesFiltering - Copying 0 resource from src\main\resources to target\classes
2026-05-18 14:58:00,166 [Worker-39: Building] INFO  o.a.m.s.f.DefaultMavenResourcesFiltering - skip non existing resourceDirectory D:\Pranav All study Material\marktetplace\E-commerce\src\test\resources
2026-05-18 14:58:21,170 [Worker-37: Building] INFO  o.a.m.s.f.DefaultMavenResourcesFiltering - Copying 1 resource from src\main\resources to target\classes
2026-05-18 14:58:21,224 [Worker-37: Building] INFO  o.a.m.s.f.DefaultMavenResourcesFiltering - Copying 0 resource from src\main\resources to target\classes
2026-05-18 14:58:21,227 [Worker-37: Building] INFO  o.a.m.s.f.DefaultMavenResourcesFiltering - skip non existing resourceDirectory D:\Pranav All study Material\marktetplace\E-commerce\src\test\resources
2026-05-18 14:58:30,762 [Worker-35: Building] INFO  o.a.m.s.f.DefaultMavenResourcesFiltering - Copying 1 resource from src\main\resources to target\classes
2026-05-18 14:58:30,766 [Worker-35: Building] INFO  o.a.m.s.f.DefaultMavenResourcesFiltering - Copying 0 resource from src\main\resources to target\classes
2026-05-18 14:58:30,767 [Worker-35: Building] INFO  o.a.m.s.f.DefaultMavenResourcesFiltering - skip non existing resourceDirectory D:\Pranav All study Material\marktetplace\E-commerce\src\test\resources
2026-05-18 14:58:40,781 [Worker-35: Building] INFO  o.a.m.s.f.DefaultMavenResourcesFiltering - Copying 1 resource from src\main\resources to target\classes
2026-05-18 14:58:40,788 [Worker-35: Building] INFO  o.a.m.s.f.DefaultMavenResourcesFiltering - Copying 0 resource from src\main\resources to target\classes
2026-05-18 14:58:40,793 [Worker-35: Building] INFO  o.a.m.s.f.DefaultMavenResourcesFiltering - skip non existing resourceDirectory D:\Pranav All study Material\marktetplace\E-commerce\src\test\resources
2026-05-18 14:58:51,365 [Worker-35: Building] INFO  o.a.m.s.f.DefaultMavenResourcesFiltering - Copying 1 resource from src\main\resources to target\classes
2026-05-18 14:58:51,372 [Worker-35: Building] INFO  o.a.m.s.f.DefaultMavenResourcesFiltering - Copying 0 resource from src\main\resources to target\classes
2026-05-18 14:58:51,374 [Worker-35: Building] INFO  o.a.m.s.f.DefaultMavenResourcesFiltering - skip non existing resourceDirectory D:\Pranav All study Material\marktetplace\E-commerce\src\test\resources
2026-05-18 14:58:57,010 [Worker-35: Launching QuickMart] INFO  o.eclipse.m2e.core.internal.Bundles - getClasspathEntries(Bundle=org.eclipse.m2e.maven.runtime_3.9.900.20250220-2013 [637])
2026-05-18 14:58:57,013 [Worker-35: Launching QuickMart] INFO  o.eclipse.m2e.core.internal.Bundles - 	Entry: C:\Users\hp\.p2\pool\plugins\org.eclipse.m2e.maven.runtime_3.9.900.20250220-2013
2026-05-18 14:58:57,013 [Worker-35: Launching QuickMart] INFO  o.eclipse.m2e.core.internal.Bundles - 	Entry: C:\Users\hp\.p2\pool\plugins\org.eclipse.m2e.maven.runtime_3.9.900.20250220-2013\jars\aopalliance-1.0.jar
2026-05-18 14:58:57,014 [Worker-35: Launching QuickMart] INFO  o.eclipse.m2e.core.internal.Bundles - 	Entry: C:\Users\hp\.p2\pool\plugins\org.eclipse.m2e.maven.runtime_3.9.900.20250220-2013\jars\guice-5.1.0.jar
2026-05-18 14:58:57,014 [Worker-35: Launching QuickMart] INFO  o.eclipse.m2e.core.internal.Bundles - 	Entry: C:\Users\hp\.p2\pool\plugins\org.eclipse.m2e.maven.runtime_3.9.900.20250220-2013\jars\httpclient-4.5.14.jar
2026-05-18 14:58:57,014 [Worker-35: Launching QuickMart] INFO  o.eclipse.m2e.core.internal.Bundles - 	Entry: C:\Users\hp\.p2\pool\plugins\org.eclipse.m2e.maven.runtime_3.9.900.20250220-2013\jars\httpcore-4.4.16.jar
2026-05-18 14:58:57,015 [Worker-35: Launching QuickMart] INFO  o.eclipse.m2e.core.internal.Bundles - 	Entry: C:\Users\hp\.p2\pool\plugins\org.eclipse.m2e.maven.runtime_3.9.900.20250220-2013\jars\jansi-2.4.1.jar
2026-05-18 14:58:57,015 [Worker-35: Launching QuickMart] INFO  o.eclipse.m2e.core.internal.Bundles - 	Entry: C:\Users\hp\.p2\pool\plugins\org.eclipse.m2e.maven.runtime_3.9.900.20250220-2013\jars\jcl-over-slf4j-1.7.36.jar
2026-05-18 14:58:57,015 [Worker-35: Launching QuickMart] INFO  o.eclipse.m2e.core.internal.Bundles - 	Entry: C:\Users\hp\.p2\pool\plugins\org.eclipse.m2e.maven.runtime_3.9.900.20250220-2013\jars\maven-artifact-3.9.9.jar
2026-05-18 14:58:57,015 [Worker-35: Launching QuickMart] INFO  o.eclipse.m2e.core.internal.Bundles - 	Entry: C:\Users\hp\.p2\pool\plugins\org.eclipse.m2e.maven.runtime_3.9.900.20250220-2013\jars\maven-builder-support-3.9.9.jar
2026-05-18 14:58:57,015 [Worker-35: Launching QuickMart] INFO  o.eclipse.m2e.core.internal.Bundles - 	Entry: C:\Users\hp\.p2\pool\plugins\org.eclipse.m2e.maven.runtime_3.9.900.20250220-2013\jars\maven-compat-3.9.9.jar
2026-05-18 14:58:57,015 [Worker-35: Launching QuickMart] INFO  o.eclipse.m2e.core.internal.Bundles - 	Entry: C:\Users\hp\.p2\pool\plugins\org.eclipse.m2e.maven.runtime_3.9.900.20250220-2013\jars\maven-core-3.9.9.jar
2026-05-18 14:58:57,016 [Worker-35: Launching QuickMart] INFO  o.eclipse.m2e.core.internal.Bundles - 	Entry: C:\Users\hp\.p2\pool\plugins\org.eclipse.m2e.maven.runtime_3.9.900.20250220-2013\jars\maven-embedder-3.9.9.jar
2026-05-18 14:58:57,016 [Worker-35: Launching QuickMart] INFO  o.eclipse.m2e.core.internal.Bundles - 	Entry: C:\Users\hp\.p2\pool\plugins\org.eclipse.m2e.maven.runtime_3.9.900.20250220-2013\jars\maven-model-3.9.9.jar
2026-05-18 14:58:57,016 [Worker-35: Launching QuickMart] INFO  o.eclipse.m2e.core.internal.Bundles - 	Entry: C:\Users\hp\.p2\pool\plugins\org.eclipse.m2e.maven.runtime_3.9.900.20250220-2013\jars\maven-model-builder-3.9.9.jar
2026-05-18 14:58:57,016 [Worker-35: Launching QuickMart] INFO  o.eclipse.m2e.core.internal.Bundles - 	Entry: C:\Users\hp\.p2\pool\plugins\org.eclipse.m2e.maven.runtime_3.9.900.20250220-2013\jars\maven-plugin-api-3.9.9.jar
2026-05-18 14:58:57,016 [Worker-35: Launching QuickMart] INFO  o.eclipse.m2e.core.internal.Bundles - 	Entry: C:\Users\hp\.p2\pool\plugins\org.eclipse.m2e.maven.runtime_3.9.900.20250220-2013\jars\maven-repository-metadata-3.9.9.jar
2026-05-18 14:58:57,017 [Worker-35: Launching QuickMart] INFO  o.eclipse.m2e.core.internal.Bundles - 	Entry: C:\Users\hp\.p2\pool\plugins\org.eclipse.m2e.maven.runtime_3.9.900.20250220-2013\jars\maven-resolver-api-1.9.22.jar
2026-05-18 14:58:57,017 [Worker-35: Launching QuickMart] INFO  o.eclipse.m2e.core.internal.Bundles - 	Entry: C:\Users\hp\.p2\pool\plugins\org.eclipse.m2e.maven.runtime_3.9.900.20250220-2013\jars\maven-resolver-connector-basic-1.9.22.jar
2026-05-18 14:58:57,017 [Worker-35: Launching QuickMart] INFO  o.eclipse.m2e.core.internal.Bundles - 	Entry: C:\Users\hp\.p2\pool\plugins\org.eclipse.m2e.maven.runtime_3.9.900.20250220-2013\jars\maven-resolver-impl-1.9.22.jar
2026-05-18 14:58:57,017 [Worker-35: Launching QuickMart] INFO  o.eclipse.m2e.core.internal.Bundles - 	Entry: C:\Users\hp\.p2\pool\plugins\org.eclipse.m2e.maven.runtime_3.9.900.20250220-2013\jars\maven-resolver-named-locks-1.9.22.jar
2026-05-18 14:58:57,018 [Worker-35: Launching QuickMart] INFO  o.eclipse.m2e.core.internal.Bundles - 	Entry: C:\Users\hp\.p2\pool\plugins\org.eclipse.m2e.maven.runtime_3.9.900.20250220-2013\jars\maven-resolver-provider-3.9.9.jar
2026-05-18 14:58:57,018 [Worker-35: Launching QuickMart] INFO  o.eclipse.m2e.core.internal.Bundles - 	Entry: C:\Users\hp\.p2\pool\plugins\org.eclipse.m2e.maven.runtime_3.9.900.20250220-2013\jars\maven-resolver-spi-1.9.22.jar
2026-05-18 14:58:57,018 [Worker-35: Launching QuickMart] INFO  o.eclipse.m2e.core.internal.Bundles - 	Entry: C:\Users\hp\.p2\pool\plugins\org.eclipse.m2e.maven.runtime_3.9.900.20250220-2013\jars\maven-resolver-transport-file-1.9.22.jar
2026-05-18 14:58:57,018 [Worker-35: Launching QuickMart] INFO  o.eclipse.m2e.core.internal.Bundles - 	Entry: C:\Users\hp\.p2\pool\plugins\org.eclipse.m2e.maven.runtime_3.9.900.20250220-2013\jars\maven-resolver-transport-http-1.9.22.jar
2026-05-18 14:58:57,019 [Worker-35: Launching QuickMart] INFO  o.eclipse.m2e.core.internal.Bundles - 	Entry: C:\Users\hp\.p2\pool\plugins\org.eclipse.m2e.maven.runtime_3.9.900.20250220-2013\jars\maven-resolver-transport-wagon-1.9.22.jar
2026-05-18 14:58:57,019 [Worker-35: Launching QuickMart] INFO  o.eclipse.m2e.core.internal.Bundles - 	Entry: C:\Users\hp\.p2\pool\plugins\org.eclipse.m2e.maven.runtime_3.9.900.20250220-2013\jars\maven-resolver-util-1.9.22.jar
2026-05-18 14:58:57,019 [Worker-35: Launching QuickMart] INFO  o.eclipse.m2e.core.internal.Bundles - 	Entry: C:\Users\hp\.p2\pool\plugins\org.eclipse.m2e.maven.runtime_3.9.900.20250220-2013\jars\maven-settings-3.9.9.jar
2026-05-18 14:58:57,019 [Worker-35: Launching QuickMart] INFO  o.eclipse.m2e.core.internal.Bundles - 	Entry: C:\Users\hp\.p2\pool\plugins\org.eclipse.m2e.maven.runtime_3.9.900.20250220-2013\jars\maven-settings-builder-3.9.9.jar
2026-05-18 14:58:57,019 [Worker-35: Launching QuickMart] INFO  o.eclipse.m2e.core.internal.Bundles - 	Entry: C:\Users\hp\.p2\pool\plugins\org.eclipse.m2e.maven.runtime_3.9.900.20250220-2013\jars\maven-shared-utils-3.4.2.jar
2026-05-18 14:58:57,019 [Worker-35: Launching QuickMart] INFO  o.eclipse.m2e.core.internal.Bundles - 	Entry: C:\Users\hp\.p2\pool\plugins\org.eclipse.m2e.maven.runtime_3.9.900.20250220-2013\jars\org.eclipse.sisu.inject-0.9.0.M3.jar
2026-05-18 14:58:57,020 [Worker-35: Launching QuickMart] INFO  o.eclipse.m2e.core.internal.Bundles - 	Entry: C:\Users\hp\.p2\pool\plugins\org.eclipse.m2e.maven.runtime_3.9.900.20250220-2013\jars\org.eclipse.sisu.plexus-0.9.0.M3.jar
2026-05-18 14:58:57,020 [Worker-35: Launching QuickMart] INFO  o.eclipse.m2e.core.internal.Bundles - 	Entry: C:\Users\hp\.p2\pool\plugins\org.eclipse.m2e.maven.runtime_3.9.900.20250220-2013\jars\plexus-build-api-0.0.7.jar
2026-05-18 14:58:57,020 [Worker-35: Launching QuickMart] INFO  o.eclipse.m2e.core.internal.Bundles - 	Entry: C:\Users\hp\.p2\pool\plugins\org.eclipse.m2e.maven.runtime_3.9.900.20250220-2013\jars\plexus-build-api-1.2.0.jar
2026-05-18 14:58:57,020 [Worker-35: Launching QuickMart] INFO  o.eclipse.m2e.core.internal.Bundles - 	Entry: C:\Users\hp\.p2\pool\plugins\org.eclipse.m2e.maven.runtime_3.9.900.20250220-2013\jars\plexus-cipher-2.0.jar
2026-05-18 14:58:57,021 [Worker-35: Launching QuickMart] INFO  o.eclipse.m2e.core.internal.Bundles - 	Entry: C:\Users\hp\.p2\pool\plugins\org.eclipse.m2e.maven.runtime_3.9.900.20250220-2013\jars\plexus-classworlds-2.8.0.jar
2026-05-18 14:58:57,021 [Worker-35: Launching QuickMart] INFO  o.eclipse.m2e.core.internal.Bundles - 	Entry: C:\Users\hp\.p2\pool\plugins\org.eclipse.m2e.maven.runtime_3.9.900.20250220-2013\jars\plexus-component-annotations-2.1.0.jar
2026-05-18 14:58:57,021 [Worker-35: Launching QuickMart] INFO  o.eclipse.m2e.core.internal.Bundles - 	Entry: C:\Users\hp\.p2\pool\plugins\org.eclipse.m2e.maven.runtime_3.9.900.20250220-2013\jars\plexus-interpolation-1.27.jar
2026-05-18 14:58:57,021 [Worker-35: Launching QuickMart] INFO  o.eclipse.m2e.core.internal.Bundles - 	Entry: C:\Users\hp\.p2\pool\plugins\org.eclipse.m2e.maven.runtime_3.9.900.20250220-2013\jars\plexus-sec-dispatcher-2.0.jar
2026-05-18 14:58:57,021 [Worker-35: Launching QuickMart] INFO  o.eclipse.m2e.core.internal.Bundles - 	Entry: C:\Users\hp\.p2\pool\plugins\org.eclipse.m2e.maven.runtime_3.9.900.20250220-2013\jars\plexus-utils-3.5.1.jar
2026-05-18 14:58:57,021 [Worker-35: Launching QuickMart] INFO  o.eclipse.m2e.core.internal.Bundles - 	Entry: C:\Users\hp\.p2\pool\plugins\org.eclipse.m2e.maven.runtime_3.9.900.20250220-2013\jars\plexus-xml-3.0.1.jar
2026-05-18 14:58:57,022 [Worker-35: Launching QuickMart] INFO  o.eclipse.m2e.core.internal.Bundles - 	Entry: C:\Users\hp\.p2\pool\plugins\org.eclipse.m2e.maven.runtime_3.9.900.20250220-2013\jars\wagon-file-3.5.3.jar
2026-05-18 14:58:57,022 [Worker-35: Launching QuickMart] INFO  o.eclipse.m2e.core.internal.Bundles - 	Entry: C:\Users\hp\.p2\pool\plugins\org.eclipse.m2e.maven.runtime_3.9.900.20250220-2013\jars\wagon-http-3.5.3.jar
2026-05-18 14:58:57,022 [Worker-35: Launching QuickMart] INFO  o.eclipse.m2e.core.internal.Bundles - 	Entry: C:\Users\hp\.p2\pool\plugins\org.eclipse.m2e.maven.runtime_3.9.900.20250220-2013\jars\wagon-http-shared-3.5.3.jar
2026-05-18 14:58:57,022 [Worker-35: Launching QuickMart] INFO  o.eclipse.m2e.core.internal.Bundles - 	Entry: C:\Users\hp\.p2\pool\plugins\org.eclipse.m2e.maven.runtime_3.9.900.20250220-2013\jars\wagon-provider-api-3.5.3.jar
2026-05-18 14:58:57,024 [Worker-35: Launching QuickMart] INFO  o.eclipse.m2e.core.internal.Bundles - getClasspathEntries(Bundle=com.google.guava_33.4.8.jre [1007])
2026-05-18 14:58:57,025 [Worker-35: Launching QuickMart] INFO  o.eclipse.m2e.core.internal.Bundles - 	Entry: C:\Users\hp\.p2\pool\plugins\com.google.guava_33.4.8.jre.jar
2026-05-18 14:58:57,025 [Worker-35: Launching QuickMart] INFO  o.eclipse.m2e.core.internal.Bundles - getClasspathEntries(Bundle=slf4j.api_2.0.17 [1001])
2026-05-18 14:58:57,026 [Worker-35: Launching QuickMart] INFO  o.eclipse.m2e.core.internal.Bundles - 	Entry: C:\Users\hp\.p2\pool\plugins\slf4j.api_2.0.17.jar
2026-05-18 14:58:57,026 [Worker-35: Launching QuickMart] INFO  o.eclipse.m2e.core.internal.Bundles - getClasspathEntries(Bundle=jakarta.inject.jakarta.inject-api_1.0.5 [34])
2026-05-18 14:58:57,026 [Worker-35: Launching QuickMart] INFO  o.eclipse.m2e.core.internal.Bundles - 	Entry: C:\Users\hp\.p2\pool\plugins\jakarta.inject.jakarta.inject-api_1.0.5.jar
2026-05-18 14:58:57,026 [Worker-35: Launching QuickMart] INFO  o.eclipse.m2e.core.internal.Bundles - getClasspathEntries(Bundle=javax.annotation_1.3.5.v20200909-1856 [1012])
2026-05-18 14:58:57,027 [Worker-35: Launching QuickMart] INFO  o.eclipse.m2e.core.internal.Bundles - 	Entry: C:\Users\hp\.p2\pool\plugins\javax.annotation_1.3.5.v20200909-1856.jar
2026-05-18 14:58:57,027 [Worker-35: Launching QuickMart] INFO  o.eclipse.m2e.core.internal.Bundles - getClasspathEntries(Bundle=org.apache.commons.cli_1.9.0 [74])
2026-05-18 14:58:57,027 [Worker-35: Launching QuickMart] INFO  o.eclipse.m2e.core.internal.Bundles - 	Entry: C:\Users\hp\.p2\pool\plugins\org.apache.commons.cli_1.9.0.jar
2026-05-18 14:58:57,027 [Worker-35: Launching QuickMart] INFO  o.eclipse.m2e.core.internal.Bundles - getClasspathEntries(Bundle=org.apache.commons.commons-codec_1.16.0 [76])
2026-05-18 14:58:57,028 [Worker-35: Launching QuickMart] INFO  o.eclipse.m2e.core.internal.Bundles - 	Entry: C:\Users\hp\.p2\pool\plugins\org.apache.commons.commons-codec_1.16.0.jar
2026-05-18 14:58:57,028 [Worker-35: Launching QuickMart] INFO  o.eclipse.m2e.core.internal.Bundles - getClasspathEntries(Bundle=com.google.guava.failureaccess_1.0.3 [1008])
2026-05-18 14:58:57,029 [Worker-35: Launching QuickMart] INFO  o.eclipse.m2e.core.internal.Bundles - 	Entry: C:\Users\hp\.p2\pool\plugins\com.google.guava.failureaccess_1.0.3.jar
2026-05-18 14:59:10,231 [Worker-38: Launching QuickMart] INFO  o.eclipse.m2e.core.internal.Bundles - getClasspathEntries(Bundle=org.eclipse.m2e.maven.runtime_3.9.900.20250220-2013 [637])
2026-05-18 14:59:10,232 [Worker-38: Launching QuickMart] INFO  o.eclipse.m2e.core.internal.Bundles - 	Entry: C:\Users\hp\.p2\pool\plugins\org.eclipse.m2e.maven.runtime_3.9.900.20250220-2013
2026-05-18 14:59:10,232 [Worker-38: Launching QuickMart] INFO  o.eclipse.m2e.core.internal.Bundles - 	Entry: C:\Users\hp\.p2\pool\plugins\org.eclipse.m2e.maven.runtime_3.9.900.20250220-2013\jars\aopalliance-1.0.jar
2026-05-18 14:59:10,232 [Worker-38: Launching QuickMart] INFO  o.eclipse.m2e.core.internal.Bundles - 	Entry: C:\Users\hp\.p2\pool\plugins\org.eclipse.m2e.maven.runtime_3.9.900.20250220-2013\jars\guice-5.1.0.jar
2026-05-18 14:59:10,232 [Worker-38: Launching QuickMart] INFO  o.eclipse.m2e.core.internal.Bundles - 	Entry: C:\Users\hp\.p2\pool\plugins\org.eclipse.m2e.maven.runtime_3.9.900.20250220-2013\jars\httpclient-4.5.14.jar
2026-05-18 14:59:10,233 [Worker-38: Launching QuickMart] INFO  o.eclipse.m2e.core.internal.Bundles - 	Entry: C:\Users\hp\.p2\pool\plugins\org.eclipse.m2e.maven.runtime_3.9.900.20250220-2013\jars\httpcore-4.4.16.jar
2026-05-18 14:59:10,233 [Worker-38: Launching QuickMart] INFO  o.eclipse.m2e.core.internal.Bundles - 	Entry: C:\Users\hp\.p2\pool\plugins\org.eclipse.m2e.maven.runtime_3.9.900.20250220-2013\jars\jansi-2.4.1.jar
2026-05-18 14:59:10,233 [Worker-38: Launching QuickMart] INFO  o.eclipse.m2e.core.internal.Bundles - 	Entry: C:\Users\hp\.p2\pool\plugins\org.eclipse.m2e.maven.runtime_3.9.900.20250220-2013\jars\jcl-over-slf4j-1.7.36.jar
2026-05-18 14:59:10,233 [Worker-38: Launching QuickMart] INFO  o.eclipse.m2e.core.internal.Bundles - 	Entry: C:\Users\hp\.p2\pool\plugins\org.eclipse.m2e.maven.runtime_3.9.900.20250220-2013\jars\maven-artifact-3.9.9.jar
2026-05-18 14:59:10,233 [Worker-38: Launching QuickMart] INFO  o.eclipse.m2e.core.internal.Bundles - 	Entry: C:\Users\hp\.p2\pool\plugins\org.eclipse.m2e.maven.runtime_3.9.900.20250220-2013\jars\maven-builder-support-3.9.9.jar
2026-05-18 14:59:10,233 [Worker-38: Launching QuickMart] INFO  o.eclipse.m2e.core.internal.Bundles - 	Entry: C:\Users\hp\.p2\pool\plugins\org.eclipse.m2e.maven.runtime_3.9.900.20250220-2013\jars\maven-compat-3.9.9.jar
2026-05-18 14:59:10,236 [Worker-38: Launching QuickMart] INFO  o.eclipse.m2e.core.internal.Bundles - 	Entry: C:\Users\hp\.p2\pool\plugins\org.eclipse.m2e.maven.runtime_3.9.900.20250220-2013\jars\maven-core-3.9.9.jar
2026-05-18 14:59:10,236 [Worker-38: Launching QuickMart] INFO  o.eclipse.m2e.core.internal.Bundles - 	Entry: C:\Users\hp\.p2\pool\plugins\org.eclipse.m2e.maven.runtime_3.9.900.20250220-2013\jars\maven-embedder-3.9.9.jar
2026-05-18 14:59:10,236 [Worker-38: Launching QuickMart] INFO  o.eclipse.m2e.core.internal.Bundles - 	Entry: C:\Users\hp\.p2\pool\plugins\org.eclipse.m2e.maven.runtime_3.9.900.20250220-2013\jars\maven-model-3.9.9.jar
2026-05-18 14:59:10,236 [Worker-38: Launching QuickMart] INFO  o.eclipse.m2e.core.internal.Bundles - 	Entry: C:\Users\hp\.p2\pool\plugins\org.eclipse.m2e.maven.runtime_3.9.900.20250220-2013\jars\maven-model-builder-3.9.9.jar
2026-05-18 14:59:10,236 [Worker-38: Launching QuickMart] INFO  o.eclipse.m2e.core.internal.Bundles - 	Entry: C:\Users\hp\.p2\pool\plugins\org.eclipse.m2e.maven.runtime_3.9.900.20250220-2013\jars\maven-plugin-api-3.9.9.jar
2026-05-18 14:59:10,236 [Worker-38: Launching QuickMart] INFO  o.eclipse.m2e.core.internal.Bundles - 	Entry: C:\Users\hp\.p2\pool\plugins\org.eclipse.m2e.maven.runtime_3.9.900.20250220-2013\jars\maven-repository-metadata-3.9.9.jar
2026-05-18 14:59:10,236 [Worker-38: Launching QuickMart] INFO  o.eclipse.m2e.core.internal.Bundles - 	Entry: C:\Users\hp\.p2\pool\plugins\org.eclipse.m2e.maven.runtime_3.9.900.20250220-2013\jars\maven-resolver-api-1.9.22.jar
2026-05-18 14:59:10,236 [Worker-38: Launching QuickMart] INFO  o.eclipse.m2e.core.internal.Bundles - 	Entry: C:\Users\hp\.p2\pool\plugins\org.eclipse.m2e.maven.runtime_3.9.900.20250220-2013\jars\maven-resolver-connector-basic-1.9.22.jar
2026-05-18 14:59:10,236 [Worker-38: Launching QuickMart] INFO  o.eclipse.m2e.core.internal.Bundles - 	Entry: C:\Users\hp\.p2\pool\plugins\org.eclipse.m2e.maven.runtime_3.9.900.20250220-2013\jars\maven-resolver-impl-1.9.22.jar
2026-05-18 14:59:10,237 [Worker-38: Launching QuickMart] INFO  o.eclipse.m2e.core.internal.Bundles - 	Entry: C:\Users\hp\.p2\pool\plugins\org.eclipse.m2e.maven.runtime_3.9.900.20250220-2013\jars\maven-resolver-named-locks-1.9.22.jar
2026-05-18 14:59:10,237 [Worker-38: Launching QuickMart] INFO  o.eclipse.m2e.core.internal.Bundles - 	Entry: C:\Users\hp\.p2\pool\plugins\org.eclipse.m2e.maven.runtime_3.9.900.20250220-2013\jars\maven-resolver-provider-3.9.9.jar
2026-05-18 14:59:10,237 [Worker-38: Launching QuickMart] INFO  o.eclipse.m2e.core.internal.Bundles - 	Entry: C:\Users\hp\.p2\pool\plugins\org.eclipse.m2e.maven.runtime_3.9.900.20250220-2013\jars\maven-resolver-spi-1.9.22.jar
2026-05-18 14:59:10,237 [Worker-38: Launching QuickMart] INFO  o.eclipse.m2e.core.internal.Bundles - 	Entry: C:\Users\hp\.p2\pool\plugins\org.eclipse.m2e.maven.runtime_3.9.900.20250220-2013\jars\maven-resolver-transport-file-1.9.22.jar
2026-05-18 14:59:10,237 [Worker-38: Launching QuickMart] INFO  o.eclipse.m2e.core.internal.Bundles - 	Entry: C:\Users\hp\.p2\pool\plugins\org.eclipse.m2e.maven.runtime_3.9.900.20250220-2013\jars\maven-resolver-transport-http-1.9.22.jar
2026-05-18 14:59:10,237 [Worker-38: Launching QuickMart] INFO  o.eclipse.m2e.core.internal.Bundles - 	Entry: C:\Users\hp\.p2\pool\plugins\org.eclipse.m2e.maven.runtime_3.9.900.20250220-2013\jars\maven-resolver-transport-wagon-1.9.22.jar
2026-05-18 14:59:10,237 [Worker-38: Launching QuickMart] INFO  o.eclipse.m2e.core.internal.Bundles - 	Entry: C:\Users\hp\.p2\pool\plugins\org.eclipse.m2e.maven.runtime_3.9.900.20250220-2013\jars\maven-resolver-util-1.9.22.jar
2026-05-18 14:59:10,237 [Worker-38: Launching QuickMart] INFO  o.eclipse.m2e.core.internal.Bundles - 	Entry: C:\Users\hp\.p2\pool\plugins\org.eclipse.m2e.maven.runtime_3.9.900.20250220-2013\jars\maven-settings-3.9.9.jar
2026-05-18 14:59:10,237 [Worker-38: Launching QuickMart] INFO  o.eclipse.m2e.core.internal.Bundles - 	Entry: C:\Users\hp\.p2\pool\plugins\org.eclipse.m2e.maven.runtime_3.9.900.20250220-2013\jars\maven-settings-builder-3.9.9.jar
2026-05-18 14:59:10,237 [Worker-38: Launching QuickMart] INFO  o.eclipse.m2e.core.internal.Bundles - 	Entry: C:\Users\hp\.p2\pool\plugins\org.eclipse.m2e.maven.runtime_3.9.900.20250220-2013\jars\maven-shared-utils-3.4.2.jar
2026-05-18 14:59:10,237 [Worker-38: Launching QuickMart] INFO  o.eclipse.m2e.core.internal.Bundles - 	Entry: C:\Users\hp\.p2\pool\plugins\org.eclipse.m2e.maven.runtime_3.9.900.20250220-2013\jars\org.eclipse.sisu.inject-0.9.0.M3.jar
2026-05-18 14:59:10,238 [Worker-38: Launching QuickMart] INFO  o.eclipse.m2e.core.internal.Bundles - 	Entry: C:\Users\hp\.p2\pool\plugins\org.eclipse.m2e.maven.runtime_3.9.900.20250220-2013\jars\org.eclipse.sisu.plexus-0.9.0.M3.jar
2026-05-18 14:59:10,238 [Worker-38: Launching QuickMart] INFO  o.eclipse.m2e.core.internal.Bundles - 	Entry: C:\Users\hp\.p2\pool\plugins\org.eclipse.m2e.maven.runtime_3.9.900.20250220-2013\jars\plexus-build-api-0.0.7.jar
2026-05-18 14:59:10,238 [Worker-38: Launching QuickMart] INFO  o.eclipse.m2e.core.internal.Bundles - 	Entry: C:\Users\hp\.p2\pool\plugins\org.eclipse.m2e.maven.runtime_3.9.900.20250220-2013\jars\plexus-build-api-1.2.0.jar
2026-05-18 14:59:10,238 [Worker-38: Launching QuickMart] INFO  o.eclipse.m2e.core.internal.Bundles - 	Entry: C:\Users\hp\.p2\pool\plugins\org.eclipse.m2e.maven.runtime_3.9.900.20250220-2013\jars\plexus-cipher-2.0.jar
2026-05-18 14:59:10,238 [Worker-38: Launching QuickMart] INFO  o.eclipse.m2e.core.internal.Bundles - 	Entry: C:\Users\hp\.p2\pool\plugins\org.eclipse.m2e.maven.runtime_3.9.900.20250220-2013\jars\plexus-classworlds-2.8.0.jar
2026-05-18 14:59:10,238 [Worker-38: Launching QuickMart] INFO  o.eclipse.m2e.core.internal.Bundles - 	Entry: C:\Users\hp\.p2\pool\plugins\org.eclipse.m2e.maven.runtime_3.9.900.20250220-2013\jars\plexus-component-annotations-2.1.0.jar
2026-05-18 14:59:10,238 [Worker-38: Launching QuickMart] INFO  o.eclipse.m2e.core.internal.Bundles - 	Entry: C:\Users\hp\.p2\pool\plugins\org.eclipse.m2e.maven.runtime_3.9.900.20250220-2013\jars\plexus-interpolation-1.27.jar
2026-05-18 14:59:10,238 [Worker-38: Launching QuickMart] INFO  o.eclipse.m2e.core.internal.Bundles - 	Entry: C:\Users\hp\.p2\pool\plugins\org.eclipse.m2e.maven.runtime_3.9.900.20250220-2013\jars\plexus-sec-dispatcher-2.0.jar
2026-05-18 14:59:10,238 [Worker-38: Launching QuickMart] INFO  o.eclipse.m2e.core.internal.Bundles - 	Entry: C:\Users\hp\.p2\pool\plugins\org.eclipse.m2e.maven.runtime_3.9.900.20250220-2013\jars\plexus-utils-3.5.1.jar
2026-05-18 14:59:10,238 [Worker-38: Launching QuickMart] INFO  o.eclipse.m2e.core.internal.Bundles - 	Entry: C:\Users\hp\.p2\pool\plugins\org.eclipse.m2e.maven.runtime_3.9.900.20250220-2013\jars\plexus-xml-3.0.1.jar
2026-05-18 14:59:10,238 [Worker-38: Launching QuickMart] INFO  o.eclipse.m2e.core.internal.Bundles - 	Entry: C:\Users\hp\.p2\pool\plugins\org.eclipse.m2e.maven.runtime_3.9.900.20250220-2013\jars\wagon-file-3.5.3.jar
2026-05-18 14:59:10,238 [Worker-38: Launching QuickMart] INFO  o.eclipse.m2e.core.internal.Bundles - 	Entry: C:\Users\hp\.p2\pool\plugins\org.eclipse.m2e.maven.runtime_3.9.900.20250220-2013\jars\wagon-http-3.5.3.jar
2026-05-18 14:59:10,239 [Worker-38: Launching QuickMart] INFO  o.eclipse.m2e.core.internal.Bundles - 	Entry: C:\Users\hp\.p2\pool\plugins\org.eclipse.m2e.maven.runtime_3.9.900.20250220-2013\jars\wagon-http-shared-3.5.3.jar
2026-05-18 14:59:10,239 [Worker-38: Launching QuickMart] INFO  o.eclipse.m2e.core.internal.Bundles - 	Entry: C:\Users\hp\.p2\pool\plugins\org.eclipse.m2e.maven.runtime_3.9.900.20250220-2013\jars\wagon-provider-api-3.5.3.jar
2026-05-18 14:59:10,239 [Worker-38: Launching QuickMart] INFO  o.eclipse.m2e.core.internal.Bundles - getClasspathEntries(Bundle=com.google.guava_33.4.8.jre [1007])
2026-05-18 14:59:10,239 [Worker-38: Launching QuickMart] INFO  o.eclipse.m2e.core.internal.Bundles - 	Entry: C:\Users\hp\.p2\pool\plugins\com.google.guava_33.4.8.jre.jar
2026-05-18 14:59:10,239 [Worker-38: Launching QuickMart] INFO  o.eclipse.m2e.core.internal.Bundles - getClasspathEntries(Bundle=slf4j.api_2.0.17 [1001])
2026-05-18 14:59:10,239 [Worker-38: Launching QuickMart] INFO  o.eclipse.m2e.core.internal.Bundles - 	Entry: C:\Users\hp\.p2\pool\plugins\slf4j.api_2.0.17.jar
2026-05-18 14:59:10,239 [Worker-38: Launching QuickMart] INFO  o.eclipse.m2e.core.internal.Bundles - getClasspathEntries(Bundle=jakarta.inject.jakarta.inject-api_1.0.5 [34])
2026-05-18 14:59:10,240 [Worker-38: Launching QuickMart] INFO  o.eclipse.m2e.core.internal.Bundles - 	Entry: C:\Users\hp\.p2\pool\plugins\jakarta.inject.jakarta.inject-api_1.0.5.jar
2026-05-18 14:59:10,240 [Worker-38: Launching QuickMart] INFO  o.eclipse.m2e.core.internal.Bundles - getClasspathEntries(Bundle=javax.annotation_1.3.5.v20200909-1856 [1012])
2026-05-18 14:59:10,240 [Worker-38: Launching QuickMart] INFO  o.eclipse.m2e.core.internal.Bundles - 	Entry: C:\Users\hp\.p2\pool\plugins\javax.annotation_1.3.5.v20200909-1856.jar
2026-05-18 14:59:10,240 [Worker-38: Launching QuickMart] INFO  o.eclipse.m2e.core.internal.Bundles - getClasspathEntries(Bundle=org.apache.commons.cli_1.9.0 [74])
2026-05-18 14:59:10,240 [Worker-38: Launching QuickMart] INFO  o.eclipse.m2e.core.internal.Bundles - 	Entry: C:\Users\hp\.p2\pool\plugins\org.apache.commons.cli_1.9.0.jar
2026-05-18 14:59:10,240 [Worker-38: Launching QuickMart] INFO  o.eclipse.m2e.core.internal.Bundles - getClasspathEntries(Bundle=org.apache.commons.commons-codec_1.16.0 [76])
2026-05-18 14:59:10,240 [Worker-38: Launching QuickMart] INFO  o.eclipse.m2e.core.internal.Bundles - 	Entry: C:\Users\hp\.p2\pool\plugins\org.apache.commons.commons-codec_1.16.0.jar
2026-05-18 14:59:10,240 [Worker-38: Launching QuickMart] INFO  o.eclipse.m2e.core.internal.Bundles - getClasspathEntries(Bundle=com.google.guava.failureaccess_1.0.3 [1008])
2026-05-18 14:59:10,241 [Worker-38: Launching QuickMart] INFO  o.eclipse.m2e.core.internal.Bundles - 	Entry: C:\Users\hp\.p2\pool\plugins\com.google.guava.failureaccess_1.0.3.jar
2026-05-18 15:00:14,216 [Worker-37: Building] INFO  o.a.m.s.f.DefaultMavenResourcesFiltering - Copying 1 resource from src\main\resources to target\classes
2026-05-18 15:00:14,253 [Worker-37: Building] INFO  o.a.m.s.f.DefaultMavenResourcesFiltering - Copying 0 resource from src\main\resources to target\classes
2026-05-18 15:00:14,255 [Worker-37: Building] INFO  o.a.m.s.f.DefaultMavenResourcesFiltering - skip non existing resourceDirectory D:\Pranav All study Material\marktetplace\E-commerce\src\test\resources
2026-05-18 15:03:13,071 [Worker-27: Building] INFO  o.a.m.s.f.DefaultMavenResourcesFiltering - Copying 1 resource from src\main\resources to target\classes
2026-05-18 15:03:13,208 [Worker-27: Building] INFO  o.a.m.s.f.DefaultMavenResourcesFiltering - Copying 0 resource from src\main\resources to target\classes
2026-05-18 15:03:13,215 [Worker-27: Building] INFO  o.a.m.s.f.DefaultMavenResourcesFiltering - skip non existing resourceDirectory D:\Pranav All study Material\marktetplace\E-commerce\src\test\resources
2026-05-18 16:05:49,880 [Worker-4: Loading available Gradle versions] INFO  o.e.b.c.i.u.g.PublishedGradleVersions - Gradle version information cache is up-to-date. Trying to read.
2026-05-23 11:05:43,533 [Worker-5: Loading available Gradle versions] INFO  o.e.b.c.i.u.g.PublishedGradleVersions - Gradle version information cache is out-of-date. Trying to update.
2026-05-23 11:46:27,986 [Worker-47: Building] INFO  o.a.m.s.f.DefaultMavenResourcesFiltering - Copying 1 resource from src\main\resources to target\classes
2026-05-23 11:46:28,022 [Worker-47: Building] INFO  o.a.m.s.f.DefaultMavenResourcesFiltering - Copying 0 resource from src\main\resources to target\classes
2026-05-23 11:46:28,032 [Worker-47: Building] INFO  o.a.m.s.f.DefaultMavenResourcesFiltering - skip non existing resourceDirectory D:\Pranav All study Material\marktetplace\E-commerce\src\test\resources
2026-05-23 11:46:44,507 [Worker-47: Building] INFO  o.a.m.s.f.DefaultMavenResourcesFiltering - Copying 1 resource from src\main\resources to target\classes
2026-05-23 11:46:44,541 [Worker-47: Building] INFO  o.a.m.s.f.DefaultMavenResourcesFiltering - Copying 0 resource from src\main\resources to target\classes
2026-05-23 11:46:44,545 [Worker-47: Building] INFO  o.a.m.s.f.DefaultMavenResourcesFiltering - skip non existing resourceDirectory D:\Pranav All study Material\marktetplace\E-commerce\src\test\resources
2026-05-23 11:46:54,816 [Worker-46: Building] INFO  o.a.m.s.f.DefaultMavenResourcesFiltering - Copying 1 resource from src\main\resources to target\classes
2026-05-23 11:46:54,826 [Worker-46: Building] INFO  o.a.m.s.f.DefaultMavenResourcesFiltering - Copying 0 resource from src\main\resources to target\classes
2026-05-23 11:46:54,830 [Worker-46: Building] INFO  o.a.m.s.f.DefaultMavenResourcesFiltering - skip non existing resourceDirectory D:\Pranav All study Material\marktetplace\E-commerce\src\test\resources
2026-05-23 11:47:05,250 [Worker-47: Building] INFO  o.a.m.s.f.DefaultMavenResourcesFiltering - Copying 1 resource from src\main\resources to target\classes
2026-05-23 11:47:05,256 [Worker-47: Building] INFO  o.a.m.s.f.DefaultMavenResourcesFiltering - Copying 0 resource from src\main\resources to target\classes
2026-05-23 11:47:05,260 [Worker-47: Building] INFO  o.a.m.s.f.DefaultMavenResourcesFiltering - skip non existing resourceDirectory D:\Pranav All study Material\marktetplace\E-commerce\src\test\resources
2026-05-23 11:47:21,365 [Worker-39: Building] INFO  o.a.m.s.f.DefaultMavenResourcesFiltering - Copying 1 resource from src\main\resources to target\classes
2026-05-23 11:47:21,371 [Worker-39: Building] INFO  o.a.m.s.f.DefaultMavenResourcesFiltering - Copying 0 resource from src\main\resources to target\classes
2026-05-23 11:47:21,375 [Worker-39: Building] INFO  o.a.m.s.f.DefaultMavenResourcesFiltering - skip non existing resourceDirectory D:\Pranav All study Material\marktetplace\E-commerce\src\test\resources
2026-05-23 11:47:35,997 [Worker-39: Building] INFO  o.a.m.s.f.DefaultMavenResourcesFiltering - Copying 1 resource from src\main\resources to target\classes
2026-05-23 11:47:36,003 [Worker-39: Building] INFO  o.a.m.s.f.DefaultMavenResourcesFiltering - Copying 0 resource from src\main\resources to target\classes
2026-05-23 11:47:36,007 [Worker-39: Building] INFO  o.a.m.s.f.DefaultMavenResourcesFiltering - skip non existing resourceDirectory D:\Pranav All study Material\marktetplace\E-commerce\src\test\resources
2026-05-23 11:47:45,123 [Worker-43: Building] INFO  o.a.m.s.f.DefaultMavenResourcesFiltering - Copying 1 resource from src\main\resources to target\classes
2026-05-23 11:47:45,128 [Worker-43: Building] INFO  o.a.m.s.f.DefaultMavenResourcesFiltering - Copying 0 resource from src\main\resources to target\classes
2026-05-23 11:47:45,131 [Worker-43: Building] INFO  o.a.m.s.f.DefaultMavenResourcesFiltering - skip non existing resourceDirectory D:\Pranav All study Material\marktetplace\E-commerce\src\test\resources
2026-05-23 11:47:55,952 [Worker-46: Building] INFO  o.a.m.s.f.DefaultMavenResourcesFiltering - Copying 1 resource from src\main\resources to target\classes
2026-05-23 11:47:55,957 [Worker-46: Building] INFO  o.a.m.s.f.DefaultMavenResourcesFiltering - Copying 0 resource from src\main\resources to target\classes
2026-05-23 11:47:55,960 [Worker-46: Building] INFO  o.a.m.s.f.DefaultMavenResourcesFiltering - skip non existing resourceDirectory D:\Pranav All study Material\marktetplace\E-commerce\src\test\resources
2026-05-23 11:48:14,733 [Worker-47: Building] INFO  o.e.m.c.i.l.LifecycleMappingFactory - Using org.eclipse.m2e.jdt.JarLifecycleMapping lifecycle mapping for MavenProject: com.marketplace:E-commerce:0.0.1-SNAPSHOT @ D:\Pranav All study Material\marktetplace\E-commerce\pom.xml.
2026-05-23 11:48:15,232 [Worker-47: Building] INFO  o.e.m.c.i.e.AbstractTransferListenerAdapter - Downloading https://repo.maven.apache.org/maven2/org/springframework/boot/spring-boot-starter-websocket/4.0.6/spring-boot-starter-websocket-4.0.6.pom
2026-05-23 11:48:15,289 [Worker-47: Building] INFO  o.e.m.c.i.e.AbstractTransferListenerAdapter - Downloaded https://repo.maven.apache.org/maven2/org/springframework/boot/spring-boot-starter-websocket/4.0.6/spring-boot-starter-websocket-4.0.6.pom
2026-05-23 11:48:15,336 [Worker-47: Building] INFO  o.e.m.c.i.e.AbstractTransferListenerAdapter - Downloading https://repo.maven.apache.org/maven2/org/springframework/boot/spring-boot-websocket/4.0.6/spring-boot-websocket-4.0.6.pom
2026-05-23 11:48:15,362 [Worker-47: Building] INFO  o.e.m.c.i.e.AbstractTransferListenerAdapter - Downloaded https://repo.maven.apache.org/maven2/org/springframework/boot/spring-boot-websocket/4.0.6/spring-boot-websocket-4.0.6.pom
2026-05-23 11:48:15,402 [Worker-47: Building] INFO  o.e.m.c.i.e.AbstractTransferListenerAdapter - Downloading https://repo.maven.apache.org/maven2/org/springframework/spring-messaging/7.0.7/spring-messaging-7.0.7.pom
2026-05-23 11:48:15,424 [Worker-47: Building] INFO  o.e.m.c.i.e.AbstractTransferListenerAdapter - Downloaded https://repo.maven.apache.org/maven2/org/springframework/spring-messaging/7.0.7/spring-messaging-7.0.7.pom
2026-05-23 11:48:15,470 [Worker-47: Building] INFO  o.e.m.c.i.e.AbstractTransferListenerAdapter - Downloading https://repo.maven.apache.org/maven2/org/springframework/spring-websocket/7.0.7/spring-websocket-7.0.7.pom
2026-05-23 11:48:15,490 [Worker-47: Building] INFO  o.e.m.c.i.e.AbstractTransferListenerAdapter - Downloaded https://repo.maven.apache.org/maven2/org/springframework/spring-websocket/7.0.7/spring-websocket-7.0.7.pom
2026-05-23 11:48:15,537 [Worker-47: Building] INFO  o.e.m.c.i.e.AbstractTransferListenerAdapter - Downloading https://repo.maven.apache.org/maven2/org/springframework/boot/spring-boot-starter-reactor-netty/4.0.6/spring-boot-starter-reactor-netty-4.0.6.pom
2026-05-23 11:48:15,559 [Worker-47: Building] INFO  o.e.m.c.i.e.AbstractTransferListenerAdapter - Downloaded https://repo.maven.apache.org/maven2/org/springframework/boot/spring-boot-starter-reactor-netty/4.0.6/spring-boot-starter-reactor-netty-4.0.6.pom
2026-05-23 11:48:15,600 [Worker-47: Building] INFO  o.e.m.c.i.e.AbstractTransferListenerAdapter - Downloading https://repo.maven.apache.org/maven2/org/springframework/boot/spring-boot-reactor/4.0.6/spring-boot-reactor-4.0.6.pom
2026-05-23 11:48:15,621 [Worker-47: Building] INFO  o.e.m.c.i.e.AbstractTransferListenerAdapter - Downloaded https://repo.maven.apache.org/maven2/org/springframework/boot/spring-boot-reactor/4.0.6/spring-boot-reactor-4.0.6.pom
2026-05-23 11:48:15,664 [Worker-47: Building] INFO  o.e.m.c.i.e.AbstractTransferListenerAdapter - Downloading https://repo.maven.apache.org/maven2/io/projectreactor/reactor-core/3.8.5/reactor-core-3.8.5.pom
2026-05-23 11:48:15,684 [Worker-47: Building] INFO  o.e.m.c.i.e.AbstractTransferListenerAdapter - Downloaded https://repo.maven.apache.org/maven2/io/projectreactor/reactor-core/3.8.5/reactor-core-3.8.5.pom
2026-05-23 11:48:15,725 [Worker-47: Building] INFO  o.e.m.c.i.e.AbstractTransferListenerAdapter - Downloading https://repo.maven.apache.org/maven2/org/reactivestreams/reactive-streams/1.0.4/reactive-streams-1.0.4.pom
2026-05-23 11:48:15,746 [Worker-47: Building] INFO  o.e.m.c.i.e.AbstractTransferListenerAdapter - Downloaded https://repo.maven.apache.org/maven2/org/reactivestreams/reactive-streams/1.0.4/reactive-streams-1.0.4.pom
2026-05-23 11:48:15,787 [Worker-47: Building] INFO  o.e.m.c.i.e.AbstractTransferListenerAdapter - Downloading https://repo.maven.apache.org/maven2/org/springframework/boot/spring-boot-reactor-netty/4.0.6/spring-boot-reactor-netty-4.0.6.pom
2026-05-23 11:48:15,808 [Worker-47: Building] INFO  o.e.m.c.i.e.AbstractTransferListenerAdapter - Downloaded https://repo.maven.apache.org/maven2/org/springframework/boot/spring-boot-reactor-netty/4.0.6/spring-boot-reactor-netty-4.0.6.pom
2026-05-23 11:48:15,849 [Worker-47: Building] INFO  o.e.m.c.i.e.AbstractTransferListenerAdapter - Downloading https://repo.maven.apache.org/maven2/io/projectreactor/netty/reactor-netty-http/1.3.5/reactor-netty-http-1.3.5.pom
2026-05-23 11:48:15,873 [Worker-47: Building] INFO  o.e.m.c.i.e.AbstractTransferListenerAdapter - Downloaded https://repo.maven.apache.org/maven2/io/projectreactor/netty/reactor-netty-http/1.3.5/reactor-netty-http-1.3.5.pom
2026-05-23 11:48:15,915 [Worker-47: Building] INFO  o.e.m.c.i.e.AbstractTransferListenerAdapter - Downloading https://repo.maven.apache.org/maven2/io/netty/netty-codec-http/4.2.12.Final/netty-codec-http-4.2.12.Final.pom
2026-05-23 11:48:15,933 [Worker-47: Building] INFO  o.e.m.c.i.e.AbstractTransferListenerAdapter - Downloaded https://repo.maven.apache.org/maven2/io/netty/netty-codec-http/4.2.12.Final/netty-codec-http-4.2.12.Final.pom
2026-05-23 11:48:15,976 [Worker-47: Building] INFO  o.e.m.c.i.e.AbstractTransferListenerAdapter - Downloading https://repo.maven.apache.org/maven2/io/netty/netty-parent/4.2.12.Final/netty-parent-4.2.12.Final.pom
2026-05-23 11:48:16,002 [Worker-47: Building] INFO  o.e.m.c.i.e.AbstractTransferListenerAdapter - Downloaded https://repo.maven.apache.org/maven2/io/netty/netty-parent/4.2.12.Final/netty-parent-4.2.12.Final.pom
2026-05-23 11:48:16,054 [Worker-47: Building] INFO  o.e.m.c.i.e.AbstractTransferListenerAdapter - Downloading https://repo.maven.apache.org/maven2/org/bouncycastle/bc-jdk18on-bom/1.83/bc-jdk18on-bom-1.83.pom
2026-05-23 11:48:16,075 [Worker-47: Building] INFO  o.e.m.c.i.e.AbstractTransferListenerAdapter - Downloaded https://repo.maven.apache.org/maven2/org/bouncycastle/bc-jdk18on-bom/1.83/bc-jdk18on-bom-1.83.pom
2026-05-23 11:48:16,129 [Worker-47: Building] INFO  o.e.m.c.i.e.AbstractTransferListenerAdapter - Downloading https://repo.maven.apache.org/maven2/io/netty/netty-common/4.2.12.Final/netty-common-4.2.12.Final.pom
2026-05-23 11:48:16,153 [Worker-47: Building] INFO  o.e.m.c.i.e.AbstractTransferListenerAdapter - Downloaded https://repo.maven.apache.org/maven2/io/netty/netty-common/4.2.12.Final/netty-common-4.2.12.Final.pom
2026-05-23 11:48:16,285 [Worker-47: Building] INFO  o.e.m.c.i.e.AbstractTransferListenerAdapter - Downloading https://repo.maven.apache.org/maven2/io/netty/netty-buffer/4.2.12.Final/netty-buffer-4.2.12.Final.pom
2026-05-23 11:48:16,305 [Worker-47: Building] INFO  o.e.m.c.i.e.AbstractTransferListenerAdapter - Downloaded https://repo.maven.apache.org/maven2/io/netty/netty-buffer/4.2.12.Final/netty-buffer-4.2.12.Final.pom
2026-05-23 11:48:16,472 [Worker-47: Building] INFO  o.e.m.c.i.e.AbstractTransferListenerAdapter - Downloading https://repo.maven.apache.org/maven2/io/netty/netty-transport/4.2.12.Final/netty-transport-4.2.12.Final.pom
2026-05-23 11:48:16,491 [Worker-47: Building] INFO  o.e.m.c.i.e.AbstractTransferListenerAdapter - Downloaded https://repo.maven.apache.org/maven2/io/netty/netty-transport/4.2.12.Final/netty-transport-4.2.12.Final.pom
2026-05-23 11:48:16,534 [Worker-47: Building] INFO  o.e.m.c.i.e.AbstractTransferListenerAdapter - Downloading https://repo.maven.apache.org/maven2/io/netty/netty-resolver/4.2.12.Final/netty-resolver-4.2.12.Final.pom
2026-05-23 11:48:16,552 [Worker-47: Building] INFO  o.e.m.c.i.e.AbstractTransferListenerAdapter - Downloaded https://repo.maven.apache.org/maven2/io/netty/netty-resolver/4.2.12.Final/netty-resolver-4.2.12.Final.pom
2026-05-23 11:48:16,733 [Worker-47: Building] INFO  o.e.m.c.i.e.AbstractTransferListenerAdapter - Downloading https://repo.maven.apache.org/maven2/io/netty/netty-codec-base/4.2.12.Final/netty-codec-base-4.2.12.Final.pom
2026-05-23 11:48:16,758 [Worker-47: Building] INFO  o.e.m.c.i.e.AbstractTransferListenerAdapter - Downloaded https://repo.maven.apache.org/maven2/io/netty/netty-codec-base/4.2.12.Final/netty-codec-base-4.2.12.Final.pom
2026-05-23 11:48:16,801 [Worker-47: Building] INFO  o.e.m.c.i.e.AbstractTransferListenerAdapter - Downloading https://repo.maven.apache.org/maven2/io/netty/netty-codec-compression/4.2.12.Final/netty-codec-compression-4.2.12.Final.pom
2026-05-23 11:48:16,822 [Worker-47: Building] INFO  o.e.m.c.i.e.AbstractTransferListenerAdapter - Downloaded https://repo.maven.apache.org/maven2/io/netty/netty-codec-compression/4.2.12.Final/netty-codec-compression-4.2.12.Final.pom
2026-05-23 11:48:16,933 [Worker-47: Building] INFO  o.e.m.c.i.e.AbstractTransferListenerAdapter - Downloading https://repo.maven.apache.org/maven2/io/netty/netty-handler/4.2.12.Final/netty-handler-4.2.12.Final.pom
2026-05-23 11:48:16,952 [Worker-47: Building] INFO  o.e.m.c.i.e.AbstractTransferListenerAdapter - Downloaded https://repo.maven.apache.org/maven2/io/netty/netty-handler/4.2.12.Final/netty-handler-4.2.12.Final.pom
2026-05-23 11:48:17,027 [Worker-47: Building] INFO  o.e.m.c.i.e.AbstractTransferListenerAdapter - Downloading https://repo.maven.apache.org/maven2/io/netty/netty-transport-native-unix-common/4.2.12.Final/netty-transport-native-unix-common-4.2.12.Final.pom
2026-05-23 11:48:17,056 [Worker-47: Building] INFO  o.e.m.c.i.e.AbstractTransferListenerAdapter - Downloaded https://repo.maven.apache.org/maven2/io/netty/netty-transport-native-unix-common/4.2.12.Final/netty-transport-native-unix-common-4.2.12.Final.pom
2026-05-23 11:48:17,198 [Worker-47: Building] INFO  o.e.m.c.i.e.AbstractTransferListenerAdapter - Downloading https://repo.maven.apache.org/maven2/io/netty/netty-codec-http2/4.2.12.Final/netty-codec-http2-4.2.12.Final.pom
2026-05-23 11:48:17,228 [Worker-47: Building] INFO  o.e.m.c.i.e.AbstractTransferListenerAdapter - Downloaded https://repo.maven.apache.org/maven2/io/netty/netty-codec-http2/4.2.12.Final/netty-codec-http2-4.2.12.Final.pom
2026-05-23 11:48:17,285 [Worker-47: Building] INFO  o.e.m.c.i.e.AbstractTransferListenerAdapter - Downloading https://repo.maven.apache.org/maven2/io/netty/netty-codec-http3/4.2.12.Final/netty-codec-http3-4.2.12.Final.pom
2026-05-23 11:48:17,315 [Worker-47: Building] INFO  o.e.m.c.i.e.AbstractTransferListenerAdapter - Downloaded https://repo.maven.apache.org/maven2/io/netty/netty-codec-http3/4.2.12.Final/netty-codec-http3-4.2.12.Final.pom
2026-05-23 11:48:17,394 [Worker-47: Building] INFO  o.e.m.c.i.e.AbstractTransferListenerAdapter - Downloading https://repo.maven.apache.org/maven2/io/netty/netty-codec-classes-quic/4.2.12.Final/netty-codec-classes-quic-4.2.12.Final.pom
2026-05-23 11:48:17,421 [Worker-47: Building] INFO  o.e.m.c.i.e.AbstractTransferListenerAdapter - Downloaded https://repo.maven.apache.org/maven2/io/netty/netty-codec-classes-quic/4.2.12.Final/netty-codec-classes-quic-4.2.12.Final.pom
2026-05-23 11:48:17,459 [Worker-47: Building] INFO  o.e.m.c.i.e.AbstractTransferListenerAdapter - Downloading https://repo.maven.apache.org/maven2/io/netty/netty-codec-native-quic/4.2.12.Final/netty-codec-native-quic-4.2.12.Final.pom
2026-05-23 11:48:17,510 [Worker-47: Building] INFO  o.e.m.c.i.e.AbstractTransferListenerAdapter - Downloaded https://repo.maven.apache.org/maven2/io/netty/netty-codec-native-quic/4.2.12.Final/netty-codec-native-quic-4.2.12.Final.pom
2026-05-23 11:48:17,667 [Worker-47: Building] INFO  o.e.m.c.i.e.AbstractTransferListenerAdapter - Downloading https://repo.maven.apache.org/maven2/io/netty/netty-resolver-dns/4.2.12.Final/netty-resolver-dns-4.2.12.Final.pom
2026-05-23 11:48:17,686 [Worker-47: Building] INFO  o.e.m.c.i.e.AbstractTransferListenerAdapter - Downloaded https://repo.maven.apache.org/maven2/io/netty/netty-resolver-dns/4.2.12.Final/netty-resolver-dns-4.2.12.Final.pom
2026-05-23 11:48:17,762 [Worker-47: Building] INFO  o.e.m.c.i.e.AbstractTransferListenerAdapter - Downloading https://repo.maven.apache.org/maven2/io/netty/netty-codec-dns/4.2.12.Final/netty-codec-dns-4.2.12.Final.pom
2026-05-23 11:48:17,794 [Worker-47: Building] INFO  o.e.m.c.i.e.AbstractTransferListenerAdapter - Downloaded https://repo.maven.apache.org/maven2/io/netty/netty-codec-dns/4.2.12.Final/netty-codec-dns-4.2.12.Final.pom
2026-05-23 11:48:17,974 [Worker-47: Building] INFO  o.e.m.c.i.e.AbstractTransferListenerAdapter - Downloading https://repo.maven.apache.org/maven2/io/netty/netty-resolver-dns-native-macos/4.2.12.Final/netty-resolver-dns-native-macos-4.2.12.Final.pom
2026-05-23 11:48:17,995 [Worker-47: Building] INFO  o.e.m.c.i.e.AbstractTransferListenerAdapter - Downloaded https://repo.maven.apache.org/maven2/io/netty/netty-resolver-dns-native-macos/4.2.12.Final/netty-resolver-dns-native-macos-4.2.12.Final.pom
2026-05-23 11:48:18,287 [Worker-47: Building] INFO  o.e.m.c.i.e.AbstractTransferListenerAdapter - Downloading https://repo.maven.apache.org/maven2/io/netty/netty-resolver-dns-classes-macos/4.2.12.Final/netty-resolver-dns-classes-macos-4.2.12.Final.pom
2026-05-23 11:48:18,303 [Worker-47: Building] INFO  o.e.m.c.i.e.AbstractTransferListenerAdapter - Downloaded https://repo.maven.apache.org/maven2/io/netty/netty-resolver-dns-classes-macos/4.2.12.Final/netty-resolver-dns-classes-macos-4.2.12.Final.pom
2026-05-23 11:48:18,667 [Worker-47: Building] INFO  o.e.m.c.i.e.AbstractTransferListenerAdapter - Downloading https://repo.maven.apache.org/maven2/io/netty/netty-transport-native-epoll/4.2.12.Final/netty-transport-native-epoll-4.2.12.Final.pom
2026-05-23 11:48:18,683 [Worker-47: Building] INFO  o.e.m.c.i.e.AbstractTransferListenerAdapter - Downloaded https://repo.maven.apache.org/maven2/io/netty/netty-transport-native-epoll/4.2.12.Final/netty-transport-native-epoll-4.2.12.Final.pom
2026-05-23 11:48:18,936 [Worker-47: Building] INFO  o.e.m.c.i.e.AbstractTransferListenerAdapter - Downloading https://repo.maven.apache.org/maven2/io/netty/netty-transport-classes-epoll/4.2.12.Final/netty-transport-classes-epoll-4.2.12.Final.pom
2026-05-23 11:48:18,967 [Worker-47: Building] INFO  o.e.m.c.i.e.AbstractTransferListenerAdapter - Downloaded https://repo.maven.apache.org/maven2/io/netty/netty-transport-classes-epoll/4.2.12.Final/netty-transport-classes-epoll-4.2.12.Final.pom
2026-05-23 11:48:19,158 [Worker-47: Building] INFO  o.e.m.c.i.e.AbstractTransferListenerAdapter - Downloading https://repo.maven.apache.org/maven2/io/projectreactor/netty/reactor-netty-core/1.3.5/reactor-netty-core-1.3.5.pom
2026-05-23 11:48:19,182 [Worker-47: Building] INFO  o.e.m.c.i.e.AbstractTransferListenerAdapter - Downloaded https://repo.maven.apache.org/maven2/io/projectreactor/netty/reactor-netty-core/1.3.5/reactor-netty-core-1.3.5.pom
2026-05-23 11:48:19,281 [Worker-47: Building] INFO  o.e.m.c.i.e.AbstractTransferListenerAdapter - Downloading https://repo.maven.apache.org/maven2/io/netty/netty-handler-proxy/4.2.12.Final/netty-handler-proxy-4.2.12.Final.pom
2026-05-23 11:48:19,302 [Worker-47: Building] INFO  o.e.m.c.i.e.AbstractTransferListenerAdapter - Downloaded https://repo.maven.apache.org/maven2/io/netty/netty-handler-proxy/4.2.12.Final/netty-handler-proxy-4.2.12.Final.pom
2026-05-23 11:48:19,370 [Worker-47: Building] INFO  o.e.m.c.i.e.AbstractTransferListenerAdapter - Downloading https://repo.maven.apache.org/maven2/io/netty/netty-codec-socks/4.2.12.Final/netty-codec-socks-4.2.12.Final.pom
2026-05-23 11:48:19,400 [Worker-47: Building] INFO  o.e.m.c.i.e.AbstractTransferListenerAdapter - Downloaded https://repo.maven.apache.org/maven2/io/netty/netty-codec-socks/4.2.12.Final/netty-codec-socks-4.2.12.Final.pom
2026-05-23 11:48:19,470 [Worker-47: Building] INFO  o.e.m.c.i.e.AbstractTransferListenerAdapter - Downloading https://repo.maven.apache.org/maven2/org/springframework/boot/spring-boot-netty/4.0.6/spring-boot-netty-4.0.6.pom
2026-05-23 11:48:19,502 [Worker-47: Building] INFO  o.e.m.c.i.e.AbstractTransferListenerAdapter - Downloaded https://repo.maven.apache.org/maven2/org/springframework/boot/spring-boot-netty/4.0.6/spring-boot-netty-4.0.6.pom
2026-05-23 11:48:19,937 [Worker-47: Building] INFO  o.e.m.c.i.e.AbstractTransferListenerAdapter - Downloading https://repo.maven.apache.org/maven2/org/springframework/boot/spring-boot-starter-websocket/4.0.6/spring-boot-starter-websocket-4.0.6.jar
2026-05-23 11:48:19,973 [Worker-47: Building] INFO  o.e.m.c.i.e.AbstractTransferListenerAdapter - Downloaded https://repo.maven.apache.org/maven2/org/springframework/boot/spring-boot-starter-websocket/4.0.6/spring-boot-starter-websocket-4.0.6.jar
2026-05-23 11:48:20,067 [BasicRepositoryConnector-repo.maven.apache.org-0-2] INFO  o.e.m.c.i.e.AbstractTransferListenerAdapter - Downloading https://repo.maven.apache.org/maven2/org/springframework/spring-websocket/7.0.7/spring-websocket-7.0.7.jar
2026-05-23 11:48:20,203 [BasicRepositoryConnector-repo.maven.apache.org-0-4] INFO  o.e.m.c.i.e.AbstractTransferListenerAdapter - Downloading https://repo.maven.apache.org/maven2/org/springframework/boot/spring-boot-reactor/4.0.6/spring-boot-reactor-4.0.6.jar
2026-05-23 11:48:20,352 [BasicRepositoryConnector-repo.maven.apache.org-0-1] INFO  o.e.m.c.i.e.AbstractTransferListenerAdapter - Downloading https://repo.maven.apache.org/maven2/org/springframework/spring-messaging/7.0.7/spring-messaging-7.0.7.jar
2026-05-23 11:48:20,368 [BasicRepositoryConnector-repo.maven.apache.org-0-4] INFO  o.e.m.c.i.e.AbstractTransferListenerAdapter - Downloaded https://repo.maven.apache.org/maven2/org/springframework/boot/spring-boot-reactor/4.0.6/spring-boot-reactor-4.0.6.jar
2026-05-23 11:48:20,431 [BasicRepositoryConnector-repo.maven.apache.org-0-4] INFO  o.e.m.c.i.e.AbstractTransferListenerAdapter - Downloading https://repo.maven.apache.org/maven2/io/projectreactor/reactor-core/3.8.5/reactor-core-3.8.5.jar
2026-05-23 11:48:20,530 [BasicRepositoryConnector-repo.maven.apache.org-0-2] INFO  o.e.m.c.i.e.AbstractTransferListenerAdapter - Downloaded https://repo.maven.apache.org/maven2/org/springframework/spring-websocket/7.0.7/spring-websocket-7.0.7.jar
2026-05-23 11:48:20,592 [BasicRepositoryConnector-repo.maven.apache.org-0-2] INFO  o.e.m.c.i.e.AbstractTransferListenerAdapter - Downloading https://repo.maven.apache.org/maven2/org/reactivestreams/reactive-streams/1.0.4/reactive-streams-1.0.4.jar
2026-05-23 11:48:20,805 [BasicRepositoryConnector-repo.maven.apache.org-0-2] INFO  o.e.m.c.i.e.AbstractTransferListenerAdapter - Downloaded https://repo.maven.apache.org/maven2/org/reactivestreams/reactive-streams/1.0.4/reactive-streams-1.0.4.jar
2026-05-23 11:48:20,855 [BasicRepositoryConnector-repo.maven.apache.org-0-1] INFO  o.e.m.c.i.e.AbstractTransferListenerAdapter - Downloaded https://repo.maven.apache.org/maven2/org/springframework/spring-messaging/7.0.7/spring-messaging-7.0.7.jar
2026-05-23 11:48:20,925 [BasicRepositoryConnector-repo.maven.apache.org-0-2] INFO  o.e.m.c.i.e.AbstractTransferListenerAdapter - Downloading https://repo.maven.apache.org/maven2/org/springframework/boot/spring-boot-reactor-netty/4.0.6/spring-boot-reactor-netty-4.0.6.jar
2026-05-23 11:48:20,948 [BasicRepositoryConnector-repo.maven.apache.org-0-1] INFO  o.e.m.c.i.e.AbstractTransferListenerAdapter - Downloading https://repo.maven.apache.org/maven2/io/projectreactor/netty/reactor-netty-http/1.3.5/reactor-netty-http-1.3.5.jar
2026-05-23 11:48:21,136 [BasicRepositoryConnector-repo.maven.apache.org-0-4] INFO  o.e.m.c.i.e.AbstractTransferListenerAdapter - Downloaded https://repo.maven.apache.org/maven2/io/projectreactor/reactor-core/3.8.5/reactor-core-3.8.5.jar
2026-05-23 11:48:21,159 [BasicRepositoryConnector-repo.maven.apache.org-0-3] INFO  o.e.m.c.i.e.AbstractTransferListenerAdapter - Downloading https://repo.maven.apache.org/maven2/org/springframework/boot/spring-boot-starter-reactor-netty/4.0.6/spring-boot-starter-reactor-netty-4.0.6.jar
2026-05-23 11:48:21,166 [BasicRepositoryConnector-repo.maven.apache.org-0-4] INFO  o.e.m.c.i.e.AbstractTransferListenerAdapter - Downloading https://repo.maven.apache.org/maven2/io/netty/netty-codec-http/4.2.12.Final/netty-codec-http-4.2.12.Final.jar
2026-05-23 11:48:21,195 [BasicRepositoryConnector-repo.maven.apache.org-0-3] INFO  o.e.m.c.i.e.AbstractTransferListenerAdapter - Downloaded https://repo.maven.apache.org/maven2/org/springframework/boot/spring-boot-starter-reactor-netty/4.0.6/spring-boot-starter-reactor-netty-4.0.6.jar
2026-05-23 11:48:21,257 [BasicRepositoryConnector-repo.maven.apache.org-0-3] INFO  o.e.m.c.i.e.AbstractTransferListenerAdapter - Downloading https://repo.maven.apache.org/maven2/io/netty/netty-buffer/4.2.12.Final/netty-buffer-4.2.12.Final.jar
2026-05-23 11:48:21,265 [BasicRepositoryConnector-repo.maven.apache.org-0-1] INFO  o.e.m.c.i.e.AbstractTransferListenerAdapter - Downloaded https://repo.maven.apache.org/maven2/io/projectreactor/netty/reactor-netty-http/1.3.5/reactor-netty-http-1.3.5.jar
2026-05-23 11:48:21,333 [BasicRepositoryConnector-repo.maven.apache.org-0-4] INFO  o.e.m.c.i.e.AbstractTransferListenerAdapter - Downloaded https://repo.maven.apache.org/maven2/io/netty/netty-codec-http/4.2.12.Final/netty-codec-http-4.2.12.Final.jar
2026-05-23 11:48:21,335 [BasicRepositoryConnector-repo.maven.apache.org-0-1] INFO  o.e.m.c.i.e.AbstractTransferListenerAdapter - Downloading https://repo.maven.apache.org/maven2/io/netty/netty-transport/4.2.12.Final/netty-transport-4.2.12.Final.jar
2026-05-23 11:48:21,388 [BasicRepositoryConnector-repo.maven.apache.org-0-4] INFO  o.e.m.c.i.e.AbstractTransferListenerAdapter - Downloading https://repo.maven.apache.org/maven2/io/netty/netty-codec-base/4.2.12.Final/netty-codec-base-4.2.12.Final.jar
2026-05-23 11:48:21,408 [BasicRepositoryConnector-repo.maven.apache.org-0-3] INFO  o.e.m.c.i.e.AbstractTransferListenerAdapter - Downloaded https://repo.maven.apache.org/maven2/io/netty/netty-buffer/4.2.12.Final/netty-buffer-4.2.12.Final.jar
2026-05-23 11:48:21,417 [BasicRepositoryConnector-repo.maven.apache.org-0-2] INFO  o.e.m.c.i.e.AbstractTransferListenerAdapter - Downloaded https://repo.maven.apache.org/maven2/org/springframework/boot/spring-boot-reactor-netty/4.0.6/spring-boot-reactor-netty-4.0.6.jar
2026-05-23 11:48:21,446 [BasicRepositoryConnector-repo.maven.apache.org-0-4] INFO  o.e.m.c.i.e.AbstractTransferListenerAdapter - Downloaded https://repo.maven.apache.org/maven2/io/netty/netty-codec-base/4.2.12.Final/netty-codec-base-4.2.12.Final.jar
2026-05-23 11:48:21,448 [BasicRepositoryConnector-repo.maven.apache.org-0-3] INFO  o.e.m.c.i.e.AbstractTransferListenerAdapter - Downloading https://repo.maven.apache.org/maven2/io/netty/netty-codec-compression/4.2.12.Final/netty-codec-compression-4.2.12.Final.jar
2026-05-23 11:48:21,510 [BasicRepositoryConnector-repo.maven.apache.org-0-2] INFO  o.e.m.c.i.e.AbstractTransferListenerAdapter - Downloading https://repo.maven.apache.org/maven2/io/netty/netty-handler/4.2.12.Final/netty-handler-4.2.12.Final.jar
2026-05-23 11:48:21,525 [BasicRepositoryConnector-repo.maven.apache.org-0-3] INFO  o.e.m.c.i.e.AbstractTransferListenerAdapter - Downloaded https://repo.maven.apache.org/maven2/io/netty/netty-codec-compression/4.2.12.Final/netty-codec-compression-4.2.12.Final.jar
2026-05-23 11:48:21,549 [BasicRepositoryConnector-repo.maven.apache.org-0-4] INFO  o.e.m.c.i.e.AbstractTransferListenerAdapter - Downloading https://repo.maven.apache.org/maven2/io/netty/netty-codec-http2/4.2.12.Final/netty-codec-http2-4.2.12.Final.jar
2026-05-23 11:48:21,648 [BasicRepositoryConnector-repo.maven.apache.org-0-3] INFO  o.e.m.c.i.e.AbstractTransferListenerAdapter - Downloading https://repo.maven.apache.org/maven2/io/netty/netty-codec-http3/4.2.12.Final/netty-codec-http3-4.2.12.Final.jar
2026-05-23 11:48:21,653 [BasicRepositoryConnector-repo.maven.apache.org-0-2] INFO  o.e.m.c.i.e.AbstractTransferListenerAdapter - Downloaded https://repo.maven.apache.org/maven2/io/netty/netty-handler/4.2.12.Final/netty-handler-4.2.12.Final.jar
2026-05-23 11:48:21,665 [BasicRepositoryConnector-repo.maven.apache.org-0-1] INFO  o.e.m.c.i.e.AbstractTransferListenerAdapter - Downloaded https://repo.maven.apache.org/maven2/io/netty/netty-transport/4.2.12.Final/netty-transport-4.2.12.Final.jar
2026-05-23 11:48:21,702 [BasicRepositoryConnector-repo.maven.apache.org-0-1] INFO  o.e.m.c.i.e.AbstractTransferListenerAdapter - Downloading https://repo.maven.apache.org/maven2/io/netty/netty-resolver/4.2.12.Final/netty-resolver-4.2.12.Final.jar
2026-05-23 11:48:21,714 [BasicRepositoryConnector-repo.maven.apache.org-0-3] INFO  o.e.m.c.i.e.AbstractTransferListenerAdapter - Downloaded https://repo.maven.apache.org/maven2/io/netty/netty-codec-http3/4.2.12.Final/netty-codec-http3-4.2.12.Final.jar
2026-05-23 11:48:21,716 [BasicRepositoryConnector-repo.maven.apache.org-0-2] INFO  o.e.m.c.i.e.AbstractTransferListenerAdapter - Downloading https://repo.maven.apache.org/maven2/io/netty/netty-transport-native-unix-common/4.2.12.Final/netty-transport-native-unix-common-4.2.12.Final.jar
2026-05-23 11:48:21,746 [BasicRepositoryConnector-repo.maven.apache.org-0-3] INFO  o.e.m.c.i.e.AbstractTransferListenerAdapter - Downloading https://repo.maven.apache.org/maven2/io/netty/netty-codec-classes-quic/4.2.12.Final/netty-codec-classes-quic-4.2.12.Final.jar
2026-05-23 11:48:21,832 [BasicRepositoryConnector-repo.maven.apache.org-0-3] INFO  o.e.m.c.i.e.AbstractTransferListenerAdapter - Downloaded https://repo.maven.apache.org/maven2/io/netty/netty-codec-classes-quic/4.2.12.Final/netty-codec-classes-quic-4.2.12.Final.jar
2026-05-23 11:48:21,862 [BasicRepositoryConnector-repo.maven.apache.org-0-3] INFO  o.e.m.c.i.e.AbstractTransferListenerAdapter - Downloading https://repo.maven.apache.org/maven2/io/netty/netty-codec-native-quic/4.2.12.Final/netty-codec-native-quic-4.2.12.Final-linux-x86_64.jar
2026-05-23 11:48:22,050 [BasicRepositoryConnector-repo.maven.apache.org-0-4] INFO  o.e.m.c.i.e.AbstractTransferListenerAdapter - Downloaded https://repo.maven.apache.org/maven2/io/netty/netty-codec-http2/4.2.12.Final/netty-codec-http2-4.2.12.Final.jar
2026-05-23 11:48:22,107 [BasicRepositoryConnector-repo.maven.apache.org-0-1] INFO  o.e.m.c.i.e.AbstractTransferListenerAdapter - Downloaded https://repo.maven.apache.org/maven2/io/netty/netty-resolver/4.2.12.Final/netty-resolver-4.2.12.Final.jar
2026-05-23 11:48:22,159 [BasicRepositoryConnector-repo.maven.apache.org-0-4] INFO  o.e.m.c.i.e.AbstractTransferListenerAdapter - Downloading https://repo.maven.apache.org/maven2/io/netty/netty-codec-native-quic/4.2.12.Final/netty-codec-native-quic-4.2.12.Final-linux-aarch_64.jar
2026-05-23 11:48:22,246 [BasicRepositoryConnector-repo.maven.apache.org-0-1] INFO  o.e.m.c.i.e.AbstractTransferListenerAdapter - Downloading https://repo.maven.apache.org/maven2/io/netty/netty-codec-native-quic/4.2.12.Final/netty-codec-native-quic-4.2.12.Final-osx-x86_64.jar
2026-05-23 11:48:22,260 [BasicRepositoryConnector-repo.maven.apache.org-0-2] INFO  o.e.m.c.i.e.AbstractTransferListenerAdapter - Downloaded https://repo.maven.apache.org/maven2/io/netty/netty-transport-native-unix-common/4.2.12.Final/netty-transport-native-unix-common-4.2.12.Final.jar
2026-05-23 11:48:22,264 [BasicRepositoryConnector-repo.maven.apache.org-0-0] INFO  o.e.m.c.i.e.AbstractTransferListenerAdapter - Downloading https://repo.maven.apache.org/maven2/org/springframework/boot/spring-boot-websocket/4.0.6/spring-boot-websocket-4.0.6.jar
2026-05-23 11:48:22,428 [BasicRepositoryConnector-repo.maven.apache.org-0-2] INFO  o.e.m.c.i.e.AbstractTransferListenerAdapter - Downloading https://repo.maven.apache.org/maven2/io/netty/netty-codec-native-quic/4.2.12.Final/netty-codec-native-quic-4.2.12.Final-osx-aarch_64.jar
2026-05-23 11:48:22,604 [BasicRepositoryConnector-repo.maven.apache.org-0-3] INFO  o.e.m.c.i.e.AbstractTransferListenerAdapter - Downloaded https://repo.maven.apache.org/maven2/io/netty/netty-codec-native-quic/4.2.12.Final/netty-codec-native-quic-4.2.12.Final-linux-x86_64.jar
2026-05-23 11:48:22,729 [BasicRepositoryConnector-repo.maven.apache.org-0-3] INFO  o.e.m.c.i.e.AbstractTransferListenerAdapter - Downloading https://repo.maven.apache.org/maven2/io/netty/netty-codec-native-quic/4.2.12.Final/netty-codec-native-quic-4.2.12.Final-windows-x86_64.jar
2026-05-23 11:48:22,747 [BasicRepositoryConnector-repo.maven.apache.org-0-0] INFO  o.e.m.c.i.e.AbstractTransferListenerAdapter - Downloaded https://repo.maven.apache.org/maven2/org/springframework/boot/spring-boot-websocket/4.0.6/spring-boot-websocket-4.0.6.jar
2026-05-23 11:48:22,879 [BasicRepositoryConnector-repo.maven.apache.org-0-0] INFO  o.e.m.c.i.e.AbstractTransferListenerAdapter - Downloading https://repo.maven.apache.org/maven2/io/netty/netty-resolver-dns/4.2.12.Final/netty-resolver-dns-4.2.12.Final.jar
2026-05-23 11:48:22,952 [BasicRepositoryConnector-repo.maven.apache.org-0-0] INFO  o.e.m.c.i.e.AbstractTransferListenerAdapter - Downloaded https://repo.maven.apache.org/maven2/io/netty/netty-resolver-dns/4.2.12.Final/netty-resolver-dns-4.2.12.Final.jar
2026-05-23 11:48:23,083 [BasicRepositoryConnector-repo.maven.apache.org-0-0] INFO  o.e.m.c.i.e.AbstractTransferListenerAdapter - Downloading https://repo.maven.apache.org/maven2/io/netty/netty-codec-dns/4.2.12.Final/netty-codec-dns-4.2.12.Final.jar
2026-05-23 11:48:23,116 [BasicRepositoryConnector-repo.maven.apache.org-0-0] INFO  o.e.m.c.i.e.AbstractTransferListenerAdapter - Downloaded https://repo.maven.apache.org/maven2/io/netty/netty-codec-dns/4.2.12.Final/netty-codec-dns-4.2.12.Final.jar
2026-05-23 11:48:23,241 [BasicRepositoryConnector-repo.maven.apache.org-0-0] INFO  o.e.m.c.i.e.AbstractTransferListenerAdapter - Downloading https://repo.maven.apache.org/maven2/io/netty/netty-resolver-dns-native-macos/4.2.12.Final/netty-resolver-dns-native-macos-4.2.12.Final-osx-x86_64.jar
2026-05-23 11:48:23,322 [BasicRepositoryConnector-repo.maven.apache.org-0-0] INFO  o.e.m.c.i.e.AbstractTransferListenerAdapter - Downloaded https://repo.maven.apache.org/maven2/io/netty/netty-resolver-dns-native-macos/4.2.12.Final/netty-resolver-dns-native-macos-4.2.12.Final-osx-x86_64.jar
2026-05-23 11:48:23,466 [BasicRepositoryConnector-repo.maven.apache.org-0-0] INFO  o.e.m.c.i.e.AbstractTransferListenerAdapter - Downloading https://repo.maven.apache.org/maven2/io/netty/netty-resolver-dns-classes-macos/4.2.12.Final/netty-resolver-dns-classes-macos-4.2.12.Final.jar
2026-05-23 11:48:23,498 [BasicRepositoryConnector-repo.maven.apache.org-0-1] INFO  o.e.m.c.i.e.AbstractTransferListenerAdapter - Downloaded https://repo.maven.apache.org/maven2/io/netty/netty-codec-native-quic/4.2.12.Final/netty-codec-native-quic-4.2.12.Final-osx-x86_64.jar
2026-05-23 11:48:23,592 [BasicRepositoryConnector-repo.maven.apache.org-0-0] INFO  o.e.m.c.i.e.AbstractTransferListenerAdapter - Downloaded https://repo.maven.apache.org/maven2/io/netty/netty-resolver-dns-classes-macos/4.2.12.Final/netty-resolver-dns-classes-macos-4.2.12.Final.jar
2026-05-23 11:48:23,657 [BasicRepositoryConnector-repo.maven.apache.org-0-1] INFO  o.e.m.c.i.e.AbstractTransferListenerAdapter - Downloading https://repo.maven.apache.org/maven2/io/netty/netty-transport-native-epoll/4.2.12.Final/netty-transport-native-epoll-4.2.12.Final-linux-x86_64.jar
2026-05-23 11:48:23,713 [BasicRepositoryConnector-repo.maven.apache.org-0-0] INFO  o.e.m.c.i.e.AbstractTransferListenerAdapter - Downloading https://repo.maven.apache.org/maven2/io/netty/netty-transport-classes-epoll/4.2.12.Final/netty-transport-classes-epoll-4.2.12.Final.jar
2026-05-23 11:48:23,732 [BasicRepositoryConnector-repo.maven.apache.org-0-3] INFO  o.e.m.c.i.e.AbstractTransferListenerAdapter - Downloaded https://repo.maven.apache.org/maven2/io/netty/netty-codec-native-quic/4.2.12.Final/netty-codec-native-quic-4.2.12.Final-windows-x86_64.jar
2026-05-23 11:48:23,768 [BasicRepositoryConnector-repo.maven.apache.org-0-0] INFO  o.e.m.c.i.e.AbstractTransferListenerAdapter - Downloaded https://repo.maven.apache.org/maven2/io/netty/netty-transport-classes-epoll/4.2.12.Final/netty-transport-classes-epoll-4.2.12.Final.jar
2026-05-23 11:48:23,769 [BasicRepositoryConnector-repo.maven.apache.org-0-1] INFO  o.e.m.c.i.e.AbstractTransferListenerAdapter - Downloaded https://repo.maven.apache.org/maven2/io/netty/netty-transport-native-epoll/4.2.12.Final/netty-transport-native-epoll-4.2.12.Final-linux-x86_64.jar
2026-05-23 11:48:23,775 [BasicRepositoryConnector-repo.maven.apache.org-0-3] INFO  o.e.m.c.i.e.AbstractTransferListenerAdapter - Downloading https://repo.maven.apache.org/maven2/io/projectreactor/netty/reactor-netty-core/1.3.5/reactor-netty-core-1.3.5.jar
2026-05-23 11:48:23,870 [BasicRepositoryConnector-repo.maven.apache.org-0-0] INFO  o.e.m.c.i.e.AbstractTransferListenerAdapter - Downloading https://repo.maven.apache.org/maven2/io/netty/netty-handler-proxy/4.2.12.Final/netty-handler-proxy-4.2.12.Final.jar
2026-05-23 11:48:23,908 [BasicRepositoryConnector-repo.maven.apache.org-0-1] INFO  o.e.m.c.i.e.AbstractTransferListenerAdapter - Downloading https://repo.maven.apache.org/maven2/io/netty/netty-codec-socks/4.2.12.Final/netty-codec-socks-4.2.12.Final.jar
2026-05-23 11:48:23,920 [BasicRepositoryConnector-repo.maven.apache.org-0-3] INFO  o.e.m.c.i.e.AbstractTransferListenerAdapter - Downloaded https://repo.maven.apache.org/maven2/io/projectreactor/netty/reactor-netty-core/1.3.5/reactor-netty-core-1.3.5.jar
2026-05-23 11:48:23,954 [BasicRepositoryConnector-repo.maven.apache.org-0-3] INFO  o.e.m.c.i.e.AbstractTransferListenerAdapter - Downloading https://repo.maven.apache.org/maven2/org/springframework/boot/spring-boot-netty/4.0.6/spring-boot-netty-4.0.6.jar
2026-05-23 11:48:23,976 [BasicRepositoryConnector-repo.maven.apache.org-0-1] INFO  o.e.m.c.i.e.AbstractTransferListenerAdapter - Downloaded https://repo.maven.apache.org/maven2/io/netty/netty-codec-socks/4.2.12.Final/netty-codec-socks-4.2.12.Final.jar
2026-05-23 11:48:23,982 [BasicRepositoryConnector-repo.maven.apache.org-0-2] INFO  o.e.m.c.i.e.AbstractTransferListenerAdapter - Downloaded https://repo.maven.apache.org/maven2/io/netty/netty-codec-native-quic/4.2.12.Final/netty-codec-native-quic-4.2.12.Final-osx-aarch_64.jar
2026-05-23 11:48:24,006 [BasicRepositoryConnector-repo.maven.apache.org-0-1] INFO  o.e.m.c.i.e.AbstractTransferListenerAdapter - Downloading https://repo.maven.apache.org/maven2/io/netty/netty-common/4.2.12.Final/netty-common-4.2.12.Final.jar
2026-05-23 11:48:24,098 [BasicRepositoryConnector-repo.maven.apache.org-0-3] INFO  o.e.m.c.i.e.AbstractTransferListenerAdapter - Downloaded https://repo.maven.apache.org/maven2/org/springframework/boot/spring-boot-netty/4.0.6/spring-boot-netty-4.0.6.jar
2026-05-23 11:48:24,146 [BasicRepositoryConnector-repo.maven.apache.org-0-0] INFO  o.e.m.c.i.e.AbstractTransferListenerAdapter - Downloaded https://repo.maven.apache.org/maven2/io/netty/netty-handler-proxy/4.2.12.Final/netty-handler-proxy-4.2.12.Final.jar
2026-05-23 11:48:24,159 [BasicRepositoryConnector-repo.maven.apache.org-0-1] INFO  o.e.m.c.i.e.AbstractTransferListenerAdapter - Downloaded https://repo.maven.apache.org/maven2/io/netty/netty-common/4.2.12.Final/netty-common-4.2.12.Final.jar
2026-05-23 11:48:24,743 [BasicRepositoryConnector-repo.maven.apache.org-0-4] INFO  o.e.m.c.i.e.AbstractTransferListenerAdapter - Downloaded https://repo.maven.apache.org/maven2/io/netty/netty-codec-native-quic/4.2.12.Final/netty-codec-native-quic-4.2.12.Final-linux-aarch_64.jar
2026-05-23 11:48:25,478 [Worker-47: Building] INFO  o.a.m.s.f.DefaultMavenResourcesFiltering - Copying 0 resource from src\main\resources to target\classes
2026-05-23 11:48:25,478 [Worker-47: Building] INFO  o.a.m.s.f.DefaultMavenResourcesFiltering - Copying 0 resource from src\main\resources to target\classes
2026-05-23 11:48:25,482 [Worker-47: Building] INFO  o.a.m.s.f.DefaultMavenResourcesFiltering - skip non existing resourceDirectory D:\Pranav All study Material\marktetplace\E-commerce\src\test\resources
2026-05-23 11:48:26,454 [Worker-39: Download sources and javadoc] INFO  o.e.m.c.i.e.AbstractTransferListenerAdapter - Downloading https://repo.maven.apache.org/maven2/org/springframework/boot/spring-boot-starter-websocket/4.0.6/spring-boot-starter-websocket-4.0.6-sources.jar
2026-05-23 11:48:26,464 [Worker-39: Download sources and javadoc] INFO  o.e.m.c.i.e.AbstractTransferListenerAdapter - Downloaded https://repo.maven.apache.org/maven2/org/springframework/boot/spring-boot-starter-websocket/4.0.6/spring-boot-starter-websocket-4.0.6-sources.jar
2026-05-23 11:48:26,470 [Worker-39: Download sources and javadoc] INFO  o.e.m.j.internal.DownloadSourcesJob - Downloaded sources for org.springframework.boot:spring-boot-starter-websocket:4.0.6
2026-05-23 11:48:26,588 [Worker-39: Download sources and javadoc] INFO  o.e.m.c.i.e.AbstractTransferListenerAdapter - Downloading https://repo.maven.apache.org/maven2/org/springframework/boot/spring-boot-websocket/4.0.6/spring-boot-websocket-4.0.6-sources.jar
2026-05-23 11:48:26,730 [Worker-39: Download sources and javadoc] INFO  o.e.m.c.i.e.AbstractTransferListenerAdapter - Downloaded https://repo.maven.apache.org/maven2/org/springframework/boot/spring-boot-websocket/4.0.6/spring-boot-websocket-4.0.6-sources.jar
2026-05-23 11:48:26,739 [Worker-39: Download sources and javadoc] INFO  o.e.m.j.internal.DownloadSourcesJob - Downloaded sources for org.springframework.boot:spring-boot-websocket:4.0.6
2026-05-23 11:48:26,878 [Worker-39: Download sources and javadoc] INFO  o.e.m.c.i.e.AbstractTransferListenerAdapter - Downloading https://repo.maven.apache.org/maven2/org/springframework/spring-messaging/7.0.7/spring-messaging-7.0.7-sources.jar
2026-05-23 11:48:27,011 [Worker-45: Building] INFO  o.a.m.s.f.DefaultMavenResourcesFiltering - Copying 1 resource from src\main\resources to target\classes
2026-05-23 11:48:27,028 [Worker-39: Download sources and javadoc] INFO  o.e.m.c.i.e.AbstractTransferListenerAdapter - Downloaded https://repo.maven.apache.org/maven2/org/springframework/spring-messaging/7.0.7/spring-messaging-7.0.7-sources.jar
2026-05-23 11:48:27,032 [Worker-45: Building] INFO  o.a.m.s.f.DefaultMavenResourcesFiltering - Copying 0 resource from src\main\resources to target\classes
2026-05-23 11:48:27,035 [Worker-39: Download sources and javadoc] INFO  o.e.m.j.internal.DownloadSourcesJob - Downloaded sources for org.springframework:spring-messaging:7.0.7
2026-05-23 11:48:27,040 [Worker-45: Building] INFO  o.a.m.s.f.DefaultMavenResourcesFiltering - skip non existing resourceDirectory D:\Pranav All study Material\marktetplace\E-commerce\src\test\resources
2026-05-23 11:48:27,122 [Worker-39: Download sources and javadoc] INFO  o.e.m.c.i.e.AbstractTransferListenerAdapter - Downloading https://repo.maven.apache.org/maven2/org/springframework/spring-websocket/7.0.7/spring-websocket-7.0.7-sources.jar
2026-05-23 11:48:27,213 [Worker-39: Download sources and javadoc] INFO  o.e.m.c.i.e.AbstractTransferListenerAdapter - Downloaded https://repo.maven.apache.org/maven2/org/springframework/spring-websocket/7.0.7/spring-websocket-7.0.7-sources.jar
2026-05-23 11:48:27,218 [Worker-39: Download sources and javadoc] INFO  o.e.m.j.internal.DownloadSourcesJob - Downloaded sources for org.springframework:spring-websocket:7.0.7
2026-05-23 11:48:27,310 [Worker-39: Download sources and javadoc] INFO  o.e.m.c.i.e.AbstractTransferListenerAdapter - Downloading https://repo.maven.apache.org/maven2/org/springframework/boot/spring-boot-starter-reactor-netty/4.0.6/spring-boot-starter-reactor-netty-4.0.6-sources.jar
2026-05-23 11:48:27,316 [Worker-39: Download sources and javadoc] INFO  o.e.m.c.i.e.AbstractTransferListenerAdapter - Downloaded https://repo.maven.apache.org/maven2/org/springframework/boot/spring-boot-starter-reactor-netty/4.0.6/spring-boot-starter-reactor-netty-4.0.6-sources.jar
2026-05-23 11:48:27,320 [Worker-39: Download sources and javadoc] INFO  o.e.m.j.internal.DownloadSourcesJob - Downloaded sources for org.springframework.boot:spring-boot-starter-reactor-netty:4.0.6
2026-05-23 11:48:27,403 [Worker-39: Download sources and javadoc] INFO  o.e.m.c.i.e.AbstractTransferListenerAdapter - Downloading https://repo.maven.apache.org/maven2/org/springframework/boot/spring-boot-reactor/4.0.6/spring-boot-reactor-4.0.6-sources.jar
2026-05-23 11:48:27,531 [Worker-39: Download sources and javadoc] INFO  o.e.m.c.i.e.AbstractTransferListenerAdapter - Downloaded https://repo.maven.apache.org/maven2/org/springframework/boot/spring-boot-reactor/4.0.6/spring-boot-reactor-4.0.6-sources.jar
2026-05-23 11:48:27,536 [Worker-39: Download sources and javadoc] INFO  o.e.m.j.internal.DownloadSourcesJob - Downloaded sources for org.springframework.boot:spring-boot-reactor:4.0.6
2026-05-23 11:48:27,616 [Worker-39: Download sources and javadoc] INFO  o.e.m.c.i.e.AbstractTransferListenerAdapter - Downloading https://repo.maven.apache.org/maven2/io/projectreactor/reactor-core/3.8.5/reactor-core-3.8.5-sources.jar
2026-05-23 11:48:28,022 [Worker-39: Download sources and javadoc] INFO  o.e.m.c.i.e.AbstractTransferListenerAdapter - Downloaded https://repo.maven.apache.org/maven2/io/projectreactor/reactor-core/3.8.5/reactor-core-3.8.5-sources.jar
2026-05-23 11:48:28,024 [Worker-39: Download sources and javadoc] INFO  o.e.m.j.internal.DownloadSourcesJob - Downloaded sources for io.projectreactor:reactor-core:3.8.5
2026-05-23 11:48:28,166 [Worker-39: Download sources and javadoc] INFO  o.e.m.c.i.e.AbstractTransferListenerAdapter - Downloading https://repo.maven.apache.org/maven2/org/reactivestreams/reactive-streams/1.0.4/reactive-streams-1.0.4-sources.jar
2026-05-23 11:48:28,233 [Worker-39: Download sources and javadoc] INFO  o.e.m.c.i.e.AbstractTransferListenerAdapter - Downloaded https://repo.maven.apache.org/maven2/org/reactivestreams/reactive-streams/1.0.4/reactive-streams-1.0.4-sources.jar
2026-05-23 11:48:28,237 [Worker-39: Download sources and javadoc] INFO  o.e.m.j.internal.DownloadSourcesJob - Downloaded sources for org.reactivestreams:reactive-streams:1.0.4
2026-05-23 11:48:28,356 [Worker-39: Download sources and javadoc] INFO  o.e.m.c.i.e.AbstractTransferListenerAdapter - Downloading https://repo.maven.apache.org/maven2/org/springframework/boot/spring-boot-reactor-netty/4.0.6/spring-boot-reactor-netty-4.0.6-sources.jar
2026-05-23 11:48:28,771 [Worker-39: Download sources and javadoc] INFO  o.e.m.c.i.e.AbstractTransferListenerAdapter - Downloaded https://repo.maven.apache.org/maven2/org/springframework/boot/spring-boot-reactor-netty/4.0.6/spring-boot-reactor-netty-4.0.6-sources.jar
2026-05-23 11:48:28,776 [Worker-39: Download sources and javadoc] INFO  o.e.m.j.internal.DownloadSourcesJob - Downloaded sources for org.springframework.boot:spring-boot-reactor-netty:4.0.6
2026-05-23 11:48:28,856 [Worker-39: Download sources and javadoc] INFO  o.e.m.c.i.e.AbstractTransferListenerAdapter - Downloading https://repo.maven.apache.org/maven2/io/projectreactor/netty/reactor-netty-http/1.3.5/reactor-netty-http-1.3.5-sources.jar
2026-05-23 11:48:28,951 [Worker-39: Download sources and javadoc] INFO  o.e.m.c.i.e.AbstractTransferListenerAdapter - Downloaded https://repo.maven.apache.org/maven2/io/projectreactor/netty/reactor-netty-http/1.3.5/reactor-netty-http-1.3.5-sources.jar
2026-05-23 11:48:28,956 [Worker-39: Download sources and javadoc] INFO  o.e.m.j.internal.DownloadSourcesJob - Downloaded sources for io.projectreactor.netty:reactor-netty-http:1.3.5
2026-05-23 11:48:29,035 [Worker-39: Download sources and javadoc] INFO  o.e.m.c.i.e.AbstractTransferListenerAdapter - Downloading https://repo.maven.apache.org/maven2/io/netty/netty-codec-http/4.2.12.Final/netty-codec-http-4.2.12.Final-sources.jar
2026-05-23 11:48:29,153 [Worker-39: Download sources and javadoc] INFO  o.e.m.c.i.e.AbstractTransferListenerAdapter - Downloaded https://repo.maven.apache.org/maven2/io/netty/netty-codec-http/4.2.12.Final/netty-codec-http-4.2.12.Final-sources.jar
2026-05-23 11:48:29,158 [Worker-39: Download sources and javadoc] INFO  o.e.m.j.internal.DownloadSourcesJob - Downloaded sources for io.netty:netty-codec-http:4.2.12.Final
2026-05-23 11:48:29,259 [Worker-39: Download sources and javadoc] INFO  o.e.m.c.i.e.AbstractTransferListenerAdapter - Downloading https://repo.maven.apache.org/maven2/io/netty/netty-buffer/4.2.12.Final/netty-buffer-4.2.12.Final-sources.jar
2026-05-23 11:48:29,348 [Worker-39: Download sources and javadoc] INFO  o.e.m.c.i.e.AbstractTransferListenerAdapter - Downloaded https://repo.maven.apache.org/maven2/io/netty/netty-buffer/4.2.12.Final/netty-buffer-4.2.12.Final-sources.jar
2026-05-23 11:48:29,355 [Worker-39: Download sources and javadoc] INFO  o.e.m.j.internal.DownloadSourcesJob - Downloaded sources for io.netty:netty-buffer:4.2.12.Final
2026-05-23 11:48:29,461 [Worker-39: Download sources and javadoc] INFO  o.e.m.c.i.e.AbstractTransferListenerAdapter - Downloading https://repo.maven.apache.org/maven2/io/netty/netty-transport/4.2.12.Final/netty-transport-4.2.12.Final-sources.jar
2026-05-23 11:48:29,556 [Worker-39: Download sources and javadoc] INFO  o.e.m.c.i.e.AbstractTransferListenerAdapter - Downloaded https://repo.maven.apache.org/maven2/io/netty/netty-transport/4.2.12.Final/netty-transport-4.2.12.Final-sources.jar
2026-05-23 11:48:29,560 [Worker-39: Download sources and javadoc] INFO  o.e.m.j.internal.DownloadSourcesJob - Downloaded sources for io.netty:netty-transport:4.2.12.Final
2026-05-23 11:48:29,686 [Worker-39: Download sources and javadoc] INFO  o.e.m.c.i.e.AbstractTransferListenerAdapter - Downloading https://repo.maven.apache.org/maven2/io/netty/netty-codec-base/4.2.12.Final/netty-codec-base-4.2.12.Final-sources.jar
2026-05-23 11:48:29,772 [Worker-39: Download sources and javadoc] INFO  o.e.m.c.i.e.AbstractTransferListenerAdapter - Downloaded https://repo.maven.apache.org/maven2/io/netty/netty-codec-base/4.2.12.Final/netty-codec-base-4.2.12.Final-sources.jar
2026-05-23 11:48:29,772 [Worker-39: Download sources and javadoc] INFO  o.e.m.j.internal.DownloadSourcesJob - Downloaded sources for io.netty:netty-codec-base:4.2.12.Final
2026-05-23 11:48:29,849 [Worker-39: Download sources and javadoc] INFO  o.e.m.c.i.e.AbstractTransferListenerAdapter - Downloading https://repo.maven.apache.org/maven2/io/netty/netty-codec-compression/4.2.12.Final/netty-codec-compression-4.2.12.Final-sources.jar
2026-05-23 11:48:29,928 [Worker-39: Download sources and javadoc] INFO  o.e.m.c.i.e.AbstractTransferListenerAdapter - Downloaded https://repo.maven.apache.org/maven2/io/netty/netty-codec-compression/4.2.12.Final/netty-codec-compression-4.2.12.Final-sources.jar
2026-05-23 11:48:29,947 [Worker-39: Download sources and javadoc] INFO  o.e.m.j.internal.DownloadSourcesJob - Downloaded sources for io.netty:netty-codec-compression:4.2.12.Final
2026-05-23 11:48:30,035 [Worker-39: Download sources and javadoc] INFO  o.e.m.c.i.e.AbstractTransferListenerAdapter - Downloading https://repo.maven.apache.org/maven2/io/netty/netty-handler/4.2.12.Final/netty-handler-4.2.12.Final-sources.jar
2026-05-23 11:48:30,134 [Worker-39: Download sources and javadoc] INFO  o.e.m.c.i.e.AbstractTransferListenerAdapter - Downloaded https://repo.maven.apache.org/maven2/io/netty/netty-handler/4.2.12.Final/netty-handler-4.2.12.Final-sources.jar
2026-05-23 11:48:30,134 [Worker-39: Download sources and javadoc] INFO  o.e.m.j.internal.DownloadSourcesJob - Downloaded sources for io.netty:netty-handler:4.2.12.Final
2026-05-23 11:48:30,244 [Worker-39: Download sources and javadoc] INFO  o.e.m.c.i.e.AbstractTransferListenerAdapter - Downloading https://repo.maven.apache.org/maven2/io/netty/netty-codec-http2/4.2.12.Final/netty-codec-http2-4.2.12.Final-sources.jar
2026-05-23 11:48:30,368 [Worker-39: Download sources and javadoc] INFO  o.e.m.c.i.e.AbstractTransferListenerAdapter - Downloaded https://repo.maven.apache.org/maven2/io/netty/netty-codec-http2/4.2.12.Final/netty-codec-http2-4.2.12.Final-sources.jar
2026-05-23 11:48:30,375 [Worker-39: Download sources and javadoc] INFO  o.e.m.j.internal.DownloadSourcesJob - Downloaded sources for io.netty:netty-codec-http2:4.2.12.Final
2026-05-23 11:48:30,480 [Worker-39: Download sources and javadoc] INFO  o.e.m.c.i.e.AbstractTransferListenerAdapter - Downloading https://repo.maven.apache.org/maven2/io/netty/netty-codec-http3/4.2.12.Final/netty-codec-http3-4.2.12.Final-sources.jar
2026-05-23 11:48:30,549 [Worker-39: Download sources and javadoc] INFO  o.e.m.c.i.e.AbstractTransferListenerAdapter - Downloaded https://repo.maven.apache.org/maven2/io/netty/netty-codec-http3/4.2.12.Final/netty-codec-http3-4.2.12.Final-sources.jar
2026-05-23 11:48:30,553 [Worker-39: Download sources and javadoc] INFO  o.e.m.j.internal.DownloadSourcesJob - Downloaded sources for io.netty:netty-codec-http3:4.2.12.Final
2026-05-23 11:48:30,649 [Worker-39: Download sources and javadoc] INFO  o.e.m.c.i.e.AbstractTransferListenerAdapter - Downloading https://repo.maven.apache.org/maven2/io/netty/netty-transport-native-unix-common/4.2.12.Final/netty-transport-native-unix-common-4.2.12.Final-sources.jar
2026-05-23 11:48:30,699 [Worker-39: Download sources and javadoc] INFO  o.e.m.c.i.e.AbstractTransferListenerAdapter - Downloaded https://repo.maven.apache.org/maven2/io/netty/netty-transport-native-unix-common/4.2.12.Final/netty-transport-native-unix-common-4.2.12.Final-sources.jar
2026-05-23 11:48:30,705 [Worker-39: Download sources and javadoc] INFO  o.e.m.j.internal.DownloadSourcesJob - Downloaded sources for io.netty:netty-transport-native-unix-common:4.2.12.Final
2026-05-23 11:48:30,854 [Worker-39: Download sources and javadoc] INFO  o.e.m.c.i.e.AbstractTransferListenerAdapter - Downloading https://repo.maven.apache.org/maven2/io/netty/netty-resolver/4.2.12.Final/netty-resolver-4.2.12.Final-sources.jar
2026-05-23 11:48:31,160 [Worker-39: Download sources and javadoc] INFO  o.e.m.c.i.e.AbstractTransferListenerAdapter - Downloaded https://repo.maven.apache.org/maven2/io/netty/netty-resolver/4.2.12.Final/netty-resolver-4.2.12.Final-sources.jar
2026-05-23 11:48:31,163 [Worker-39: Download sources and javadoc] INFO  o.e.m.j.internal.DownloadSourcesJob - Downloaded sources for io.netty:netty-resolver:4.2.12.Final
2026-05-23 11:48:31,303 [Worker-39: Download sources and javadoc] INFO  o.e.m.c.i.e.AbstractTransferListenerAdapter - Downloading https://repo.maven.apache.org/maven2/io/netty/netty-codec-classes-quic/4.2.12.Final/netty-codec-classes-quic-4.2.12.Final-sources.jar
2026-05-23 11:48:31,400 [Worker-39: Download sources and javadoc] INFO  o.e.m.c.i.e.AbstractTransferListenerAdapter - Downloaded https://repo.maven.apache.org/maven2/io/netty/netty-codec-classes-quic/4.2.12.Final/netty-codec-classes-quic-4.2.12.Final-sources.jar
2026-05-23 11:48:31,403 [Worker-39: Download sources and javadoc] INFO  o.e.m.j.internal.DownloadSourcesJob - Downloaded sources for io.netty:netty-codec-classes-quic:4.2.12.Final
2026-05-23 11:48:31,491 [Worker-39: Download sources and javadoc] INFO  o.e.m.c.i.e.AbstractTransferListenerAdapter - Downloading https://repo.maven.apache.org/maven2/io/netty/netty-codec-native-quic/4.2.12.Final/netty-codec-native-quic-4.2.12.Final-sources.jar
2026-05-23 11:48:31,630 [Worker-39: Download sources and javadoc] INFO  o.e.m.c.i.e.AbstractTransferListenerAdapter - Downloaded https://repo.maven.apache.org/maven2/io/netty/netty-codec-native-quic/4.2.12.Final/netty-codec-native-quic-4.2.12.Final-sources.jar
2026-05-23 11:48:31,634 [Worker-39: Download sources and javadoc] INFO  o.e.m.j.internal.DownloadSourcesJob - Downloaded sources for io.netty:netty-codec-native-quic:4.2.12.Finallinux-x86_64
2026-05-23 11:48:31,641 [Worker-39: Download sources and javadoc] INFO  o.e.m.j.internal.DownloadSourcesJob - Downloaded sources for io.netty:netty-codec-native-quic:4.2.12.Finallinux-aarch_64
2026-05-23 11:48:31,647 [Worker-39: Download sources and javadoc] INFO  o.e.m.j.internal.DownloadSourcesJob - Downloaded sources for io.netty:netty-codec-native-quic:4.2.12.Finalosx-x86_64
2026-05-23 11:48:31,654 [Worker-39: Download sources and javadoc] INFO  o.e.m.j.internal.DownloadSourcesJob - Downloaded sources for io.netty:netty-codec-native-quic:4.2.12.Finalosx-aarch_64
2026-05-23 11:48:31,660 [Worker-39: Download sources and javadoc] INFO  o.e.m.j.internal.DownloadSourcesJob - Downloaded sources for io.netty:netty-codec-native-quic:4.2.12.Finalwindows-x86_64
2026-05-23 11:48:31,800 [Worker-39: Download sources and javadoc] INFO  o.e.m.c.i.e.AbstractTransferListenerAdapter - Downloading https://repo.maven.apache.org/maven2/io/netty/netty-resolver-dns/4.2.12.Final/netty-resolver-dns-4.2.12.Final-sources.jar
2026-05-23 11:48:31,871 [Worker-39: Download sources and javadoc] INFO  o.e.m.c.i.e.AbstractTransferListenerAdapter - Downloaded https://repo.maven.apache.org/maven2/io/netty/netty-resolver-dns/4.2.12.Final/netty-resolver-dns-4.2.12.Final-sources.jar
2026-05-23 11:48:31,874 [Worker-39: Download sources and javadoc] INFO  o.e.m.j.internal.DownloadSourcesJob - Downloaded sources for io.netty:netty-resolver-dns:4.2.12.Final
2026-05-23 11:48:31,960 [Worker-39: Download sources and javadoc] INFO  o.e.m.c.i.e.AbstractTransferListenerAdapter - Downloading https://repo.maven.apache.org/maven2/io/netty/netty-codec-dns/4.2.12.Final/netty-codec-dns-4.2.12.Final-sources.jar
2026-05-23 11:48:31,997 [Worker-39: Download sources and javadoc] INFO  o.e.m.c.i.e.AbstractTransferListenerAdapter - Downloaded https://repo.maven.apache.org/maven2/io/netty/netty-codec-dns/4.2.12.Final/netty-codec-dns-4.2.12.Final-sources.jar
2026-05-23 11:48:32,000 [Worker-39: Download sources and javadoc] INFO  o.e.m.j.internal.DownloadSourcesJob - Downloaded sources for io.netty:netty-codec-dns:4.2.12.Final
2026-05-23 11:48:32,130 [Worker-39: Download sources and javadoc] INFO  o.e.m.c.i.e.AbstractTransferListenerAdapter - Downloading https://repo.maven.apache.org/maven2/io/netty/netty-resolver-dns-native-macos/4.2.12.Final/netty-resolver-dns-native-macos-4.2.12.Final-sources.jar
2026-05-23 11:48:32,216 [Worker-39: Download sources and javadoc] INFO  o.e.m.c.i.e.AbstractTransferListenerAdapter - Downloaded https://repo.maven.apache.org/maven2/io/netty/netty-resolver-dns-native-macos/4.2.12.Final/netty-resolver-dns-native-macos-4.2.12.Final-sources.jar
2026-05-23 11:48:32,221 [Worker-39: Download sources and javadoc] INFO  o.e.m.j.internal.DownloadSourcesJob - Downloaded sources for io.netty:netty-resolver-dns-native-macos:4.2.12.Finalosx-x86_64
2026-05-23 11:48:32,354 [Worker-39: Download sources and javadoc] INFO  o.e.m.c.i.e.AbstractTransferListenerAdapter - Downloading https://repo.maven.apache.org/maven2/io/netty/netty-resolver-dns-classes-macos/4.2.12.Final/netty-resolver-dns-classes-macos-4.2.12.Final-sources.jar
2026-05-23 11:48:32,419 [Worker-39: Download sources and javadoc] INFO  o.e.m.c.i.e.AbstractTransferListenerAdapter - Downloaded https://repo.maven.apache.org/maven2/io/netty/netty-resolver-dns-classes-macos/4.2.12.Final/netty-resolver-dns-classes-macos-4.2.12.Final-sources.jar
2026-05-23 11:48:32,423 [Worker-39: Download sources and javadoc] INFO  o.e.m.j.internal.DownloadSourcesJob - Downloaded sources for io.netty:netty-resolver-dns-classes-macos:4.2.12.Final
2026-05-23 11:48:32,518 [Worker-39: Download sources and javadoc] INFO  o.e.m.c.i.e.AbstractTransferListenerAdapter - Downloading https://repo.maven.apache.org/maven2/io/netty/netty-transport-native-epoll/4.2.12.Final/netty-transport-native-epoll-4.2.12.Final-sources.jar
2026-05-23 11:48:32,630 [Worker-39: Download sources and javadoc] INFO  o.e.m.c.i.e.AbstractTransferListenerAdapter - Downloaded https://repo.maven.apache.org/maven2/io/netty/netty-transport-native-epoll/4.2.12.Final/netty-transport-native-epoll-4.2.12.Final-sources.jar
2026-05-23 11:48:32,633 [Worker-39: Download sources and javadoc] INFO  o.e.m.j.internal.DownloadSourcesJob - Downloaded sources for io.netty:netty-transport-native-epoll:4.2.12.Finallinux-x86_64
2026-05-23 11:48:32,727 [Worker-39: Download sources and javadoc] INFO  o.e.m.c.i.e.AbstractTransferListenerAdapter - Downloading https://repo.maven.apache.org/maven2/io/netty/netty-transport-classes-epoll/4.2.12.Final/netty-transport-classes-epoll-4.2.12.Final-sources.jar
2026-05-23 11:48:32,778 [Worker-39: Download sources and javadoc] INFO  o.e.m.c.i.e.AbstractTransferListenerAdapter - Downloaded https://repo.maven.apache.org/maven2/io/netty/netty-transport-classes-epoll/4.2.12.Final/netty-transport-classes-epoll-4.2.12.Final-sources.jar
2026-05-23 11:48:32,781 [Worker-39: Download sources and javadoc] INFO  o.e.m.j.internal.DownloadSourcesJob - Downloaded sources for io.netty:netty-transport-classes-epoll:4.2.12.Final
2026-05-23 11:48:32,916 [Worker-39: Download sources and javadoc] INFO  o.e.m.c.i.e.AbstractTransferListenerAdapter - Downloading https://repo.maven.apache.org/maven2/io/projectreactor/netty/reactor-netty-core/1.3.5/reactor-netty-core-1.3.5-sources.jar
2026-05-23 11:48:33,029 [Worker-39: Download sources and javadoc] INFO  o.e.m.c.i.e.AbstractTransferListenerAdapter - Downloaded https://repo.maven.apache.org/maven2/io/projectreactor/netty/reactor-netty-core/1.3.5/reactor-netty-core-1.3.5-sources.jar
2026-05-23 11:48:33,032 [Worker-39: Download sources and javadoc] INFO  o.e.m.j.internal.DownloadSourcesJob - Downloaded sources for io.projectreactor.netty:reactor-netty-core:1.3.5
2026-05-23 11:48:33,048 [Worker-46: Building] INFO  o.a.m.s.f.DefaultMavenResourcesFiltering - Copying 1 resource from src\main\resources to target\classes
2026-05-23 11:48:33,053 [Worker-46: Building] INFO  o.a.m.s.f.DefaultMavenResourcesFiltering - Copying 0 resource from src\main\resources to target\classes
2026-05-23 11:48:33,055 [Worker-46: Building] INFO  o.a.m.s.f.DefaultMavenResourcesFiltering - skip non existing resourceDirectory D:\Pranav All study Material\marktetplace\E-commerce\src\test\resources
2026-05-23 11:48:33,171 [Worker-39: Download sources and javadoc] INFO  o.e.m.c.i.e.AbstractTransferListenerAdapter - Downloading https://repo.maven.apache.org/maven2/io/netty/netty-handler-proxy/4.2.12.Final/netty-handler-proxy-4.2.12.Final-sources.jar
2026-05-23 11:48:33,340 [Worker-39: Download sources and javadoc] INFO  o.e.m.c.i.e.AbstractTransferListenerAdapter - Downloaded https://repo.maven.apache.org/maven2/io/netty/netty-handler-proxy/4.2.12.Final/netty-handler-proxy-4.2.12.Final-sources.jar
2026-05-23 11:48:33,343 [Worker-39: Download sources and javadoc] INFO  o.e.m.j.internal.DownloadSourcesJob - Downloaded sources for io.netty:netty-handler-proxy:4.2.12.Final
2026-05-23 11:48:33,461 [Worker-39: Download sources and javadoc] INFO  o.e.m.c.i.e.AbstractTransferListenerAdapter - Downloading https://repo.maven.apache.org/maven2/io/netty/netty-codec-socks/4.2.12.Final/netty-codec-socks-4.2.12.Final-sources.jar
2026-05-23 11:48:33,513 [Worker-39: Download sources and javadoc] INFO  o.e.m.c.i.e.AbstractTransferListenerAdapter - Downloaded https://repo.maven.apache.org/maven2/io/netty/netty-codec-socks/4.2.12.Final/netty-codec-socks-4.2.12.Final-sources.jar
2026-05-23 11:48:33,517 [Worker-39: Download sources and javadoc] INFO  o.e.m.j.internal.DownloadSourcesJob - Downloaded sources for io.netty:netty-codec-socks:4.2.12.Final
2026-05-23 11:48:33,582 [Worker-39: Download sources and javadoc] INFO  o.e.m.c.i.e.AbstractTransferListenerAdapter - Downloading https://repo.maven.apache.org/maven2/org/springframework/boot/spring-boot-netty/4.0.6/spring-boot-netty-4.0.6-sources.jar
2026-05-23 11:48:33,679 [Worker-39: Download sources and javadoc] INFO  o.e.m.c.i.e.AbstractTransferListenerAdapter - Downloaded https://repo.maven.apache.org/maven2/org/springframework/boot/spring-boot-netty/4.0.6/spring-boot-netty-4.0.6-sources.jar
2026-05-23 11:48:33,683 [Worker-39: Download sources and javadoc] INFO  o.e.m.j.internal.DownloadSourcesJob - Downloaded sources for org.springframework.boot:spring-boot-netty:4.0.6
2026-05-23 11:48:33,796 [Worker-39: Download sources and javadoc] INFO  o.e.m.c.i.e.AbstractTransferListenerAdapter - Downloading https://repo.maven.apache.org/maven2/io/netty/netty-common/4.2.12.Final/netty-common-4.2.12.Final-sources.jar
2026-05-23 11:48:33,967 [Worker-39: Download sources and javadoc] INFO  o.e.m.c.i.e.AbstractTransferListenerAdapter - Downloaded https://repo.maven.apache.org/maven2/io/netty/netty-common/4.2.12.Final/netty-common-4.2.12.Final-sources.jar
2026-05-23 11:48:33,970 [Worker-39: Download sources and javadoc] INFO  o.e.m.j.internal.DownloadSourcesJob - Downloaded sources for io.netty:netty-common:4.2.12.Final
2026-05-23 11:48:41,948 [Worker-45: Building] INFO  o.a.m.s.f.DefaultMavenResourcesFiltering - Copying 1 resource from src\main\resources to target\classes
2026-05-23 11:48:41,955 [Worker-45: Building] INFO  o.a.m.s.f.DefaultMavenResourcesFiltering - Copying 0 resource from src\main\resources to target\classes
2026-05-23 11:48:41,959 [Worker-45: Building] INFO  o.a.m.s.f.DefaultMavenResourcesFiltering - skip non existing resourceDirectory D:\Pranav All study Material\marktetplace\E-commerce\src\test\resources
2026-05-23 11:49:57,452 [Worker-43: Building] INFO  o.a.m.s.f.DefaultMavenResourcesFiltering - Copying 1 resource from src\main\resources to target\classes
2026-05-23 11:49:57,457 [Worker-43: Building] INFO  o.a.m.s.f.DefaultMavenResourcesFiltering - Copying 0 resource from src\main\resources to target\classes
2026-05-23 11:49:57,459 [Worker-43: Building] INFO  o.a.m.s.f.DefaultMavenResourcesFiltering - skip non existing resourceDirectory D:\Pranav All study Material\marktetplace\E-commerce\src\test\resources
2026-05-23 11:50:14,054 [Worker-45: Building] INFO  o.a.m.s.f.DefaultMavenResourcesFiltering - Copying 1 resource from src\main\resources to target\classes
2026-05-23 11:50:14,058 [Worker-45: Building] INFO  o.a.m.s.f.DefaultMavenResourcesFiltering - Copying 0 resource from src\main\resources to target\classes
2026-05-23 11:50:14,061 [Worker-45: Building] INFO  o.a.m.s.f.DefaultMavenResourcesFiltering - skip non existing resourceDirectory D:\Pranav All study Material\marktetplace\E-commerce\src\test\resources
2026-05-23 11:50:46,703 [Worker-47: Building] INFO  o.a.m.s.f.DefaultMavenResourcesFiltering - Copying 1 resource from src\main\resources to target\classes
2026-05-23 11:50:46,708 [Worker-47: Building] INFO  o.a.m.s.f.DefaultMavenResourcesFiltering - Copying 0 resource from src\main\resources to target\classes
2026-05-23 11:50:46,711 [Worker-47: Building] INFO  o.a.m.s.f.DefaultMavenResourcesFiltering - skip non existing resourceDirectory D:\Pranav All study Material\marktetplace\E-commerce\src\test\resources
2026-05-23 11:51:05,702 [Worker-43: Building] INFO  o.a.m.s.f.DefaultMavenResourcesFiltering - Copying 1 resource from src\main\resources to target\classes
2026-05-23 11:51:05,707 [Worker-43: Building] INFO  o.a.m.s.f.DefaultMavenResourcesFiltering - Copying 0 resource from src\main\resources to target\classes
2026-05-23 11:51:05,710 [Worker-43: Building] INFO  o.a.m.s.f.DefaultMavenResourcesFiltering - skip non existing resourceDirectory D:\Pranav All study Material\marktetplace\E-commerce\src\test\resources
2026-05-23 11:51:36,976 [Worker-46: Building] INFO  o.a.m.s.f.DefaultMavenResourcesFiltering - Copying 1 resource from src\main\resources to target\classes
2026-05-23 11:51:36,981 [Worker-46: Building] INFO  o.a.m.s.f.DefaultMavenResourcesFiltering - Copying 0 resource from src\main\resources to target\classes
2026-05-23 11:51:36,985 [Worker-46: Building] INFO  o.a.m.s.f.DefaultMavenResourcesFiltering - skip non existing resourceDirectory D:\Pranav All study Material\marktetplace\E-commerce\src\test\resources
2026-05-23 11:51:48,382 [Worker-39: Building] INFO  o.a.m.s.f.DefaultMavenResourcesFiltering - Copying 1 resource from src\main\resources to target\classes
2026-05-23 11:51:48,392 [Worker-39: Building] INFO  o.a.m.s.f.DefaultMavenResourcesFiltering - Copying 0 resource from src\main\resources to target\classes
2026-05-23 11:51:48,394 [Worker-39: Building] INFO  o.a.m.s.f.DefaultMavenResourcesFiltering - skip non existing resourceDirectory D:\Pranav All study Material\marktetplace\E-commerce\src\test\resources
2026-05-23 11:52:07,613 [Worker-45: Building] INFO  o.a.m.s.f.DefaultMavenResourcesFiltering - Copying 1 resource from src\main\resources to target\classes
2026-05-23 11:52:07,620 [Worker-45: Building] INFO  o.a.m.s.f.DefaultMavenResourcesFiltering - Copying 0 resource from src\main\resources to target\classes
2026-05-23 11:52:07,621 [Worker-45: Building] INFO  o.a.m.s.f.DefaultMavenResourcesFiltering - skip non existing resourceDirectory D:\Pranav All study Material\marktetplace\E-commerce\src\test\resources
2026-05-23 11:52:37,146 [Worker-48: Building] INFO  o.a.m.s.f.DefaultMavenResourcesFiltering - Copying 1 resource from src\main\resources to target\classes
2026-05-23 11:52:37,150 [Worker-48: Building] INFO  o.a.m.s.f.DefaultMavenResourcesFiltering - Copying 0 resource from src\main\resources to target\classes
2026-05-23 11:52:37,152 [Worker-48: Building] INFO  o.a.m.s.f.DefaultMavenResourcesFiltering - skip non existing resourceDirectory D:\Pranav All study Material\marktetplace\E-commerce\src\test\resources
2026-05-23 11:52:57,564 [Worker-46: Building] INFO  o.a.m.s.f.DefaultMavenResourcesFiltering - Copying 1 resource from src\main\resources to target\classes
2026-05-23 11:52:57,569 [Worker-46: Building] INFO  o.a.m.s.f.DefaultMavenResourcesFiltering - Copying 0 resource from src\main\resources to target\classes
2026-05-23 11:52:57,572 [Worker-46: Building] INFO  o.a.m.s.f.DefaultMavenResourcesFiltering - skip non existing resourceDirectory D:\Pranav All study Material\marktetplace\E-commerce\src\test\resources
2026-05-23 11:53:36,026 [Worker-47: Building] INFO  o.a.m.s.f.DefaultMavenResourcesFiltering - Copying 1 resource from src\main\resources to target\classes
2026-05-23 11:53:36,047 [Worker-47: Building] INFO  o.a.m.s.f.DefaultMavenResourcesFiltering - Copying 0 resource from src\main\resources to target\classes
2026-05-23 11:53:36,050 [Worker-47: Building] INFO  o.a.m.s.f.DefaultMavenResourcesFiltering - skip non existing resourceDirectory D:\Pranav All study Material\marktetplace\E-commerce\src\test\resources
2026-05-23 11:54:37,056 [Worker-43: Building] INFO  o.a.m.s.f.DefaultMavenResourcesFiltering - Copying 1 resource from src\main\resources to target\classes
2026-05-23 11:54:37,061 [Worker-43: Building] INFO  o.a.m.s.f.DefaultMavenResourcesFiltering - Copying 0 resource from src\main\resources to target\classes
2026-05-23 11:54:37,063 [Worker-43: Building] INFO  o.a.m.s.f.DefaultMavenResourcesFiltering - skip non existing resourceDirectory D:\Pranav All study Material\marktetplace\E-commerce\src\test\resources
2026-05-23 11:56:07,284 [Worker-49: Building] INFO  o.a.m.s.f.DefaultMavenResourcesFiltering - Copying 1 resource from src\main\resources to target\classes
2026-05-23 11:56:07,290 [Worker-49: Building] INFO  o.a.m.s.f.DefaultMavenResourcesFiltering - Copying 0 resource from src\main\resources to target\classes
2026-05-23 11:56:07,293 [Worker-49: Building] INFO  o.a.m.s.f.DefaultMavenResourcesFiltering - skip non existing resourceDirectory D:\Pranav All study Material\marktetplace\E-commerce\src\test\resources
2026-05-23 11:57:14,757 [Worker-47: Building] INFO  o.a.m.s.f.DefaultMavenResourcesFiltering - Copying 1 resource from src\main\resources to target\classes
2026-05-23 11:57:14,782 [Worker-47: Building] INFO  o.a.m.s.f.DefaultMavenResourcesFiltering - Copying 0 resource from src\main\resources to target\classes
2026-05-23 11:57:14,785 [Worker-47: Building] INFO  o.a.m.s.f.DefaultMavenResourcesFiltering - skip non existing resourceDirectory D:\Pranav All study Material\marktetplace\E-commerce\src\test\resources
2026-05-23 11:57:22,752 [Worker-39: Building] INFO  o.a.m.s.f.DefaultMavenResourcesFiltering - Copying 1 resource from src\main\resources to target\classes
2026-05-23 11:57:22,772 [Worker-39: Building] INFO  o.a.m.s.f.DefaultMavenResourcesFiltering - Copying 0 resource from src\main\resources to target\classes
2026-05-23 11:57:22,774 [Worker-39: Building] INFO  o.a.m.s.f.DefaultMavenResourcesFiltering - skip non existing resourceDirectory D:\Pranav All study Material\marktetplace\E-commerce\src\test\resources
2026-05-23 11:58:10,490 [Worker-46: Building] INFO  o.a.m.s.f.DefaultMavenResourcesFiltering - Copying 1 resource from src\main\resources to target\classes
2026-05-23 11:58:10,494 [Worker-46: Building] INFO  o.a.m.s.f.DefaultMavenResourcesFiltering - Copying 0 resource from src\main\resources to target\classes
2026-05-23 11:58:10,496 [Worker-46: Building] INFO  o.a.m.s.f.DefaultMavenResourcesFiltering - skip non existing resourceDirectory D:\Pranav All study Material\marktetplace\E-commerce\src\test\resources
2026-05-23 11:59:59,979 [Worker-46: Building] INFO  o.a.m.s.f.DefaultMavenResourcesFiltering - Copying 1 resource from src\main\resources to target\classes
2026-05-23 11:59:59,983 [Worker-46: Building] INFO  o.a.m.s.f.DefaultMavenResourcesFiltering - Copying 0 resource from src\main\resources to target\classes
2026-05-23 11:59:59,985 [Worker-46: Building] INFO  o.a.m.s.f.DefaultMavenResourcesFiltering - skip non existing resourceDirectory D:\Pranav All study Material\marktetplace\E-commerce\src\test\resources
2026-05-23 12:00:18,619 [Worker-39: Building] INFO  o.a.m.s.f.DefaultMavenResourcesFiltering - Copying 1 resource from src\main\resources to target\classes
2026-05-23 12:00:18,622 [Worker-39: Building] INFO  o.a.m.s.f.DefaultMavenResourcesFiltering - Copying 0 resource from src\main\resources to target\classes
2026-05-23 12:00:18,624 [Worker-39: Building] INFO  o.a.m.s.f.DefaultMavenResourcesFiltering - skip non existing resourceDirectory D:\Pranav All study Material\marktetplace\E-commerce\src\test\resources
2026-05-23 12:00:37,933 [Worker-46: Building] INFO  o.a.m.s.f.DefaultMavenResourcesFiltering - Copying 1 resource from src\main\resources to target\classes
2026-05-23 12:00:37,938 [Worker-46: Building] INFO  o.a.m.s.f.DefaultMavenResourcesFiltering - Copying 0 resource from src\main\resources to target\classes
2026-05-23 12:00:37,939 [Worker-46: Building] INFO  o.a.m.s.f.DefaultMavenResourcesFiltering - skip non existing resourceDirectory D:\Pranav All study Material\marktetplace\E-commerce\src\test\resources
2026-05-23 12:00:55,179 [Worker-48: Building] INFO  o.a.m.s.f.DefaultMavenResourcesFiltering - Copying 1 resource from src\main\resources to target\classes
2026-05-23 12:00:55,184 [Worker-48: Building] INFO  o.a.m.s.f.DefaultMavenResourcesFiltering - Copying 0 resource from src\main\resources to target\classes
2026-05-23 12:00:55,186 [Worker-48: Building] INFO  o.a.m.s.f.DefaultMavenResourcesFiltering - skip non existing resourceDirectory D:\Pranav All study Material\marktetplace\E-commerce\src\test\resources
2026-05-23 12:01:43,818 [Worker-45: Building] INFO  o.a.m.s.f.DefaultMavenResourcesFiltering - Copying 1 resource from src\main\resources to target\classes
2026-05-23 12:01:43,822 [Worker-45: Building] INFO  o.a.m.s.f.DefaultMavenResourcesFiltering - Copying 0 resource from src\main\resources to target\classes
2026-05-23 12:01:43,825 [Worker-45: Building] INFO  o.a.m.s.f.DefaultMavenResourcesFiltering - skip non existing resourceDirectory D:\Pranav All study Material\marktetplace\E-commerce\src\test\resources
2026-05-23 12:02:03,856 [Worker-46: Building] INFO  o.a.m.s.f.DefaultMavenResourcesFiltering - Copying 1 resource from src\main\resources to target\classes
2026-05-23 12:02:03,860 [Worker-46: Building] INFO  o.a.m.s.f.DefaultMavenResourcesFiltering - Copying 0 resource from src\main\resources to target\classes
2026-05-23 12:02:03,862 [Worker-46: Building] INFO  o.a.m.s.f.DefaultMavenResourcesFiltering - skip non existing resourceDirectory D:\Pranav All study Material\marktetplace\E-commerce\src\test\resources
2026-05-23 12:40:30,309 [Worker-58: Building] INFO  o.a.m.s.f.DefaultMavenResourcesFiltering - Copying 1 resource from src\main\resources to target\classes
2026-05-23 12:40:30,325 [Worker-58: Building] INFO  o.a.m.s.f.DefaultMavenResourcesFiltering - Copying 0 resource from src\main\resources to target\classes
2026-05-23 12:40:30,329 [Worker-58: Building] INFO  o.a.m.s.f.DefaultMavenResourcesFiltering - skip non existing resourceDirectory D:\Pranav All study Material\marktetplace\E-commerce\src\test\resources
2026-05-23 12:40:36,184 [Worker-55: Building] INFO  o.a.m.s.f.DefaultMavenResourcesFiltering - Copying 1 resource from src\main\resources to target\classes
2026-05-23 12:40:36,199 [Worker-55: Building] INFO  o.a.m.s.f.DefaultMavenResourcesFiltering - Copying 0 resource from src\main\resources to target\classes
2026-05-23 12:40:36,206 [Worker-55: Building] INFO  o.a.m.s.f.DefaultMavenResourcesFiltering - skip non existing resourceDirectory D:\Pranav All study Material\marktetplace\E-commerce\src\test\resources
2026-05-23 12:40:44,299 [Worker-53: Building] INFO  o.a.m.s.f.DefaultMavenResourcesFiltering - Copying 1 resource from src\main\resources to target\classes
2026-05-23 12:40:44,315 [Worker-53: Building] INFO  o.a.m.s.f.DefaultMavenResourcesFiltering - Copying 0 resource from src\main\resources to target\classes
2026-05-23 12:40:44,318 [Worker-53: Building] INFO  o.a.m.s.f.DefaultMavenResourcesFiltering - skip non existing resourceDirectory D:\Pranav All study Material\marktetplace\E-commerce\src\test\resources
2026-05-23 12:40:54,692 [Worker-59: Building] INFO  o.a.m.s.f.DefaultMavenResourcesFiltering - Copying 1 resource from src\main\resources to target\classes
2026-05-23 12:40:54,701 [Worker-59: Building] INFO  o.a.m.s.f.DefaultMavenResourcesFiltering - Copying 0 resource from src\main\resources to target\classes
2026-05-23 12:40:54,706 [Worker-59: Building] INFO  o.a.m.s.f.DefaultMavenResourcesFiltering - skip non existing resourceDirectory D:\Pranav All study Material\marktetplace\E-commerce\src\test\resources
2026-05-23 12:41:00,584 [Worker-55: Building] INFO  o.a.m.s.f.DefaultMavenResourcesFiltering - Copying 1 resource from src\main\resources to target\classes
2026-05-23 12:41:00,594 [Worker-55: Building] INFO  o.a.m.s.f.DefaultMavenResourcesFiltering - Copying 0 resource from src\main\resources to target\classes
2026-05-23 12:41:00,600 [Worker-55: Building] INFO  o.a.m.s.f.DefaultMavenResourcesFiltering - skip non existing resourceDirectory D:\Pranav All study Material\marktetplace\E-commerce\src\test\resources
2026-05-23 12:41:08,389 [Worker-55: Building] INFO  o.a.m.s.f.DefaultMavenResourcesFiltering - Copying 1 resource from src\main\resources to target\classes
2026-05-23 12:41:08,732 [Worker-55: Building] INFO  o.a.m.s.f.DefaultMavenResourcesFiltering - Copying 0 resource from src\main\resources to target\classes
2026-05-23 12:41:08,739 [Worker-55: Building] INFO  o.a.m.s.f.DefaultMavenResourcesFiltering - skip non existing resourceDirectory D:\Pranav All study Material\marktetplace\E-commerce\src\test\resources
2026-05-23 12:41:13,513 [Worker-58: Building] INFO  o.a.m.s.f.DefaultMavenResourcesFiltering - Copying 1 resource from src\main\resources to target\classes
2026-05-23 12:41:13,554 [Worker-58: Building] INFO  o.a.m.s.f.DefaultMavenResourcesFiltering - Copying 0 resource from src\main\resources to target\classes
2026-05-23 12:41:13,557 [Worker-58: Building] INFO  o.a.m.s.f.DefaultMavenResourcesFiltering - skip non existing resourceDirectory D:\Pranav All study Material\marktetplace\E-commerce\src\test\resources
2026-05-23 12:41:25,551 [Worker-53: Building] INFO  o.a.m.s.f.DefaultMavenResourcesFiltering - Copying 1 resource from src\main\resources to target\classes
2026-05-23 12:41:25,583 [Worker-53: Building] INFO  o.a.m.s.f.DefaultMavenResourcesFiltering - Copying 0 resource from src\main\resources to target\classes
2026-05-23 12:41:25,586 [Worker-53: Building] INFO  o.a.m.s.f.DefaultMavenResourcesFiltering - skip non existing resourceDirectory D:\Pranav All study Material\marktetplace\E-commerce\src\test\resources
2026-05-23 12:41:39,945 [Worker-58: Building] INFO  o.a.m.s.f.DefaultMavenResourcesFiltering - Copying 1 resource from src\main\resources to target\classes
2026-05-23 12:41:39,959 [Worker-58: Building] INFO  o.a.m.s.f.DefaultMavenResourcesFiltering - Copying 0 resource from src\main\resources to target\classes
2026-05-23 12:41:39,964 [Worker-58: Building] INFO  o.a.m.s.f.DefaultMavenResourcesFiltering - skip non existing resourceDirectory D:\Pranav All study Material\marktetplace\E-commerce\src\test\resources
2026-05-23 12:43:42,049 [Worker-53: Building] INFO  o.a.m.s.f.DefaultMavenResourcesFiltering - Copying 1 resource from src\main\resources to target\classes
2026-05-23 12:43:42,056 [Worker-53: Building] INFO  o.a.m.s.f.DefaultMavenResourcesFiltering - Copying 0 resource from src\main\resources to target\classes
2026-05-23 12:43:42,059 [Worker-53: Building] INFO  o.a.m.s.f.DefaultMavenResourcesFiltering - skip non existing resourceDirectory D:\Pranav All study Material\marktetplace\E-commerce\src\test\resources
2026-05-23 12:43:52,262 [Worker-59: Building] INFO  o.a.m.s.f.DefaultMavenResourcesFiltering - Copying 1 resource from src\main\resources to target\classes
2026-05-23 12:43:52,298 [Worker-59: Building] INFO  o.a.m.s.f.DefaultMavenResourcesFiltering - Copying 0 resource from src\main\resources to target\classes
2026-05-23 12:43:52,304 [Worker-59: Building] INFO  o.a.m.s.f.DefaultMavenResourcesFiltering - skip non existing resourceDirectory D:\Pranav All study Material\marktetplace\E-commerce\src\test\resources
2026-05-23 12:44:07,669 [Worker-61: Building] INFO  o.a.m.s.f.DefaultMavenResourcesFiltering - Copying 1 resource from src\main\resources to target\classes
2026-05-23 12:44:07,676 [Worker-61: Building] INFO  o.a.m.s.f.DefaultMavenResourcesFiltering - Copying 0 resource from src\main\resources to target\classes
2026-05-23 12:44:07,678 [Worker-61: Building] INFO  o.a.m.s.f.DefaultMavenResourcesFiltering - skip non existing resourceDirectory D:\Pranav All study Material\marktetplace\E-commerce\src\test\resources
2026-05-23 12:46:03,539 [Worker-53: Building] INFO  o.a.m.s.f.DefaultMavenResourcesFiltering - Copying 1 resource from src\main\resources to target\classes
2026-05-23 12:46:03,544 [Worker-53: Building] INFO  o.a.m.s.f.DefaultMavenResourcesFiltering - Copying 0 resource from src\main\resources to target\classes
2026-05-23 12:46:03,547 [Worker-53: Building] INFO  o.a.m.s.f.DefaultMavenResourcesFiltering - skip non existing resourceDirectory D:\Pranav All study Material\marktetplace\E-commerce\src\test\resources
2026-05-23 12:52:04,475 [Worker-7: Loading available Gradle versions] INFO  o.e.b.c.i.u.g.PublishedGradleVersions - Gradle version information cache is up-to-date. Trying to read.
2026-05-23 12:53:40,139 [Worker-22: Building] INFO  o.a.m.s.f.DefaultMavenResourcesFiltering - Copying 1 resource from src\main\resources to target\classes
2026-05-23 12:53:40,150 [Worker-22: Building] INFO  o.a.m.s.f.DefaultMavenResourcesFiltering - Copying 0 resource from src\main\resources to target\classes
2026-05-23 12:53:40,155 [Worker-22: Building] INFO  o.a.m.s.f.DefaultMavenResourcesFiltering - skip non existing resourceDirectory D:\Pranav All study Material\marktetplace\E-commerce\src\test\resources
2026-05-23 12:56:12,942 [Worker-2: Building] INFO  o.a.m.s.f.DefaultMavenResourcesFiltering - Copying 1 resource from src\main\resources to target\classes
2026-05-23 12:56:12,948 [Worker-2: Building] INFO  o.a.m.s.f.DefaultMavenResourcesFiltering - Copying 0 resource from src\main\resources to target\classes
2026-05-23 12:56:12,952 [Worker-2: Building] INFO  o.a.m.s.f.DefaultMavenResourcesFiltering - skip non existing resourceDirectory D:\Pranav All study Material\marktetplace\E-commerce\src\test\resources
2026-05-23 12:56:30,080 [Worker-24: Building] INFO  o.a.m.s.f.DefaultMavenResourcesFiltering - Copying 1 resource from src\main\resources to target\classes
2026-05-23 12:56:30,088 [Worker-24: Building] INFO  o.a.m.s.f.DefaultMavenResourcesFiltering - Copying 0 resource from src\main\resources to target\classes
2026-05-23 12:56:30,092 [Worker-24: Building] INFO  o.a.m.s.f.DefaultMavenResourcesFiltering - skip non existing resourceDirectory D:\Pranav All study Material\marktetplace\E-commerce\src\test\resources
2026-05-23 12:56:35,838 [Worker-7: Building] INFO  o.a.m.s.f.DefaultMavenResourcesFiltering - Copying 1 resource from src\main\resources to target\classes
2026-05-23 12:56:35,844 [Worker-7: Building] INFO  o.a.m.s.f.DefaultMavenResourcesFiltering - Copying 0 resource from src\main\resources to target\classes
2026-05-23 12:56:35,849 [Worker-7: Building] INFO  o.a.m.s.f.DefaultMavenResourcesFiltering - skip non existing resourceDirectory D:\Pranav All study Material\marktetplace\E-commerce\src\test\resources
2026-05-23 12:58:04,124 [Worker-6: Loading available Gradle versions] INFO  o.e.b.c.i.u.g.PublishedGradleVersions - Gradle version information cache is up-to-date. Trying to read.
2026-05-23 13:00:16,137 [Worker-14: Building] INFO  o.a.m.s.f.DefaultMavenResourcesFiltering - Copying 1 resource from src\main\resources to target\classes
2026-05-23 13:00:16,159 [Worker-14: Building] INFO  o.a.m.s.f.DefaultMavenResourcesFiltering - Copying 0 resource from src\main\resources to target\classes
2026-05-23 13:00:16,169 [Worker-14: Building] INFO  o.a.m.s.f.DefaultMavenResourcesFiltering - skip non existing resourceDirectory D:\Pranav All study Material\marktetplace\E-commerce\src\test\resources
2026-05-23 13:00:31,580 [Worker-14: Building] INFO  o.a.m.s.f.DefaultMavenResourcesFiltering - Copying 1 resource from src\main\resources to target\classes
2026-05-23 13:00:31,588 [Worker-14: Building] INFO  o.a.m.s.f.DefaultMavenResourcesFiltering - Copying 0 resource from src\main\resources to target\classes
2026-05-23 13:00:31,591 [Worker-14: Building] INFO  o.a.m.s.f.DefaultMavenResourcesFiltering - skip non existing resourceDirectory D:\Pranav All study Material\marktetplace\E-commerce\src\test\resources
2026-05-23 13:00:41,350 [Worker-5: Building] INFO  o.a.m.s.f.DefaultMavenResourcesFiltering - Copying 1 resource from src\main\resources to target\classes
2026-05-23 13:00:41,354 [Worker-5: Building] INFO  o.a.m.s.f.DefaultMavenResourcesFiltering - Copying 0 resource from src\main\resources to target\classes
2026-05-23 13:00:41,356 [Worker-5: Building] INFO  o.a.m.s.f.DefaultMavenResourcesFiltering - skip non existing resourceDirectory D:\Pranav All study Material\marktetplace\E-commerce\src\test\resources
2026-05-23 13:01:19,453 [Worker-14: Building] INFO  o.a.m.s.f.DefaultMavenResourcesFiltering - Copying 1 resource from src\main\resources to target\classes
2026-05-23 13:01:19,458 [Worker-14: Building] INFO  o.a.m.s.f.DefaultMavenResourcesFiltering - Copying 0 resource from src\main\resources to target\classes
2026-05-23 13:01:19,462 [Worker-14: Building] INFO  o.a.m.s.f.DefaultMavenResourcesFiltering - skip non existing resourceDirectory D:\Pranav All study Material\marktetplace\E-commerce\src\test\resources
2026-05-23 13:02:09,322 [Worker-5: Building] INFO  o.a.m.s.f.DefaultMavenResourcesFiltering - Copying 1 resource from src\main\resources to target\classes
2026-05-23 13:02:09,327 [Worker-5: Building] INFO  o.a.m.s.f.DefaultMavenResourcesFiltering - Copying 0 resource from src\main\resources to target\classes
2026-05-23 13:02:09,331 [Worker-5: Building] INFO  o.a.m.s.f.DefaultMavenResourcesFiltering - skip non existing resourceDirectory D:\Pranav All study Material\marktetplace\E-commerce\src\test\resources
2026-05-23 13:02:16,117 [Worker-5: Building] INFO  o.a.m.s.f.DefaultMavenResourcesFiltering - Copying 1 resource from src\main\resources to target\classes
2026-05-23 13:02:16,120 [Worker-5: Building] INFO  o.a.m.s.f.DefaultMavenResourcesFiltering - Copying 0 resource from src\main\resources to target\classes
2026-05-23 13:02:16,122 [Worker-5: Building] INFO  o.a.m.s.f.DefaultMavenResourcesFiltering - skip non existing resourceDirectory D:\Pranav All study Material\marktetplace\E-commerce\src\test\resources
2026-05-23 13:02:20,804 [Worker-31: Building] INFO  o.a.m.s.f.DefaultMavenResourcesFiltering - Copying 1 resource from src\main\resources to target\classes
2026-05-23 13:02:20,808 [Worker-31: Building] INFO  o.a.m.s.f.DefaultMavenResourcesFiltering - Copying 0 resource from src\main\resources to target\classes
2026-05-23 13:02:20,810 [Worker-31: Building] INFO  o.a.m.s.f.DefaultMavenResourcesFiltering - skip non existing resourceDirectory D:\Pranav All study Material\marktetplace\E-commerce\src\test\resources
2026-06-02 13:12:04,063 [Worker-4: Loading available Gradle versions] INFO  o.e.b.c.i.u.g.PublishedGradleVersions - Gradle version information cache is out-of-date. Trying to update.
2026-06-02 16:16:35,668 [Worker-6: Loading available Gradle versions] INFO  o.e.b.c.i.u.g.PublishedGradleVersions - Gradle version information cache is up-to-date. Trying to read.
